sample_id,traffic_type,profile_id,seed,duration_seconds,include_ike,packet_count,data_packets,cipher_family,mode,ip_version,tfc_padding,nat_traversal,traffic_parameters,packet_count,byte_count,duration,mean_iat,iat_cv,small_packet_ratio,mtu_packet_ratio,inbound_outbound_byte_ratio,packets_per_second,bytes_per_second,chunk_burst_periodicity,mos_score_estimate,direction_asymmetry,mean_packet_length,packet_length_std,packet_length_cv,uplink_packet_ratio,idle_gap_ratio,max_gap_seconds,length_entropy_bits,burst_count,median_iat
FLOW-VOIP-0001,VOIP,PROFILE-01-TUNNEL-AES256GCM-PFS-IPV4,8342388,31.2,False,3122.0,3122,AES-GCM,TUNNEL,4,False,False,"{""codec"": ""G.711"", ""jitter_ms"": 0.22, ""vad"": false}",3122.0,842940.0,31.20013999938965,0.009996840755972332,0.9877509608371611,1.0,0.0,1.0,100.06365356248638,27017.186461871326,0.0,4.382160482409459,0.0,270.0,0.0,0.0,0.5,0.0,0.020486116409301758,-0.0,1.0,0.0007050037384033203
FLOW-VOIP-0002,VOIP,PROFILE-02-TRANSPORT-AES128CBC-PFS-IPV4,2501498,43.7,True,4370.0,4370,AES-CBC,TRANSPORT,4,False,False,"{""codec"": ""OPUS"", ""jitter_ms"": 0.49, ""vad"": false}",4370.0,781780.0,43.68090796470642,0.009997918966515546,0.9726639846867985,1.0,0.0,0.99689398157845,100.04370796346313,17897.521741802335,0.0,4.38251458662677,0.0015554247998157843,178.8970251716247,21.151148657899657,0.11823085731922217,0.5,0.0,0.02077007293701172,0.8647572655747071,1.0,0.0019240379333496094
FLOW-VOIP-0003,VOIP,PROFILE-03-TUNNEL-AES128GCM-NOPFS-IPV4,3066892,55.4,True,5540.0,5540,AES-GCM,TUNNEL,4,False,False,"{""codec"": ""OPUS"", ""jitter_ms"": 0.31, ""vad"": false}",5540.0,1020020.0,55.380255937576294,0.009998240826426483,0.9831477858221302,1.0,0.0,0.9973604029106061,100.03565180783195,18418.477537369086,0.0,4.382265513389423,0.0013215427148487494,184.1191335740072,20.597717145253608,0.11187168191281052,0.5,0.0,0.02056097984313965,0.961874112000877,1.0,0.0011799335479736328
FLOW-VOIP-0004,VOIP,PROFILE-04-TRANSPORT-AES256CBC-PFS-IPV6,2521208,26.8,True,1508.0,1508,AES-CBC,TRANSPORT,6,False,False,"{""codec"": ""G.711"", ""jitter_ms"": 0.59, ""vad"": true}",1508.0,440760.0,26.800103187561035,0.017783744650007323,0.3472870117862978,0.11074270557029178,0.0,0.6046892634798121,56.268440067048736,16446.205334185943,0.0,0.0,0.24634721844087484,292.2811671087533,50.21012072851008,0.17178705431208185,0.6080901856763926,0.0,0.021625995635986328,0.5021521259231296,1.0,0.019999980926513672
FLOW-VOIP-0005,VOIP,PROFILE-05-TUNNEL-3DESCBC-NOPFS-IPV4,3836374,55.2,True,3104.0,3104,3DES,TUNNEL,4,False,False,"{""codec"": ""G.729"", ""jitter_ms"": 0.87, ""vad"": true}",3104.0,385600.0,55.17946696281433,0.017782619066327533,0.34614267463345144,1.0,0.0,0.9558910057418792,56.25280871400585,6988.106649523407,0.0,4.386907553180128,0.02255186721991699,124.22680412371135,5.022639784508896,0.04043120822384754,0.5109536082474226,0.0,0.022804975509643555,-0.0,1.0,0.019999980926513672
FLOW-VOIP-0006,VOIP,PROFILE-06-TUNNEL-AES256GCM-PFS-IPV6,9234724,53.0,True,5300.0,5300,AES-GCM,TUNNEL,6,False,False,"{""codec"": ""OPUS"", ""jitter_ms"": 0.74, ""vad"": false}",5300.0,1188288.0,52.980000019073486,0.009998112855080862,0.9595924279070013,1.0,0.0,0.999959606567972,100.03775005836034,22428.992064405455,0.0,4.382823156270782,2.0197123929574502e-05,224.20528301886793,20.505980039313712,0.09146073528333423,0.5,0.0,0.021430015563964844,0.5553712212872451,1.0,0.002474069595336914
FLOW-VOIP-0007,VOIP,PROFILE-09-TUNNEL-NATT-CHACHA-IPV4,4055273,36.7,False,2064.0,2064,CHACHA20,TUNNEL,4,False,True,"{""codec"": ""G.711"", ""jitter_ms"": 0.33, ""vad"": true}",2064.0,537152.0,36.67999577522278,0.01777993008978322,0.34989605232777876,1.0,0.0,1.1368978000556949,56.27045359133398,14644.276495878019,0.0,4.3867555701724,0.06406380316930778,260.2480620155039,50.25115695498012,0.19308945690433799,0.47238372093023256,0.0,0.021039962768554688,0.5027736480783871,1.0,0.019999980926513672
FLOW-VOIP-0008,VOIP,PROFILE-01-TUNNEL-AES256GCM-PFS-IPV4,5191065,21.9,True,2192.0,2192,AES-GCM,TUNNEL,4,False,False,"{""codec"": ""G.711"", ""jitter_ms"": 0.67, ""vad"": false}",2192.0,591840.0,21.900892972946167,0.009995843438131523,0.9635818860872843,1.0,0.0,1.0,100.08724314153508,27023.55564821447,0.0,4.382735191070658,0.0,270.0,0.0,0.0,0.5,0.0,0.020961999893188477,-0.0,1.0,0.001984834671020508
FLOW-VOIP-0009,VOIP,PROFILE-02-TRANSPORT-AES128CBC-PFS-IPV4,2605158,14.0,True,1402.0,1402,AES-CBC,TRANSPORT,4,False,False,"{""codec"": ""OPUS"", ""jitter_ms"": 0.56, ""vad"": false}",1402.0,248900.0,14.0,0.009992862241256246,0.9708055871409901,1.0,0.0,0.9969191765215577,100.14285714285714,17778.571428571428,0.0,4.382572779359039,0.0015427882683808946,177.5320970042796,20.64987410949753,0.11631628566297927,0.5,0.0,0.02065300941467285,0.8240218917326538,1.0,0.0016279220581054688
FLOW-VOIP-0010,VOIP,PROFILE-03-TUNNEL-AES128GCM-NOPFS-IPV4,9827232,37.4,True,3740.0,3740,AES-GCM,TUNNEL,4,False,False,"{""codec"": ""G.711"", ""jitter_ms"": 0.42, ""vad"": false}",3740.0,1009800.0,37.38049912452698,0.0099974589795472,0.976038322311136,1.0,0.0,1.0,100.05216857968658,27014.085516515377,0.0,4.382436038020596,0.0,270.0,0.0,0.0,0.5,0.0,0.020601987838745117,-0.0,1.0,0.0012791156768798828
FLOW-VOIP-0011,VOIP,PROFILE-04-TRANSPORT-AES256CBC-PFS-IPV6,8324029,17.6,True,990.0,990,AES-CBC,TRANSPORT,6,False,False,"{""codec"": ""G.729"", ""jitter_ms"": 0.36, ""vad"": true}",990.0,162596.0,17.600185871124268,0.01779594122459481,0.3477394291688706,1.0,0.0,0.6894846217788861,56.24940595793609,9238.311526400583,0.0,4.386823823197109,0.18379295923638955,164.23838383838384,5.0082499024101015,0.030493784615771607,0.5898989898989899,0.0,0.020919084548950195,-0.0,1.0,0.019999980926513672
FLOW-VOIP-0012,VOIP,PROFILE-05-TUNNEL-3DESCBC-NOPFS-IPV4,7389867,49.4,True,2778.0,2778,3DES,TUNNEL,4,False,False,"{""codec"": ""G.711"", ""jitter_ms"": 0.59, ""vad"": true}",2778.0,700780.0,49.38096213340759,0.01778212536312841,0.3475855101522333,1.0,0.0,0.9276028056663458,56.256498050705375,14191.29902950803,0.0,4.3868484218718375,0.037558149490567634,252.26061915046796,50.23559796598699,0.1991416580802989,0.5158387329013678,0.0,0.021715879440307617,0.5025379714832037,1.0,0.019999980926513672
FLOW-VOIP-0013,VOIP,PROFILE-06-TUNNEL-AES256GCM-PFS-IPV6,4624578,36.0,True,3600.0,3600,AES-GCM,TUNNEL,6,False,False,"{""codec"": ""G.711"", ""jitter_ms"": 0.53, ""vad"": false}",3600.0,1116000.0,35.97954487800598,0.009997094992499579,0.9715372619631945,0.0,0.0,1.0,100.0568520865491,31017.62414683022,0.0,0.0,0.0,310.0,0.0,0.0,0.5,0.0,0.021202802658081055,-0.0,1.0,0.0017361640930175781
FLOW-VOIP-0014,VOIP,PROFILE-09-TUNNEL-NATT-CHACHA-IPV4,3489839,59.6,False,3352.0,3352,CHACHA20,TUNNEL,4,False,True,"{""codec"": ""G.729"", ""jitter_ms"": 0.54, ""vad"": true}",3352.0,455136.0,59.57976293563843,0.01777969648929825,0.34860484829542143,1.0,0.0,0.8888602993052731,56.260713954518884,7639.103910025032,0.0,4.386809388685256,0.058839555649300435,135.78042959427208,6.282110738324545,0.04626668774797835,0.5283412887828163,0.0,0.02178502082824707,0.5028604338563418,1.0,0.019999980926513672
FLOW-VOIP-0015,VOIP,PROFILE-01-TUNNEL-AES256GCM-PFS-IPV4,8455658,21.6,True,1215.0,1215,AES-GCM,TUNNEL,4,False,False,"{""codec"": ""G.711"", ""jitter_ms"": 0.68, ""vad"": true}",1215.0,306610.0,21.600000143051147,0.0177924218641278,0.3448185801629591,1.0,0.0,0.5883236634894322,56.24999962747097,14194.907313398251,0.0,4.386949548405923,0.259189198003979,252.35390946502056,50.11975632849745,0.19860899494186232,0.6123456790123457,0.0,0.021960973739624023,0.50078424072977,1.0,0.019999980926513672
FLOW-VOIP-0016,VOIP,PROFILE-02-TRANSPORT-AES128CBC-PFS-IPV4,9781369,55.8,False,3138.0,3138,AES-CBC,TRANSPORT,4,False,False,"{""codec"": ""G.729"", ""jitter_ms"": 0.63, ""vad"": true}",3138.0,377268.0,55.77908205986023,0.017781027115033543,0.347108065434535,1.0,0.0,1.1099527974765666,56.257648640262744,6763.610767117478,0.0,4.386869651662449,0.05211149633682162,120.22562141491396,5.024105691380772,0.041788976694426404,0.4748247291268324,0.0,0.022166967391967773,-0.0,1.0,0.019999980926513672
FLOW-VOIP-0017,VOIP,PROFILE-03-TUNNEL-AES128GCM-NOPFS-IPV4,9437460,8.1,False,812.0,812,AES-GCM,TUNNEL,4,False,False,"{""codec"": ""G.729"", ""jitter_ms"": 0.25, ""vad"": false}",812.0,105560.0,8.100090026855469,0.00998778055099318,0.988338672330129,1.0,0.0,1.0,100.24579940566736,13031.953922736755,0.0,4.382172462256857,0.0,130.0,0.0,0.0,0.5,0.0,0.020299911499023438,-0.0,1.0,0.0007021427154541016
FLOW-VOIP-0018,VOIP,PROFILE-04-TRANSPORT-AES256CBC-PFS-IPV6,5351284,20.8,True,1170.0,1170,AES-CBC,TRANSPORT,6,False,False,"{""codec"": ""OPUS"", ""jitter_ms"": 0.27, ""vad"": true}",1170.0,250940.0,20.799911975860596,0.0177929101589911,0.3497103462868887,1.0,0.0,1.0067815044063784,56.25023804705747,12064.474132930429,0.0,4.386746083941823,0.003379293855104765,214.47863247863248,30.10437634386346,0.14036072496341853,0.5,0.0,0.020735979080200195,0.8478207726177251,1.0,0.019999980926513672
FLOW-VOIP-0019,VOIP,PROFILE-05-TUNNEL-3DESCBC-NOPFS-IPV4,8855371,40.2,True,2261.0,2261,3DES,TUNNEL,4,False,False,"{""codec"": ""G.729"", ""jitter_ms"": 0.67, ""vad"": true}",2261.0,280870.0,40.17999982833862,0.01777876098599054,0.3473010714711714,1.0,0.0,1.1496249808663708,56.271777243894746,6990.293708311683,0.0,4.386864641026737,0.06960515540997617,124.22379478107032,5.026368323463993,0.04046220236889696,0.46616541353383456,0.0,0.02235102653503418,-0.0,1.0,0.019999980926513672
FLOW-VOIP-0020,VOIP,PROFILE-06-TUNNEL-AES256GCM-PFS-IPV6,1126362,37.9,True,3790.0,3790,AES-GCM,TUNNEL,6,False,False,"{""codec"": ""G.729"", ""jitter_ms"": 1.15, ""vad"": false}",3790.0,644300.0,37.88039302825928,0.0099974645099655,0.9378117159224735,1.0,0.0,1.0,100.05176021200755,17008.799236041286,0.0,4.383339251111121,0.0,170.0,0.0,0.0,0.5,0.0,0.0222470760345459,-0.0,1.0,0.0036809444427490234
FLOW-VOIP-0021,VOIP,PROFILE-09-TUNNEL-NATT-CHACHA-IPV4,9723698,34.9,False,1964.0,1964,CHACHA20,TUNNEL,4,False,True,"{""codec"": ""OPUS"", ""jitter_ms"": 0.27, ""vad"": true}",1964.0,361980.0,34.900213956832886,0.01777901882671059,0.35058091822076143,1.0,0.0,0.9095800801856931,56.274726637183875,10371.85618540113,0.0,4.386728392108361,0.047350682358141355,184.30753564154787,30.40304820840803,0.16495824819413604,0.5224032586558045,0.0,0.020846128463745117,1.3918526774244995,1.0,0.019999980926513672
FLOW-VOIP-0022,VOIP,PROFILE-01-TUNNEL-AES256GCM-PFS-IPV4,9101567,16.9,True,1692.0,1692,AES-GCM,TUNNEL,4,False,False,"{""codec"": ""OPUS"", ""jitter_ms"": 0.78, ""vad"": false}",1692.0,312544.0,16.8998601436615,0.009994003633152868,0.9583219778085761,1.0,0.0,0.9908275580921321,100.11917173377351,18493.88085718706,0.0,4.382864609203931,0.004607351284939084,184.71867612293144,20.640427317643418,0.11173979670527243,0.5,0.0,0.021097898483276367,0.9720461615334963,1.0,0.00261688232421875
FLOW-VOIP-0023,VOIP,PROFILE-02-TRANSPORT-AES128CBC-PFS-IPV4,4090957,37.7,True,2120.0,2120,AES-CBC,TRANSPORT,4,False,False,"{""codec"": ""OPUS"", ""jitter_ms"": 0.97, ""vad"": true}",2120.0,361872.0,37.67967700958252,0.01778182020272889,0.345053672537909,1.0,0.0,1.0475285171102662,56.26375192815086,9603.903980067833,0.0,4.386953714220672,0.023212627669452188,170.6943396226415,30.318077396442877,0.1776161849506425,0.49056603773584906,0.0,0.02328205108642578,1.2726602587707552,1.0,0.019999980926513672
FLOW-VOIP-0024,VOIP,PROFILE-03-TUNNEL-AES128GCM-NOPFS-IPV4,1426118,23.3,False,2332.0,2332,AES-GCM,TUNNEL,4,False,False,"{""codec"": ""G.711"", ""jitter_ms"": 1.14, ""vad"": false}",2332.0,629640.0,23.302118062973022,0.009996618645634073,0.9419965630641756,1.0,0.0,1.0,100.07673953491546,27020.719674427175,0.0,4.383242826457167,0.0,270.0,0.0,0.0,0.5,0.0,0.022706985473632812,-0.0,1.0,0.003659963607788086
FLOW-VOIP-0025,VOIP,PROFILE-04-TRANSPORT-AES256CBC-PFS-IPV6,6580047,35.1,False,3512.0,3512,AES-CBC,TRANSPORT,6,False,False,"{""codec"": ""G.711"", ""jitter_ms"": 0.88, ""vad"": false}",3512.0,1088720.0,35.10024404525757,0.009997221317361882,0.9515530448282445,0.0,0.0,1.0,100.05628438000875,31017.44815780271,0.0,0.0,0.0,310.0,0.0,0.0,0.5,0.0,0.021556854248046875,-0.0,1.0,0.0027081966400146484
FLOW-VOIP-0026,VOIP,PROFILE-05-TUNNEL-3DESCBC-NOPFS-IPV4,8716658,21.2,True,1193.0,1193,3DES,TUNNEL,4,False,False,"{""codec"": ""G.711"", ""jitter_ms"": 0.41, ""vad"": true}",1193.0,300990.0,21.200139045715332,0.017785351548418902,0.3490495501939126,1.0,0.0,0.7956687746092351,56.27321582313452,14197.548391119246,0.0,4.386783484316986,0.11379115585235393,252.2967309304275,50.19080907279683,0.19893562983436866,0.548197820620285,0.0,0.021223068237304688,0.5018597107079009,1.0,0.019999980926513672
FLOW-VOIP-0027,VOIP,PROFILE-06-TUNNEL-AES256GCM-PFS-IPV6,7201429,34.8,True,1958.0,1958,AES-GCM,TUNNEL,6,False,False,"{""codec"": ""OPUS"", ""jitter_ms"": 0.48, ""vad"": true}",1958.0,422616.0,34.79951095581055,0.017782069982529663,0.3483349697572068,1.0,0.0,0.727883035006092,56.26515851002408,12144.308594929691,0.0,4.386817437826544,0.15748575539023602,215.84065372829417,30.405955110998562,0.14087223414952388,0.5735444330949949,0.0,0.021442174911499023,0.9106122332910985,1.0,0.019999980926513672
FLOW-VOIP-0028,VOIP,PROFILE-09-TUNNEL-NATT-CHACHA-IPV4,6042449,5.6,True,562.0,562,CHACHA20,TUNNEL,4,False,True,"{""codec"": ""G.711"", ""jitter_ms"": 0.99, ""vad"": false}",562.0,156236.0,5.60063910484314,0.009983313912376363,0.9437375055217487,1.0,0.0,1.0,100.3456908183946,27896.1020475137,0.0,4.383238236437764,0.0,278.0,0.0,0.0,0.5,0.0,0.021569013595581055,-0.0,1.0,0.0031669139862060547
FLOW-VOIP-0029,VOIP,PROFILE-01-TUNNEL-AES256GCM-PFS-IPV4,1897981,33.3,True,1874.0,1874,AES-GCM,TUNNEL,4,False,False,"{""codec"": ""G.711"", ""jitter_ms"": 0.84, ""vad"": true}",1874.0,472700.0,33.30036783218384,0.01777916061515421,0.34744973978854554,1.0,0.0,0.9505653214492036,56.27565465474629,14195.038396637445,0.0,4.386857955384394,0.025343769832874983,252.24119530416223,50.259661828440166,0.1992523932018127,0.5112059765208111,0.0,0.022396087646484375,0.5029024867561188,1.0,0.019999980926513672
FLOW-VOIP-0030,VOIP,PROFILE-02-TRANSPORT-AES128CBC-PFS-IPV4,5224492,26.5,False,1491.0,1491,AES-CBC,TRANSPORT,4,False,False,"{""codec"": ""G.729"", ""jitter_ms"": 0.87, ""vad"": true}",1491.0,179262.0,26.49956488609314,0.017784942876572576,0.3456397886357993,1.0,0.0,0.9010965703013978,56.26507478175502,6764.714846094546,0.0,4.386925334346721,0.05202441119701887,120.22937625754527,5.0194493166015475,0.041748942503446955,0.5251509054325956,0.0,0.022520065307617188,-0.0,1.0,0.019999980926513672
FLOW-VOIP-0031,VOIP,PROFILE-03-TUNNEL-AES128GCM-NOPFS-IPV4,820352,8.0,False,450.0,450,AES-GCM,TUNNEL,4,False,False,"{""codec"": ""G.711"", ""jitter_ms"": 0.76, ""vad"": true}",450.0,113660.0,7.999859094619751,0.01781705811719321,0.3446507399112798,1.0,0.0,1.0260249554367202,56.25099075840527,14207.750243556318,0.0,4.386924203716923,0.01284532817174032,252.57777777777778,49.83996115964633,0.19732520255006905,0.49333333333333335,0.0,0.022043943405151367,0.496555388172441,1.0,0.01999211311340332
FLOW-VOIP-0032,VOIP,PROFILE-04-TRANSPORT-AES256CBC-PFS-IPV6,8474431,56.3,False,5630.0,5630,AES-CBC,TRANSPORT,6,False,False,"{""codec"": ""OPUS"", ""jitter_ms"": 1.16, ""vad"": false}",5630.0,1253828.0,56.28116416931152,0.009998430301885153,0.9394205715338299,1.0,0.0,1.0024275178310766,100.03346737930262,22277.932919583705,0.0,4.38329865586079,0.0012122874907881814,222.70479573712257,21.390471852194498,0.09604854615454035,0.5,0.0,0.02215719223022461,0.5874865877210167,1.0,0.004453897476196289
FLOW-VOIP-0033,VOIP,PROFILE-05-TUNNEL-3DESCBC-NOPFS-IPV4,8425958,47.7,True,4770.0,4770,3DES,TUNNEL,4,False,False,"{""codec"": ""G.729"", ""jitter_ms"": 0.52, ""vad"": false}",4770.0,601020.0,47.680063009262085,0.0099979163366035,0.971717897878695,1.0,0.0,1.0,100.04181410316937,12605.26857699934,0.0,4.3825369778435554,0.0,126.0,0.0,0.0,0.5,0.0,0.020762920379638672,-0.0,1.0,0.0018129348754882812
FLOW-VOIP-0034,VOIP,PROFILE-06-TUNNEL-AES256GCM-PFS-IPV6,8375838,52.1,True,5210.0,5210,AES-GCM,TUNNEL,6,False,False,"{""codec"": ""OPUS"", ""jitter_ms"": 0.98, ""vad"": false}",5210.0,1169132.0,52.08041501045227,0.009998159917537391,0.9468704951035313,1.0,0.0,0.9961345266673268,100.03760528702354,22448.592235015047,0.0,4.38312355345019,0.0019364793710205635,224.40153550863724,20.327302572842566,0.09058450748462087,0.5,0.0,0.02184891700744629,0.527751653766503,1.0,0.003964900970458984
FLOW-VOIP-0035,VOIP,PROFILE-09-TUNNEL-NATT-CHACHA-IPV4,436050,12.7,True,715.0,715,CHACHA20,TUNNEL,4,False,True,"{""codec"": ""OPUS"", ""jitter_ms"": 0.33, ""vad"": true}",715.0,132134.0,12.700000047683716,0.01778711491272229,0.34906086146320103,1.0,0.0,0.8119908943802967,56.299212387042864,10404.25192943989,0.0,4.386780683991446,0.10375830596212939,184.8027972027972,30.719101695181,0.16622638921136434,0.5524475524475524,0.0,0.0209200382232666,1.3898285678104987,1.0,0.019999980926513672
FLOW-VOIP-0036,VOIP,PROFILE-01-TUNNEL-AES256GCM-PFS-IPV4,1071272,23.1,False,2312.0,2312,AES-GCM,TUNNEL,4,False,False,"{""codec"": ""G.729"", ""jitter_ms"": 0.41, ""vad"": false}",2312.0,300560.0,23.100620985031128,0.009995941577252759,0.9771794216881219,1.0,0.0,1.0,100.08388958453294,13010.905645989282,0.0,4.382413325880545,0.0,130.0,0.0,0.0,0.5,0.0,0.02072906494140625,-0.0,1.0,0.001435995101928711
FLOW-VOIP-0037,VOIP,PROFILE-02-TRANSPORT-AES128CBC-PFS-IPV4,4115982,25.2,True,2522.0,2522,AES-CBC,TRANSPORT,4,False,False,"{""codec"": ""G.711"", ""jitter_ms"": 0.31, ""vad"": false}",2522.0,670852.0,25.200001001358032,0.009996033717317743,0.982887042243972,1.0,0.0,1.0,100.07936110256857,26621.11005328324,0.0,4.382277966811178,0.0,266.0,0.0,0.0,0.5,0.0,0.020579099655151367,-0.0,1.0,0.001046895980834961
FLOW-VOIP-0038,VOIP,PROFILE-03-TUNNEL-AES128GCM-NOPFS-IPV4,174014,42.0,False,4200.0,4200,AES-GCM,TUNNEL,4,False,False,"{""codec"": ""OPUS"", ""jitter_ms"": 0.32, ""vad"": false}",4200.0,775356.0,41.980156898498535,0.009997655846272574,0.9828428374415867,1.0,0.0,1.0007534861637233,100.04726781166978,18469.58318604406,0.0,4.382274399043509,0.0003766011999649338,184.60857142857142,20.495461120224043,0.11102117827803097,0.5,0.0,0.020542144775390625,0.9676569547061312,1.0,0.0012030601501464844
FLOW-VOIP-0039,VOIP,PROFILE-04-TRANSPORT-AES256CBC-PFS-IPV6,2083497,15.3,True,1532.0,1532,AES-CBC,TRANSPORT,6,False,False,"{""codec"": ""OPUS"", ""jitter_ms"": 0.98, ""vad"": false}",1532.0,341688.0,15.300000190734863,0.009993468445940472,0.9508802905769007,1.0,0.0,0.9946760070052539,100.1307177059857,22332.5487412029,0.0,4.383041820714602,0.0026691016365807422,223.03394255874673,21.27468977273725,0.09538767744794512,0.5,0.0,0.022162914276123047,0.5789266110709684,1.0,0.0035140514373779297
FLOW-VOIP-0040,VOIP,PROFILE-05-TUNNEL-3DESCBC-NOPFS-IPV4,3422909,52.8,False,5280.0,5280,3DES,TUNNEL,4,False,False,"{""codec"": ""G.711"", ""jitter_ms"": 0.83, ""vad"": false}",5280.0,1425600.0,52.780142068862915,0.009998132613916067,0.9556077752389238,1.0,0.0,1.0,100.03762386829345,27010.158444439232,0.0,4.382917263912012,0.0,270.0,0.0,0.0,0.5,0.0,0.021713972091674805,-0.0,1.0,0.0027577877044677734
FLOW-VOIP-0041,VOIP,PROFILE-06-TUNNEL-AES256GCM-PFS-IPV6,8288583,40.9,True,4090.0,4090,AES-GCM,TUNNEL,6,False,False,"{""codec"": ""G.711"", ""jitter_ms"": 0.59, ""vad"": false}",4090.0,1267900.0,40.880693197250366,0.009997723941611731,0.967399785527679,0.0,0.0,1.0,100.04722719024474,31014.64042897587,0.0,0.0,0.0,310.0,0.0,0.0,0.5,0.0,0.021120071411132812,-0.0,1.0,0.0021059513092041016
FLOW-VOIP-0042,VOIP,PROFILE-09-TUNNEL-NATT-CHACHA-IPV4,6868860,48.3,True,4830.0,4830,CHACHA20,TUNNEL,4,False,True,"{""codec"": ""G.711"", ""jitter_ms"": 0.36, ""vad"": false}",4830.0,1342740.0,48.28037905693054,0.009998007673831133,0.9801326523194072,1.0,0.0,1.0,100.04063957958226,27811.297803123867,0.0,4.382337569445082,0.0,278.0,0.0,0.0,0.5,0.0,0.02060103416442871,-0.0,1.0,0.001310110092163086
FLOW-VOIP-0043,VOIP,PROFILE-01-TUNNEL-AES256GCM-PFS-IPV4,6072695,7.6,False,762.0,762,AES-GCM,TUNNEL,4,False,False,"{""codec"": ""G.729"", ""jitter_ms"": 0.6, ""vad"": false}",762.0,99060.0,7.6006388664245605,0.009987698904631486,0.969487898587887,1.0,0.0,1.0,100.2547303445894,13033.114944796622,0.0,4.3826184398445855,0.0,130.0,0.0,0.0,0.5,0.0,0.020647048950195312,-0.0,1.0,0.0013680458068847656
FLOW-VOIP-0044,VOIP,PROFILE-02-TRANSPORT-AES128CBC-PFS-IPV4,6836844,24.8,False,2482.0,2482,AES-CBC,TRANSPORT,4,False,False,"{""codec"": ""G.729"", ""jitter_ms"": 0.9, ""vad"": false}",2482.0,302804.0,24.800498008728027,0.009996170096222503,0.9511702989414371,1.0,0.0,1.0,100.07863548250164,12209.5935288652,0.0,4.383027511934947,0.0,122.0,0.0,0.0,0.5,0.0,0.021541833877563477,-0.0,1.0,0.004217863082885742
FLOW-VOIP-0045,VOIP,PROFILE-03-TUNNEL-AES128GCM-NOPFS-IPV4,8449335,51.9,True,2919.0,2919,AES-GCM,TUNNEL,4,False,False,"{""codec"": ""OPUS"", ""jitter_ms"": 0.47, ""vad"": true}",2919.0,515206.0,51.879969120025635,0.01777929030843922,0.3489821156607033,1.0,0.0,1.043673492054677,56.26448992764084,9930.730660383735,0.0,4.386794292240061,0.021370092739603153,176.500856457691,30.495282085632567,0.17277696379304874,0.4895512161699212,0.0,0.021370887756347656,1.366691353362873,1.0,0.019999980926513672
FLOW-VOIP-0046,VOIP,PROFILE-04-TRANSPORT-AES256CBC-PFS-IPV6,7246825,26.5,True,1491.0,1491,AES-CBC,TRANSPORT,6,False,False,"{""codec"": ""G.711"", ""jitter_ms"": 0.53, ""vad"": true}",1491.0,435810.0,26.5,0.01778523489932886,0.3478555807482758,0.11066398390342053,0.0,0.7198500394632992,56.264150943396224,16445.66037735849,0.0,0.0,0.16289208600078012,292.2937625754527,50.194493166014524,0.17172618643566612,0.5714285714285714,0.0,0.022171974182128906,0.501915491270799,1.0,0.019999980926513672
FLOW-VOIP-0047,VOIP,PROFILE-05-TUNNEL-3DESCBC-NOPFS-IPV4,1078789,17.4,False,1742.0,1742,3DES,TUNNEL,4,False,False,"{""codec"": ""OPUS"", ""jitter_ms"": 0.25, ""vad"": false}",1742.0,317124.0,17.400536060333252,0.00999456407830744,0.9858502522590543,1.0,0.0,1.0030317959601318,100.11185827608564,18224.955765755098,0.0,4.382211995032826,0.0015136035115601112,182.0459242250287,20.769970900200644,0.11409193031164315,0.5,0.0,0.020375967025756836,0.92521367287776,1.0,0.0007541179656982422
FLOW-VOIP-0048,VOIP,PROFILE-06-TUNNEL-AES256GCM-PFS-IPV6,250698,7.4,True,417.0,417,AES-GCM,TUNNEL,6,False,False,"{""codec"": ""G.729"", ""jitter_ms"": 0.68, ""vad"": true}",417.0,69970.0,7.3999998569488525,0.017788461194588587,0.34768316794871545,1.0,0.0,1.076877411694865,56.35135244069265,9455.405588190084,0.0,4.386836020412455,0.0370158639416893,167.7937649880096,6.265558818786691,0.03734083217713378,0.48201438848920863,0.0,0.022555112838745117,-0.0,1.0,0.019999980926513672
FLOW-VOIP-0049,VOIP,PROFILE-09-TUNNEL-NATT-CHACHA-IPV4,5602777,12.6,True,709.0,709,CHACHA20,TUNNEL,4,False,True,"{""codec"": ""OPUS"", ""jitter_ms"": 1.03, ""vad"": true}",709.0,130590.0,12.600000143051147,0.01779661037154117,0.3430016061476046,1.0,0.0,0.43247334474134524,56.26984063099482,10364.285596617226,0.0,4.387019370268299,0.39618653801975656,184.18899858956277,30.33230795319203,0.16468034565290718,0.6770098730606487,0.0,0.02290797233581543,1.388936390471828,1.0,0.019999980926513672
FLOW-VOIP-0050,VOIP,PROFILE-01-TUNNEL-AES256GCM-PFS-IPV4,6914053,25.9,True,1457.0,1457,AES-GCM,TUNNEL,4,False,False,"{""codec"": ""G.711"", ""jitter_ms"": 1.0, ""vad"": true}",1457.0,367630.0,25.898924112319946,0.017787722604615346,0.3433611893079084,1.0,0.0,0.9167361835245047,56.257163181034024,14194.798147044296,0.0,4.387016090110392,0.04344041563528547,252.31983527796842,50.162118485236554,0.19880370653371504,0.5188743994509266,0.0,0.02354598045349121,0.5014253672018312,1.0,0.019999027252197266
FLOW-VOIP-0051,VOIP,PROFILE-02-TRANSPORT-AES128CBC-PFS-IPV4,3033234,16.4,False,923.0,923,AES-CBC,TRANSPORT,4,False,False,"{""codec"": ""G.711"", ""jitter_ms"": 1.03, ""vad"": true}",923.0,229198.0,16.400373935699463,0.017787824225270567,0.3447240777909686,1.0,0.0,1.5529985742291927,56.27920458513831,13975.169157643044,0.0,4.3869594935612035,0.21660747475981468,248.31852654387865,50.16374437180598,0.2020137001857648,0.40736728060671723,0.0,0.023123979568481445,0.5014499785442896,1.0,0.019999980926513672
FLOW-VOIP-0052,VOIP,PROFILE-03-TUNNEL-AES128GCM-NOPFS-IPV4,7943458,37.5,True,3750.0,3750,AES-GCM,TUNNEL,4,False,False,"{""codec"": ""G.711"", ""jitter_ms"": 0.67, ""vad"": false}",3750.0,1012500.0,37.48055720329285,0.009997481249211215,0.9637318138950717,1.0,0.0,1.0,100.05187435341928,27014.006075423207,0.0,4.382727069635666,0.0,270.0,0.0,0.0,0.5,0.0,0.021625041961669922,-0.0,1.0,0.002151012420654297
FLOW-VOIP-0053,VOIP,PROFILE-04-TRANSPORT-AES256CBC-PFS-IPV6,1179073,37.9,True,2131.0,2131,AES-CBC,TRANSPORT,6,False,False,"{""codec"": ""G.711"", ""jitter_ms"": 1.06, ""vad"": true}",2131.0,622850.0,37.87999987602234,0.017784037500479973,0.3436982917105029,0.11074612857813233,0.0,0.7610551911332277,56.256599972929294,16442.71388697279,0.0,0.0,0.13568274865537452,292.28061942749883,50.2108000705728,0.1717897004903117,0.5593618019709057,0.0,0.022856950759887695,0.502162413308201,1.0,0.019999980926513672
FLOW-VOIP-0054,VOIP,PROFILE-05-TUNNEL-3DESCBC-NOPFS-IPV4,6967137,53.3,True,2998.0,2998,3DES,TUNNEL,4,False,False,"{""codec"": ""G.729"", ""jitter_ms"": 1.06, ""vad"": true}",2998.0,372420.0,53.27895498275757,0.0177774290900092,0.34490149250618213,1.0,0.0,0.9607657316148598,56.26987242843313,6990.0019645754055,0.0,4.386965776860285,0.02000966650555822,124.2228152101401,5.027581014807086,0.04047228366465722,0.5096731154102735,0.0,0.023365020751953125,-0.0,1.0,0.019999980926513672
FLOW-VOIP-0055,VOIP,PROFILE-06-TUNNEL-AES256GCM-PFS-IPV6,7895991,43.7,True,2458.0,2458,AES-GCM,TUNNEL,6,False,False,"{""codec"": ""G.729"", ""jitter_ms"": 0.47, ""vad"": true}",2458.0,412400.0,43.68027901649475,0.0177778913376047,0.34902894723095157,1.0,0.0,0.7212020033388982,56.272534318560524,9441.331632617721,0.0,4.386794201060373,0.16197866149369544,167.7786818551668,6.284274707243238,0.03745574013192017,0.5785191212367778,0.0,0.021750926971435547,-0.0,1.0,0.019999980926513672
FLOW-VOIP-0056,VOIP,PROFILE-09-TUNNEL-NATT-CHACHA-IPV4,6073835,52.1,False,5210.0,5210,CHACHA20,TUNNEL,4,False,True,"{""codec"": ""G.729"", ""jitter_ms"": 0.57, ""vad"": false}",5210.0,718980.0,52.080482959747314,0.009998172962132332,0.9686691423841005,1.0,0.0,1.0,100.03747476817327,13805.171518007912,0.0,4.3826083769604915,0.0,138.0,0.0,0.0,0.5,0.0,0.021195173263549805,-0.0,1.0,0.001753091812133789
FLOW-VOIP-0057,VOIP,PROFILE-01-TUNNEL-AES256GCM-PFS-IPV4,4392086,56.3,True,3166.0,3166,AES-GCM,TUNNEL,4,False,False,"{""codec"": ""G.711"", ""jitter_ms"": 0.63, ""vad"": true}",3166.0,798660.0,56.28090691566467,0.017782277066560718,0.34745008035910085,1.0,0.0,1.0608453320947515,56.25353558612977,14190.602884149845,0.0,4.3868538336771286,0.02952445345954474,252.26152874289323,50.23447062125802,0.19913647107267535,0.48704990524320907,0.0,0.02217698097229004,0.502520896441454,1.0,0.019999980926513672
FLOW-VOIP-0058,VOIP,PROFILE-02-TRANSPORT-AES128CBC-PFS-IPV4,4524609,15.3,False,1532.0,1532,AES-CBC,TRANSPORT,4,False,False,"{""codec"": ""G.711"", ""jitter_ms"": 0.45, ""vad"": false}",1532.0,407512.0,15.300204038619995,0.009993601592828213,0.9765920960469544,1.0,0.0,1.0,100.12938364305494,26634.416049052612,0.0,4.382433842164051,0.0,266.0,0.0,0.0,0.5,0.0,0.02068805694580078,-0.0,1.0,0.0013189315795898438
FLOW-VOIP-0059,VOIP,PROFILE-03-TUNNEL-AES128GCM-NOPFS-IPV4,1789251,14.0,True,1402.0,1402,AES-GCM,TUNNEL,4,False,False,"{""codec"": ""G.729"", ""jitter_ms"": 0.44, ""vad"": false}",1402.0,182260.0,14.000664949417114,0.009993336866107861,0.9772172273559403,1.0,0.0,1.0,100.13810094486756,13017.953122832781,0.0,4.3824198023493945,0.0,130.0,0.0,0.0,0.5,0.0,0.0211489200592041,-0.0,1.0,0.0012149810791015625
FLOW-VOIP-0060,VOIP,PROFILE-04-TRANSPORT-AES256CBC-PFS-IPV6,2181680,43.6,True,4360.0,4360,AES-CBC,TRANSPORT,6,False,False,"{""codec"": ""G.711"", ""jitter_ms"": 1.19, ""vad"": false}",4360.0,1351600.0,43.57961297035217,0.009997617107215456,0.9354841128066786,0.0,0.0,1.0,100.0467811168073,31014.50214621026,0.0,0.0,0.0,310.0,0.0,0.0,0.5,0.0,0.021847963333129883,-0.0,1.0,0.0038290023803710938
FLOW-VOIP-0061,VOIP,PROFILE-05-TUNNEL-3DESCBC-NOPFS-IPV4,9371312,25.6,False,2562.0,2562,3DES,TUNNEL,4,False,False,"{""codec"": ""G.711"", ""jitter_ms"": 0.23, ""vad"": false}",2562.0,691740.0,25.60014295578003,0.009996151095579863,0.9876731096744935,1.0,0.0,1.0,100.0775661458386,27020.94285937642,0.0,4.382164296953928,0.0,270.0,0.0,0.0,0.5,0.0,0.020420074462890625,-0.0,1.0,0.0006690025329589844
FLOW-VOIP-0062,VOIP,PROFILE-06-TUNNEL-AES256GCM-PFS-IPV6,3592046,20.8,False,1170.0,1170,AES-GCM,TUNNEL,6,False,False,"{""codec"": ""OPUS"", ""jitter_ms"": 1.14, ""vad"": true}",1170.0,252824.0,20.799633026123047,0.017792671536461118,0.3433138723112049,1.0,0.0,1.0048212643131285,56.25099243484501,12155.214454142953,0.0,4.387011578763985,0.0024048349840205194,216.0888888888889,30.107254933323524,0.13932810283829272,0.49914529914529915,0.0,0.02454209327697754,0.8441996823824292,1.0,0.019999980926513672
FLOW-VOIP-0063,VOIP,PROFILE-09-TUNNEL-NATT-CHACHA-IPV4,761608,21.0,True,1182.0,1182,CHACHA20,TUNNEL,4,False,True,"{""codec"": ""OPUS"", ""jitter_ms"": 0.86, ""vad"": true}",1182.0,217720.0,21.0,0.017781541066892465,0.3459418658971229,1.0,0.0,1.0757379299824574,56.285714285714285,10367.619047619048,0.0,4.38691728916954,0.036487231306264904,184.1962774957699,30.25501403846706,0.16425420996448678,0.48392554991539766,0.0,0.022478818893432617,1.3915355922948704,1.0,0.019999980926513672
FLOW-VOIP-0064,VOIP,PROFILE-01-TUNNEL-AES256GCM-PFS-IPV4,1933800,8.1,False,812.0,812,AES-GCM,TUNNEL,4,False,False,"{""codec"": ""OPUS"", ""jitter_ms"": 0.95, ""vad"": false}",812.0,150452.0,8.101348876953125,0.009989332770595716,0.95115687917664,1.0,0.0,0.9952787650522519,100.23022243986966,18571.22835778728,0.0,4.38304671487322,0.0023662031744343666,185.28571428571428,20.494914492534427,0.11061249147859753,0.5,0.0,0.02118396759033203,0.9642569930769808,1.0,0.002471923828125
FLOW-VOIP-0065,VOIP,PROFILE-02-TRANSPORT-AES128CBC-PFS-IPV4,2936222,57.7,True,5770.0,5770,AES-CBC,TRANSPORT,4,False,False,"{""codec"": ""G.711"", ""jitter_ms"": 0.45, ""vad"": false}",5770.0,1534820.0,57.68033504486084,0.009998324674096176,0.9751549727268951,1.0,0.0,1.0,100.03409299742081,26609.068737313937,0.0,4.382454497070618,0.0,266.0,0.0,0.0,0.5,0.0,0.020931005477905273,-0.0,1.0,0.0017199516296386719
FLOW-VOIP-0066,VOIP,PROFILE-03-TUNNEL-AES128GCM-NOPFS-IPV4,6015361,46.1,False,4610.0,4610,AES-GCM,TUNNEL,4,False,False,"{""codec"": ""OPUS"", ""jitter_ms"": 0.83, ""vad"": false}",4610.0,849068.0,46.079957008361816,0.009997821004200871,0.954985951823839,1.0,0.0,1.0044382120615496,100.04349611618463,18425.97205214244,0.0,4.382932819486113,0.0022141925028384525,184.17960954446855,20.4788832740275,0.11118974203864328,0.5,0.0,0.021907806396484375,0.961957251730067,1.0,0.0030519962310791016
FLOW-VOIP-0067,VOIP,PROFILE-04-TRANSPORT-AES256CBC-PFS-IPV6,6096400,44.3,True,2491.0,2491,AES-CBC,TRANSPORT,6,False,False,"{""codec"": ""G.729"", ""jitter_ms"": 1.01, ""vad"": true}",2491.0,409090.0,44.27999997138977,0.01778313251863043,0.3450402624300282,1.0,0.0,1.2282804074295985,56.255645926140176,9238.708226384859,0.0,4.386952547971791,0.10244689432643184,164.2272179847451,5.022126658146711,0.030580355191873323,0.4500200722601365,0.0,0.023704051971435547,-0.0,1.0,0.019999980926513672
FLOW-VOIP-0068,VOIP,PROFILE-05-TUNNEL-3DESCBC-NOPFS-IPV4,5312777,54.6,False,5460.0,5460,3DES,TUNNEL,4,False,False,"{""codec"": ""G.711"", ""jitter_ms"": 1.02, ""vad"": false}",5460.0,1474200.0,54.57996582984924,0.009998161903251373,0.9427178233320695,1.0,0.0,1.0,100.03670608774878,27009.91064369217,0.0,4.383221577244358,0.0,270.0,0.0,0.0,0.5,0.0,0.02159905433654785,-0.0,1.0,0.0038509368896484375
FLOW-VOIP-0069,VOIP,PROFILE-06-TUNNEL-AES256GCM-PFS-IPV6,4560578,48.8,False,2744.0,2744,AES-GCM,TUNNEL,6,False,False,"{""codec"": ""G.729"", ""jitter_ms"": 1.1, ""vad"": true}",2744.0,460400.0,48.78073501586914,0.017783716739288788,0.34332393616822404,1.0,0.0,0.8632132739781465,56.25171492613495,9438.152169093488,0.0,4.387022871549834,0.07341442224152911,167.78425655976676,6.27736806406375,0.03741333181535823,0.5357142857142857,0.0,0.02396392822265625,-0.0,1.0,0.019999980926513672
FLOW-VOIP-0070,VOIP,PROFILE-09-TUNNEL-NATT-CHACHA-IPV4,4165950,51.5,True,5150.0,5150,CHACHA20,TUNNEL,4,False,True,"{""codec"": ""G.729"", ""jitter_ms"": 0.61, ""vad"": false}",5150.0,710700.0,51.48036813735962,0.009998129372180932,0.9661176953256793,1.0,0.0,1.0,100.03813465861005,13805.262582888188,0.0,4.3826688423827305,0.0,138.0,0.0,0.0,0.5,0.0,0.021100997924804688,-0.0,1.0,0.0020411014556884766
FLOW-VOIP-0071,VOIP,PROFILE-01-TUNNEL-AES256GCM-PFS-IPV4,5460262,41.9,True,4190.0,4190,AES-GCM,TUNNEL,4,False,False,"{""codec"": ""OPUS"", ""jitter_ms"": 0.38, ""vad"": false}",4190.0,773340.0,41.88000011444092,0.009997612822735955,0.9792559954626975,1.0,0.0,0.996612672529084,100.04775521849196,18465.61599538629,0.0,4.382359443196824,0.0016965370988181116,184.56801909307876,20.690422504793073,0.11210188312395968,0.5,0.0,0.02072596549987793,0.9682361375738952,1.0,0.0012350082397460938
FLOW-VOIP-0072,VOIP,PROFILE-02-TRANSPORT-AES128CBC-PFS-IPV4,5593846,57.7,True,3245.0,3245,AES-CBC,TRANSPORT,4,False,False,"{""codec"": ""G.729"", ""jitter_ms"": 1.12, ""vad"": true}",3245.0,390130.0,57.6800000667572,0.017780517899740198,0.3449288068118427,1.0,0.0,0.9138842829250106,56.258668450837874,6763.696247372999,0.0,4.386960594365382,0.044995257990926095,120.22496147919877,5.024923340956673,0.04179600707816472,0.5217257318952234,0.0,0.024225950241088867,-0.0,1.0,0.019999980926513672
FLOW-VOIP-0073,VOIP,PROFILE-03-TUNNEL-AES128GCM-NOPFS-IPV4,914801,24.5,False,1379.0,1379,AES-GCM,TUNNEL,4,False,False,"{""codec"": ""G.711"", ""jitter_ms"": 0.27, ""vad"": true}",1379.0,347850.0,24.50028681755066,0.017779598561357517,0.35059239482125504,1.0,0.0,0.8897701961210409,56.28505536564413,14197.792972399791,0.0,4.38672714771305,0.05832973983038666,252.24800580130528,50.251226589613935,0.19921357328468484,0.5257432922407542,0.0,0.02077794075012207,0.5027747029230639,1.0,0.019999980926513672
FLOW-VOIP-0074,VOIP,PROFILE-04-TRANSPORT-AES256CBC-PFS-IPV6,1143048,11.0,False,619.0,619,AES-CBC,TRANSPORT,6,False,False,"{""codec"": ""OPUS"", ""jitter_ms"": 0.94, ""vad"": true}",619.0,132530.0,11.0,0.01779935275080906,0.34478064292303356,1.0,0.0,0.6223527971599951,56.27272727272727,12048.181818181818,0.0,4.386942031682915,0.23277748434316756,214.10339256865913,30.122458275002245,0.14069117688241448,0.6058158319870759,0.0,0.022611141204833984,0.8900149011438908,1.0,0.019999980926513672
FLOW-VOIP-0075,VOIP,PROFILE-05-TUNNEL-3DESCBC-NOPFS-IPV4,6818956,19.8,True,1982.0,1982,3DES,TUNNEL,4,False,False,"{""codec"": ""G.711"", ""jitter_ms"": 1.18, ""vad"": false}",1982.0,535140.0,19.79957604408264,0.009994738033358224,0.9369685793176666,1.0,0.0,1.0,100.10315350122592,27027.851445330998,0.0,4.383366571867809,0.0,270.0,0.0,0.0,0.5,0.0,0.02211284637451172,-0.0,1.0,0.003473997116088867
FLOW-VOIP-0076,VOIP,PROFILE-06-TUNNEL-AES256GCM-PFS-IPV6,878464,60.0,True,3374.0,3374,AES-GCM,TUNNEL,6,False,False,"{""codec"": ""G.711"", ""jitter_ms"": 1.05, ""vad"": true}",3374.0,986100.0,59.97953820228577,0.017782252654101917,0.3445194580115167,0.11084765856550088,0.0,0.827837401990769,56.25251712710619,16440.606739490046,0.0,0.0,0.09418923030118649,292.26437462951986,50.230943172460336,0.1718681698244409,0.5414937759336099,0.0,0.023637056350708008,0.5024674698620454,1.0,0.019999980926513672
FLOW-VOIP-0077,VOIP,PROFILE-09-TUNNEL-NATT-CHACHA-IPV4,6165238,59.7,True,3358.0,3358,CHACHA20,TUNNEL,4,False,True,"{""codec"": ""G.729"", ""jitter_ms"": 0.72, ""vad"": true}",3358.0,455944.0,59.67999982833862,0.017777777726642425,0.34651880763095083,1.0,0.0,0.6542125924259685,56.26675619401523,7639.8123544145565,0.0,4.386898339449772,0.209034442826312,135.77843954734962,6.284574624286487,0.04628551223034851,0.6006551518761167,0.0,0.022511959075927734,0.5031590613428003,1.0,0.019999980926513672
FLOW-VOIP-0078,VOIP,PROFILE-01-TUNNEL-AES256GCM-PFS-IPV4,3798655,7.8,True,782.0,782,AES-GCM,TUNNEL,4,False,False,"{""codec"": ""G.711"", ""jitter_ms"": 1.12, ""vad"": false}",782.0,211140.0,7.801146030426025,0.009988663291198496,0.9344262820649413,1.0,0.0,1.0,100.24168204902767,27065.25415323747,0.0,4.383443034718256,0.0,270.0,0.0,0.0,0.5,0.0,0.021433115005493164,-0.0,1.0,0.0029621124267578125
FLOW-VOIP-0079,VOIP,PROFILE-02-TRANSPORT-AES128CBC-PFS-IPV4,5567647,55.8,False,3138.0,3138,AES-CBC,TRANSPORT,4,False,False,"{""codec"": ""G.729"", ""jitter_ms"": 1.17, ""vad"": true}",3138.0,377268.0,55.7808620929718,0.01778159454669168,0.3448026634465832,1.0,0.0,0.9214839412861232,56.25585339233,6763.39493231917,0.0,4.3869644068694456,0.04086219875526151,120.22562141491396,5.024105691380772,0.041788976694426404,0.5197578075207139,0.0,0.02425217628479004,-0.0,1.0,0.019999980926513672
FLOW-VOIP-0080,VOIP,PROFILE-03-TUNNEL-AES128GCM-NOPFS-IPV4,9728011,28.0,True,2802.0,2802,AES-GCM,TUNNEL,4,False,False,"{""codec"": ""G.711"", ""jitter_ms"": 0.45, ""vad"": false}",2802.0,756540.0,28.0,0.009996429846483398,0.9764653413307061,1.0,0.0,1.0,100.07142857142857,27019.285714285714,0.0,4.382428842546444,0.0,270.0,0.0,0.0,0.5,0.0,0.020982027053833008,-0.0,1.0,0.0018138885498046875
FLOW-VOIP-0081,VOIP,PROFILE-04-TRANSPORT-AES256CBC-PFS-IPV6,8069731,34.0,False,1913.0,1913,AES-CBC,TRANSPORT,6,False,False,"{""codec"": ""G.729"", ""jitter_ms"": 0.71, ""vad"": true}",1913.0,314166.0,34.0,0.01778242677824268,0.3466496180973813,1.0,0.0,0.94636086536317,56.26470588235294,9240.176470588236,0.0,4.386886803104396,0.02755867916961099,164.22686879247254,5.022559610530506,0.03058305652089933,0.5133298484056456,0.0,0.021898984909057617,-0.0,1.0,0.019999980926513672
FLOW-VOIP-0082,VOIP,PROFILE-05-TUNNEL-3DESCBC-NOPFS-IPV4,2386163,49.2,True,2767.0,2767,3DES,TUNNEL,4,False,False,"{""codec"": ""G.711"", ""jitter_ms"": 0.86, ""vad"": true}",2767.0,697970.0,49.180148124694824,0.017780241549058145,0.3456508830532425,1.0,0.0,0.9119322851038185,56.262538961541,14192.108535954741,0.0,4.386931049878985,0.04606215166840984,252.24792193711602,50.25133047502923,0.19921405135522424,0.5196964221178171,0.0,0.023251056671142578,0.5027762766092005,1.0,0.019999980926513672
FLOW-VOIP-0083,VOIP,PROFILE-06-TUNNEL-AES256GCM-PFS-IPV6,5837351,43.0,True,2418.0,2418,AES-GCM,TUNNEL,6,False,False,"{""codec"": ""OPUS"", ""jitter_ms"": 0.43, ""vad"": true}",2418.0,523460.0,42.98000383377075,0.017782376431018102,0.3489837115995043,1.0,0.0,0.983163605504031,56.258719970148086,12179.152008095003,0.0,4.386790146512053,0.008489664921866045,216.48469809760132,30.141106897252016,0.13922973384318835,0.5045492142266336,0.0,0.02153301239013672,0.8436371757755676,1.0,0.019999980926513672
FLOW-VOIP-0084,VOIP,PROFILE-09-TUNNEL-NATT-CHACHA-IPV4,8777486,59.6,True,3352.0,3352,CHACHA20,TUNNEL,4,False,True,"{""codec"": ""OPUS"", ""jitter_ms"": 0.67, ""vad"": true}",3352.0,616012.0,59.57941389083862,0.017779592327913644,0.34592614899756113,1.0,0.0,0.8524893844802907,56.26104355678176,10339.343067870002,0.0,4.386920501248093,0.07962831892885201,183.7744630071599,30.010765242485242,0.1633021517321262,0.535799522673031,0.0,0.022480010986328125,1.3918715146571787,1.0,0.019999980926513672
FLOW-VOIP-0085,VOIP,PROFILE-01-TUNNEL-AES256GCM-PFS-IPV4,1698684,35.5,True,1997.0,1997,AES-GCM,TUNNEL,4,False,False,"{""codec"": ""G.711"", ""jitter_ms"": 1.17, ""vad"": true}",1997.0,503830.0,35.500568151474,0.017785855787311622,0.343550991371822,1.0,0.0,1.3292034580000924,56.25262084480425,14192.16723096531,0.0,4.387010669678049,0.14133735585415713,252.29344016024035,50.194893296056144,0.1989544130207096,0.4391587381071607,0.0,0.023182153701782227,0.5019215497107253,1.0,0.019999980926513672
FLOW-VOIP-0086,VOIP,PROFILE-02-TRANSPORT-AES128CBC-PFS-IPV4,1863110,22.5,False,2252.0,2252,AES-CBC,TRANSPORT,4,False,False,"{""codec"": ""G.711"", ""jitter_ms"": 0.48, ""vad"": false}",2252.0,599032.0,22.500906944274902,0.009995960437261173,0.9742067279197351,1.0,0.0,1.0,100.08485460507163,26622.57132494905,0.0,4.382483609799453,0.0,266.0,0.0,0.0,0.5,0.0,0.02095198631286621,-0.0,1.0,0.001550912857055664
FLOW-VOIP-0087,VOIP,PROFILE-03-TUNNEL-AES128GCM-NOPFS-IPV4,2463279,18.6,False,1047.0,1047,AES-GCM,TUNNEL,4,False,False,"{""codec"": ""G.729"", ""jitter_ms"": 0.39, ""vad"": true}",1047.0,133790.0,18.599294900894165,0.017781352677719086,0.34960227285044504,1.0,0.0,0.7357291126102751,56.29245654627828,7193.283439662437,0.0,4.386765863096191,0.15225353165408476,127.78414517669532,6.277506182245536,0.04912586122139977,0.5730659025787965,0.0,0.021344900131225586,0.5023024840253305,1.0,0.019999980926513672
FLOW-VOIP-0088,VOIP,PROFILE-04-TRANSPORT-AES256CBC-PFS-IPV6,10005373,49.6,True,4960.0,4960,AES-CBC,TRANSPORT,6,False,False,"{""codec"": ""G.711"", ""jitter_ms"": 0.99, ""vad"": false}",4960.0,1537600.0,49.581169843673706,0.00999821936754864,0.9459463606164186,0.0,0.0,1.0,100.03797844299693,31011.77331732905,0.0,0.0,0.0,310.0,0.0,0.0,0.5,0.0,0.021854162216186523,-0.0,1.0,0.0030999183654785156
FLOW-VOIP-0089,VOIP,PROFILE-05-TUNNEL-3DESCBC-NOPFS-IPV4,5051851,7.1,True,712.0,712,3DES,TUNNEL,4,False,False,"{""codec"": ""G.711"", ""jitter_ms"": 0.62, ""vad"": false}",712.0,192240.0,7.101240158081055,0.009987679547230737,0.9634609888484007,1.0,0.0,1.0,100.26417698178531,27071.327785082034,0.0,4.382760859313813,0.0,270.0,0.0,0.0,0.5,0.0,0.021113872528076172,-0.0,1.0,0.002061128616333008
FLOW-VOIP-0090,VOIP,PROFILE-06-TUNNEL-AES256GCM-PFS-IPV6,1970706,7.8,True,782.0,782,AES-GCM,TUNNEL,6,False,False,"{""codec"": ""OPUS"", ""jitter_ms"": 0.51, ""vad"": false}",782.0,176272.0,7.800034046173096,0.009987239495740199,0.9721003760973508,1.0,0.0,0.994252743523023,100.25597264971812,22598.875717277635,0.0,4.3825580007081815,0.0028819097758010417,225.41176470588235,19.934464615196195,0.08843577725948208,0.5,0.0,0.020730972290039062,0.5522877827527721,1.0,0.0017399787902832031
FLOW-VOIP-0091,VOIP,PROFILE-09-TUNNEL-NATT-CHACHA-IPV4,8115626,37.4,True,2103.0,2103,CHACHA20,TUNNEL,4,False,True,"{""codec"": ""G.711"", ""jitter_ms"": 0.42, ""vad"": true}",2103.0,547354.0,37.379969120025635,0.01778304905805216,0.34912349652430186,1.0,0.0,0.9158482033475908,56.26007857971601,14642.976248655195,0.0,4.386783463464448,0.043924041844948636,260.27294341417024,50.220319777312966,0.19295251791653878,0.5187826913932477,0.0,0.02154994010925293,0.5023065778446204,1.0,0.019999980926513672
FLOW-VOIP-0092,VOIP,PROFILE-01-TUNNEL-AES256GCM-PFS-IPV4,3352698,46.6,True,4660.0,4660,AES-GCM,TUNNEL,4,False,False,"{""codec"": ""G.711"", ""jitter_ms"": 0.23, ""vad"": false}",4660.0,1258200.0,46.57982683181763,0.009997816448125698,0.9879375031875739,1.0,0.0,1.0,100.04330880888675,27011.693378399425,0.0,4.382153275312943,0.0,270.0,0.0,0.0,0.5,0.0,0.020379066467285156,-0.0,1.0,0.0007560253143310547
FLOW-VOIP-0093,VOIP,PROFILE-02-TRANSPORT-AES128CBC-PFS-IPV4,5400177,39.9,True,3990.0,3990,AES-CBC,TRANSPORT,4,False,False,"{""codec"": ""OPUS"", ""jitter_ms"": 1.02, ""vad"": false}",3990.0,711452.0,39.882720947265625,0.009998175218667743,0.944412107437885,1.0,0.0,1.0004498855603605,100.04332465870928,17838.602359671186,0.0,4.383181548981878,0.00022489219230528148,178.30877192982456,21.271108301321277,0.11929367283003196,0.5,0.0,0.021658897399902344,0.8614584616518935,1.0,0.0034279823303222656
FLOW-VOIP-0094,VOIP,PROFILE-03-TUNNEL-AES128GCM-NOPFS-IPV4,9549781,26.3,True,1480.0,1480,AES-GCM,TUNNEL,4,False,False,"{""codec"": ""G.711"", ""jitter_ms"": 0.83, ""vad"": true}",1480.0,373360.0,26.30050301551819,0.01778262543307518,0.34562477236954015,1.0,0.0,0.8753327640765483,56.27268798344845,14195.92620641913,0.0,4.386929000329345,0.06647739447182346,252.27027027027026,50.22363428175492,0.19908661543014056,0.529054054054054,0.0,0.022330045700073242,0.5023567747102693,1.0,0.019999980926513672
FLOW-VOIP-0095,VOIP,PROFILE-04-TRANSPORT-AES256CBC-PFS-IPV6,757887,21.5,True,1210.0,1210,AES-CBC,TRANSPORT,6,False,False,"{""codec"": ""G.729"", ""jitter_ms"": 1.19, ""vad"": true}",1210.0,198716.0,21.499808073043823,0.01778313322832409,0.34548064383909804,1.0,0.0,0.6367619926199262,56.27957216590608,9242.687159107598,0.0,4.386934304179381,0.22192475693955194,164.22809917355372,5.021033826253284,0.03057353675479817,0.6082644628099173,0.0,0.023357868194580078,-0.0,1.0,0.019999980926513672
FLOW-VOIP-0096,VOIP,PROFILE-05-TUNNEL-3DESCBC-NOPFS-IPV4,5374835,52.9,False,5290.0,5290,3DES,TUNNEL,4,False,False,"{""codec"": ""G.729"", ""jitter_ms"": 0.3, ""vad"": false}",5290.0,666540.0,52.8805091381073,0.009998205547004594,0.9837535770088488,1.0,0.0,1.0,100.03685830982035,12604.644147037363,0.0,4.382251267331092,0.0,126.0,0.0,0.0,0.5,0.0,0.02073502540588379,-0.0,1.0,0.001087188720703125
FLOW-VOIP-0097,VOIP,PROFILE-06-TUNNEL-AES256GCM-PFS-IPV6,8192618,56.6,False,5660.0,5660,AES-GCM,TUNNEL,6,False,False,"{""codec"": ""G.729"", ""jitter_ms"": 0.32, ""vad"": false}",5660.0,962200.0,56.58009195327759,0.009998249152372785,0.9828712859005521,1.0,0.0,1.0,100.03518560333704,17005.981552567297,0.0,4.382272037606423,0.0,170.0,0.0,0.0,0.5,0.0,0.02063298225402832,-0.0,1.0,0.0011320114135742188
FLOW-VOIP-0098,VOIP,PROFILE-09-TUNNEL-NATT-CHACHA-IPV4,3693865,11.4,True,1142.0,1142,CHACHA20,TUNNEL,4,False,True,"{""codec"": ""OPUS"", ""jitter_ms"": 1.08, ""vad"": false}",1142.0,220412.0,11.400438070297241,0.009991619693512043,0.9445715477872715,1.0,0.0,0.9943538609095351,100.17158928088672,19333.643026776535,0.0,4.383195781493444,0.002831061829664422,193.00525394045533,20.888620664652926,0.1082282489112827,0.5,0.0,0.02167201042175293,0.9993605091325165,1.0,0.003081083297729492
FLOW-VOIP-0099,VOIP,PROFILE-01-TUNNEL-AES256GCM-PFS-IPV4,2605474,29.5,True,2952.0,2952,AES-GCM,TUNNEL,4,False,False,"{""codec"": ""G.711"", ""jitter_ms"": 0.87, ""vad"": false}",2952.0,797040.0,29.500911951065063,0.009996920349395142,0.9507853763006714,1.0,0.0,1.0,100.0647032504168,27017.469877612537,0.0,4.383034529514881,0.0,270.0,0.0,0.0,0.5,0.0,0.02153491973876953,-0.0,1.0,0.003000974655151367
FLOW-VOIP-0100,VOIP,PROFILE-02-TRANSPORT-AES128CBC-PFS-IPV4,8690931,23.6,False,2362.0,2362,AES-CBC,TRANSPORT,4,False,False,"{""codec"": ""G.711"", ""jitter_ms"": 0.67, ""vad"": false}",2362.0,628292.0,23.599717140197754,0.009995644701481472,0.964970398849063,1.0,0.0,1.0,100.08594535130126,26622.861463446134,0.0,4.382702924840718,0.0,266.0,0.0,0.0,0.5,0.0,0.02138209342956543,-0.0,1.0,0.002376079559326172
FLOW-VOIP-0101,VOIP,PROFILE-03-TUNNEL-AES128GCM-NOPFS-IPV4,2636476,22.8,False,1283.0,1283,AES-GCM,TUNNEL,4,False,False,"{""codec"": ""OPUS"", ""jitter_ms"": 0.53, ""vad"": true}",1283.0,226402.0,22.800915956497192,0.017785425863102333,0.34872576936690747,1.0,0.0,0.9885641007623933,56.269669273282204,9929.51337709247,0.0,4.386796807924149,0.005750832589818094,176.46297739672642,30.477736676337905,0.1727146233502422,0.5035074045206547,0.0,0.02169489860534668,1.3674994511292562,1.0,0.019999980926513672
FLOW-VOIP-0102,VOIP,PROFILE-04-TRANSPORT-AES256CBC-PFS-IPV6,5166379,13.6,True,765.0,765,AES-CBC,TRANSPORT,6,False,False,"{""codec"": ""G.729"", ""jitter_ms"": 0.31, ""vad"": true}",765.0,125646.0,13.599992990493774,0.01780103794567248,0.3490344245336572,1.0,0.0,0.6450548587289534,56.250028991538855,9238.68123224953,0.0,4.3867633720018055,0.21576492685799786,164.24313725490197,5.002323181928091,0.030456817042922094,0.6052287581699346,0.0,0.020941972732543945,-0.0,1.0,0.019999980926513672
FLOW-VOIP-0103,VOIP,PROFILE-05-TUNNEL-3DESCBC-NOPFS-IPV4,9579769,19.8,True,1982.0,1982,3DES,TUNNEL,4,False,False,"{""codec"": ""G.711"", ""jitter_ms"": 1.13, ""vad"": false}",1982.0,535140.0,19.800485134124756,0.009995196937973122,0.9397423704179672,1.0,0.0,1.0,100.0985575138339,27026.610528735153,0.0,4.383299898422752,0.0,270.0,0.0,0.0,0.5,0.0,0.02193903923034668,-0.0,1.0,0.0036499500274658203
FLOW-VOIP-0104,VOIP,PROFILE-06-TUNNEL-AES256GCM-PFS-IPV6,5579292,22.8,True,1283.0,1283,AES-GCM,TUNNEL,6,False,False,"{""codec"": ""G.711"", ""jitter_ms"": 0.44, ""vad"": true}",1283.0,375010.0,22.800367832183838,0.017784998309035755,0.34821464838921057,0.11067809820732658,0.0,0.8962884304207119,56.271022004696896,16447.541669510043,0.0,0.0,0.05469187488333647,292.2915042868278,50.197295680983174,0.1717371013005024,0.5237724084177708,0.0,0.021471023559570312,0.5019579250701574,1.0,0.019999980926513672
FLOW-VOIP-0105,VOIP,PROFILE-09-TUNNEL-NATT-CHACHA-IPV4,588559,5.9,True,592.0,592,CHACHA20,TUNNEL,4,False,True,"{""codec"": ""G.729"", ""jitter_ms"": 1.05, ""vad"": false}",592.0,81696.0,5.901172876358032,0.00998506408859227,0.9466100628178824,1.0,0.0,1.0,100.31904036767665,13844.02757073938,0.0,4.383165720921687,0.0,138.0,0.0,0.0,0.5,0.0,0.02150702476501465,-0.0,1.0,0.0032389163970947266
FLOW-VOIP-0106,VOIP,PROFILE-01-TUNNEL-AES256GCM-PFS-IPV4,1298545,25.1,True,2512.0,2512,AES-GCM,TUNNEL,4,False,False,"{""codec"": ""G.711"", ""jitter_ms"": 0.72, ""vad"": false}",2512.0,678240.0,25.10082697868347,0.009996346865266218,0.9619073605886763,1.0,0.0,1.0,100.07638402245794,27020.623686063645,0.0,4.382773364622153,0.0,270.0,0.0,0.0,0.5,0.0,0.021249055862426758,-0.0,1.0,0.002337217330932617
FLOW-VOIP-0107,VOIP,PROFILE-02-TRANSPORT-AES128CBC-PFS-IPV4,2095595,40.0,True,4000.0,4000,AES-CBC,TRANSPORT,4,False,False,"{""codec"": ""G.711"", ""jitter_ms"": 0.34, ""vad"": false}",4000.0,1064000.0,39.98055100440979,0.009997637160392545,0.9821682740209375,1.0,0.0,1.0,100.04864614194052,26612.93987375618,0.0,4.38229042507054,0.0,266.0,0.0,0.0,0.5,0.0,0.0206758975982666,-0.0,1.0,0.0011219978332519531
FLOW-VOIP-0108,VOIP,PROFILE-03-TUNNEL-AES128GCM-NOPFS-IPV4,3154731,51.2,True,2879.0,2879,AES-GCM,TUNNEL,4,False,False,"{""codec"": ""G.729"", ""jitter_ms"": 0.79, ""vad"": true}",2879.0,367890.0,51.179835081100464,0.017783125462508848,0.3460513793080581,1.0,0.0,0.9867689150510341,56.25262362486878,7188.1825999836665,0.0,4.386910669793665,0.00665959933675829,127.78395276137547,6.277744770908878,0.049127802319841964,0.5032997568600208,0.0,0.02279806137084961,0.5023313904433786,1.0,0.019999980926513672
FLOW-VOIP-0109,VOIP,PROFILE-04-TRANSPORT-AES256CBC-PFS-IPV6,7926213,7.8,True,439.0,439,AES-CBC,TRANSPORT,6,False,False,"{""codec"": ""G.711"", ""jitter_ms"": 0.77, ""vad"": true}",439.0,128410.0,7.799158096313477,0.01780629702354675,0.34412882610297957,0.10933940774487472,0.0,0.24815318818040435,56.28812681813791,16464.597641724577,0.0,0.0,0.6023674168678451,292.50569476082006,49.93033268933037,0.170698668722187,0.765375854214123,0.0,0.022121906280517578,0.497920191535836,1.0,0.019999980926513672
FLOW-VOIP-0110,VOIP,PROFILE-05-TUNNEL-3DESCBC-NOPFS-IPV4,5545019,44.9,True,4490.0,4490,3DES,TUNNEL,4,False,False,"{""codec"": ""OPUS"", ""jitter_ms"": 0.81, ""vad"": false}",4490.0,818308.0,44.88000011444092,0.009997772357861643,0.9556564005741741,1.0,0.0,0.9995503926733554,100.04456302475063,18233.244160280097,0.0,4.382917114369147,0.00022485421137271168,182.2512249443207,20.39383186731316,0.11189955992637991,0.5,0.0,0.02160501480102539,0.9231897375595379,1.0,0.003059864044189453
FLOW-VOIP-0111,VOIP,PROFILE-06-TUNNEL-AES256GCM-PFS-IPV6,3240437,9.2,True,922.0,922,AES-GCM,TUNNEL,6,False,False,"{""codec"": ""G.729"", ""jitter_ms"": 0.92, ""vad"": false}",922.0,156740.0,9.200023174285889,0.009989167398790324,0.9514111961297538,1.0,0.0,1.0,100.21713886297533,17036.913606705806,0.0,4.383041170855077,0.0,170.0,0.0,0.0,0.5,0.0,0.02158212661743164,-0.0,1.0,0.0023860931396484375
FLOW-VOIP-0112,VOIP,PROFILE-09-TUNNEL-NATT-CHACHA-IPV4,2631843,29.3,True,1649.0,1649,CHACHA20,TUNNEL,4,False,True,"{""codec"": ""G.711"", ""jitter_ms"": 1.14, ""vad"": true}",1649.0,429142.0,29.29886293411255,0.01777843624642752,0.3445933020022604,1.0,0.0,0.7876298622855762,56.28204765858254,14647.053060217968,0.0,4.386977218088344,0.1187998378159211,260.2437841115828,50.256455699449084,0.19311299161674117,0.5512431776834446,0.0,0.024018049240112305,0.502853916663575,1.0,0.019999980926513672
FLOW-VOIP-0113,VOIP,PROFILE-01-TUNNEL-AES256GCM-PFS-IPV4,986531,39.4,True,3940.0,3940,AES-GCM,TUNNEL,4,False,False,"{""codec"": ""OPUS"", ""jitter_ms"": 0.87, ""vad"": false}",3940.0,724124.0,39.37973999977112,0.009997395277931231,0.9541139484129011,1.0,0.0,0.9926142805252557,100.05144777550335,18388.237200250907,0.0,4.3829545994313674,0.003706547497389925,183.78781725888325,20.60958462668264,0.11213792586508609,0.5,0.0,0.02161097526550293,0.9623665216694297,1.0,0.0031790733337402344
FLOW-VOIP-0114,VOIP,PROFILE-02-TRANSPORT-AES128CBC-PFS-IPV4,4190023,46.8,True,4680.0,4680,AES-CBC,TRANSPORT,4,False,False,"{""codec"": ""G.729"", ""jitter_ms"": 0.27, ""vad"": false}",4680.0,570960.0,46.78031897544861,0.009997930962908444,0.9853602696658169,1.0,0.0,1.0,100.04207116364837,12205.132681965102,0.0,4.382213996793103,0.0,122.0,0.0,0.0,0.5,0.0,0.020585060119628906,-0.0,1.0,0.0010318756103515625
FLOW-VOIP-0115,VOIP,PROFILE-03-TUNNEL-AES128GCM-NOPFS-IPV4,5158851,39.2,True,3920.0,3920,AES-GCM,TUNNEL,4,False,False,"{""codec"": ""G.711"", ""jitter_ms"": 0.6, ""vad"": false}",3920.0,1058400.0,39.18094301223755,0.009997688954385698,0.9675725420216167,1.0,0.0,1.0,100.04863841014878,27013.13237074017,0.0,4.382635671416337,0.0,270.0,0.0,0.0,0.5,0.0,0.02106189727783203,-0.0,1.0,0.002349853515625
FLOW-VOIP-0116,VOIP,PROFILE-04-TRANSPORT-AES256CBC-PFS-IPV6,1306667,43.1,False,4310.0,4310,AES-CBC,TRANSPORT,6,False,False,"{""codec"": ""G.729"", ""jitter_ms"": 1.15, ""vad"": false}",4310.0,715460.0,43.08034420013428,0.009997759155287602,0.9398595552163964,1.0,0.0,1.0,100.0456259118414,16607.57390136567,0.0,4.383290131509846,0.0,166.0,0.0,0.0,0.5,0.0,0.02173304557800293,-0.0,1.0,0.004435062408447266
FLOW-VOIP-0117,VOIP,PROFILE-05-TUNNEL-3DESCBC-NOPFS-IPV4,1266735,8.2,False,462.0,462,3DES,TUNNEL,4,False,False,"{""codec"": ""OPUS"", ""jitter_ms"": 1.08, ""vad"": true}",462.0,80340.0,8.198280096054077,0.01778368784393509,0.34422795064752676,1.0,0.0,0.7892298784018529,56.353283199285386,9799.616390109497,0.0,4.386985467502933,0.11779935275080909,173.8961038961039,29.55115210750639,0.16993567679447288,0.5562770562770563,0.0,0.023624181747436523,1.318015538088519,1.0,0.019999027252197266
FLOW-VOIP-0118,VOIP,PROFILE-06-TUNNEL-AES256GCM-PFS-IPV6,2161874,17.9,True,1007.0,1007,AES-GCM,TUNNEL,6,False,False,"{""codec"": ""G.729"", ""jitter_ms"": 0.23, ""vad"": true}",1007.0,168970.0,17.900110006332397,0.017793349906891052,0.34977990437655476,1.0,0.0,0.833044044261228,56.2566375091416,9439.606792373044,0.0,4.386742616594674,0.09108125702787477,167.79543197616684,6.263484677474329,0.037328100078218907,0.5441906653426017,0.0,0.020680904388427734,-0.0,1.0,0.019999980926513672
FLOW-VOIP-0119,VOIP,PROFILE-09-TUNNEL-NATT-CHACHA-IPV4,5836601,21.6,True,2162.0,2162,CHACHA20,TUNNEL,4,False,True,"{""codec"": ""G.711"", ""jitter_ms"": 0.93, ""vad"": false}",2162.0,601036.0,21.60199999809265,0.00999629800929785,0.9486520512110709,1.0,0.0,1.0,100.08332562683519,27823.164524260184,0.0,4.3830866182309025,0.0,278.0,0.0,0.0,0.5,0.0,0.021673202514648438,-0.0,1.0,0.0031321048736572266
FLOW-VOIP-0120,VOIP,PROFILE-01-TUNNEL-AES256GCM-PFS-IPV4,5471807,39.3,True,3930.0,3930,AES-GCM,TUNNEL,4,False,False,"{""codec"": ""OPUS"", ""jitter_ms"": 0.82, ""vad"": false}",3930.0,724916.0,39.28000020980835,0.009997454876510142,0.9553790175036786,1.0,0.0,1.0001986634365463,100.05091596253774,18455.09155111934,0.0,4.382924548372508,9.932185246287626e-05,184.45699745547074,20.399790652582844,0.110593747778571,0.5,0.0,0.02166914939880371,0.968052184325957,1.0,0.0028548240661621094
FLOW-VOIP-0121,VOIP,PROFILE-02-TRANSPORT-AES128CBC-PFS-IPV4,1475488,35.8,False,3580.0,3580,AES-CBC,TRANSPORT,4,False,False,"{""codec"": ""G.711"", ""jitter_ms"": 0.96, ""vad"": false}",3580.0,952280.0,35.78197407722473,0.009997757495731972,0.9485640225109846,1.0,0.0,1.0,100.05037710534462,26613.40031002167,0.0,4.383084674743469,0.0,266.0,0.0,0.0,0.5,0.0,0.0220339298248291,-0.0,1.0,0.003248929977416992
FLOW-VOIP-0122,VOIP,PROFILE-03-TUNNEL-AES128GCM-NOPFS-IPV4,7957360,12.8,True,1282.0,1282,AES-GCM,TUNNEL,4,False,False,"{""codec"": ""OPUS"", ""jitter_ms"": 0.67, ""vad"": false}",1282.0,235212.0,12.80049991607666,0.0099925838532995,0.9635356202716447,1.0,0.0,1.0127329670893874,100.15233845592897,18375.21983845239,0.0,4.382745393062534,0.0063262078465384135,183.47269890795633,20.712494899890448,0.11289142757027512,0.5,0.0,0.020788908004760742,0.9510665655782838,1.0,0.0017390251159667969
FLOW-VOIP-0123,VOIP,PROFILE-04-TRANSPORT-AES256CBC-PFS-IPV6,6009133,43.1,False,4310.0,4310,AES-CBC,TRANSPORT,6,False,False,"{""codec"": ""G.729"", ""jitter_ms"": 0.37, ""vad"": false}",4310.0,715460.0,43.07985496520996,0.009997645617361328,0.9801929650826808,1.0,0.0,1.0,100.04676207662794,16607.76250472024,0.0,4.382337168951669,0.0,166.0,0.0,0.0,0.5,0.0,0.02057790756225586,-0.0,1.0,0.001260995864868164
FLOW-VOIP-0124,VOIP,PROFILE-05-TUNNEL-3DESCBC-NOPFS-IPV4,5864252,33.4,True,3342.0,3342,3DES,TUNNEL,4,False,False,"{""codec"": ""G.711"", ""jitter_ms"": 0.25, ""vad"": false}",3342.0,902340.0,33.40038800239563,0.0099971230177778,0.986815194677724,1.0,0.0,1.0,100.05871787358566,27015.853825868133,0.0,4.382181841220894,0.0,270.0,0.0,0.0,0.5,0.0,0.02035689353942871,-0.0,1.0,0.0008149147033691406
FLOW-VOIP-0125,VOIP,PROFILE-06-TUNNEL-AES256GCM-PFS-IPV6,83395,31.5,True,1772.0,1772,AES-GCM,TUNNEL,6,False,False,"{""codec"": ""G.729"", ""jitter_ms"": 0.85, ""vad"": true}",1772.0,297320.0,31.49996590614319,0.017786542013632518,0.34533978216703926,1.0,0.0,0.9066307554187508,56.25402914021634,9438.740374700406,0.0,4.386935664714981,0.04897080586573387,167.78781038374717,6.272958586408876,0.03738625930013632,0.5237020316027088,0.0,0.02233600616455078,-0.0,1.0,0.019999980926513672
FLOW-VOIP-0126,VOIP,PROFILE-09-TUNNEL-NATT-CHACHA-IPV4,8704034,22.8,True,2282.0,2282,CHACHA20,TUNNEL,4,False,True,"{""codec"": ""G.711"", ""jitter_ms"": 1.19, ""vad"": false}",2282.0,634396.0,22.79905390739441,0.009995201186933103,0.9362961202539761,1.0,0.0,1.0,100.0918726394993,27825.540593780803,0.0,4.383381167897764,0.0,278.0,0.0,0.0,0.5,0.0,0.021819114685058594,-0.0,1.0,0.004485130310058594
FLOW-VOIP-0127,VOIP,PROFILE-01-TUNNEL-AES256GCM-PFS-IPV4,8865740,39.9,True,3990.0,3990,AES-GCM,TUNNEL,4,False,False,"{""codec"": ""G.729"", ""jitter_ms"": 0.87, ""vad"": false}",3990.0,518700.0,39.880975008010864,0.009997737530210795,0.9538767749989095,1.0,0.0,1.0,100.04770443045918,13006.201575959692,0.0,4.382959254200763,0.0,130.0,0.0,0.0,0.5,0.0,0.02170586585998535,-0.0,1.0,0.002814054489135742
FLOW-VOIP-0128,VOIP,PROFILE-02-TRANSPORT-AES128CBC-PFS-IPV4,1565951,22.4,True,1260.0,1260,AES-CBC,TRANSPORT,4,False,False,"{""codec"": ""G.711"", ""jitter_ms"": 1.09, ""vad"": true}",1260.0,312920.0,22.398754835128784,0.017790909320991886,0.3436960495185696,1.0,0.0,0.8795122830200012,56.25312698292925,13970.419440871603,0.0,4.386998048061674,0.06410584174868977,248.34920634920636,50.125606905294475,0.20183518055947539,0.5277777777777778,0.0,0.023295879364013672,0.5008727723448575,1.0,0.019999980926513672
FLOW-VOIP-0129,VOIP,PROFILE-03-TUNNEL-AES128GCM-NOPFS-IPV4,6480215,22.1,True,1244.0,1244,AES-GCM,TUNNEL,4,False,False,"{""codec"": ""OPUS"", ""jitter_ms"": 0.43, ""vad"": true}",1244.0,218680.0,22.099878072738647,0.017779467476056837,0.34881352239258545,1.0,0.0,1.0591337099811675,56.28990331555444,9895.077216274472,0.0,4.386801044298279,0.028717761112127267,175.7877813504823,30.067768771091227,0.17104584027454495,0.4871382636655949,0.0,0.021404027938842773,1.3537558897660924,1.0,0.019999980926513672
FLOW-VOIP-0130,VOIP,PROFILE-04-TRANSPORT-AES256CBC-PFS-IPV6,2285765,13.7,True,771.0,771,AES-CBC,TRANSPORT,6,False,False,"{""codec"": ""OPUS"", ""jitter_ms"": 1.18, ""vad"": true}",771.0,165570.0,13.700202941894531,0.01779247135310978,0.34116977217813654,1.0,0.0,0.6756401173970246,56.27653862282001,12085.222438106757,0.0,4.387100670410263,0.1935737150449961,214.74708171206225,30.698941475176447,0.14295394019062052,0.5901426718547341,0.0,0.02320694923400879,0.9414735323004283,1.0,0.019999980926513672
FLOW-VOIP-0131,VOIP,PROFILE-05-TUNNEL-3DESCBC-NOPFS-IPV4,7004955,27.9,True,1570.0,1570,3DES,TUNNEL,4,False,False,"{""codec"": ""G.729"", ""jitter_ms"": 0.66, ""vad"": true}",1570.0,195036.0,27.90000009536743,0.01778202682942475,0.3473876376370212,1.0,0.0,1.0222300561972504,56.27240124134214,6990.537610513634,0.0,4.386856750864569,0.010992842347053928,124.22675159235669,5.022704909417187,0.04043174956308058,0.4949044585987261,0.0,0.021911144256591797,-0.0,1.0,0.019999980926513672
FLOW-VOIP-0132,VOIP,PROFILE-06-TUNNEL-AES256GCM-PFS-IPV6,2557865,19.7,False,1109.0,1109,AES-GCM,TUNNEL,6,False,False,"{""codec"": ""G.711"", ""jitter_ms"": 0.93, ""vad"": true}",1109.0,324110.0,19.70222282409668,0.017781789552433827,0.3443758878975631,0.1109107303877367,0.0,0.7434642280796127,56.28806505241858,16450.42810111757,0.0,0.0,0.14714140261022496,292.25428313796215,50.24344963254845,0.1719168974807819,0.5644724977457168,0.0,0.02294301986694336,0.502656899192055,1.0,0.019999027252197266
FLOW-VOIP-0133,VOIP,PROFILE-09-TUNNEL-NATT-CHACHA-IPV4,5183255,26.6,True,2662.0,2662,CHACHA20,TUNNEL,4,False,True,"{""codec"": ""G.711"", ""jitter_ms"": 1.18, ""vad"": false}",2662.0,740036.0,26.60235095024109,0.009997125498023708,0.9378810018368634,1.0,0.0,1.0,100.06634394754029,27818.4436174162,0.0,4.383338541402561,0.0,278.0,0.0,0.0,0.5,0.0,0.02222299575805664,-0.0,1.0,0.0035631656646728516
FLOW-VOIP-0134,VOIP,PROFILE-01-TUNNEL-AES256GCM-PFS-IPV4,1391797,51.2,True,5120.0,5120,AES-GCM,TUNNEL,4,False,False,"{""codec"": ""OPUS"", ""jitter_ms"": 0.86, ""vad"": false}",5120.0,946632.0,51.18057298660278,0.009998158426763583,0.9521240059629165,1.0,0.0,0.9973667552854791,100.03795778801128,18495.92422983998,0.0,4.382999493161557,0.0013183581370585606,184.8890625,20.497794219649546,0.11086536944092919,0.5,0.0,0.021402835845947266,0.9752323339444549,1.0,0.0034110546112060547
FLOW-VOIP-0135,VOIP,PROFILE-02-TRANSPORT-AES128CBC-PFS-IPV4,5868906,51.5,True,5150.0,5150,AES-CBC,TRANSPORT,4,False,False,"{""codec"": ""G.711"", ""jitter_ms"": 0.34, ""vad"": false}",5150.0,1369900.0,51.480360984802246,0.00999812798306511,0.9814092088680106,1.0,0.0,1.0,100.03814855766755,26610.14751633957,0.0,4.382307003395838,0.0,266.0,0.0,0.0,0.5,0.0,0.020555973052978516,-0.0,1.0,0.0009870529174804688
FLOW-VOIP-0136,VOIP,PROFILE-03-TUNNEL-AES128GCM-NOPFS-IPV4,6077796,28.7,True,2872.0,2872,AES-GCM,TUNNEL,4,False,False,"{""codec"": ""OPUS"", ""jitter_ms"": 0.76, ""vad"": false}",2872.0,532256.0,28.700000047683716,0.009996516909677365,0.9563151366044897,1.0,0.0,0.9934383005498045,100.0696862448887,18545.505195668342,0.0,4.382905034991366,0.003291649131245098,185.32590529247912,20.45968037669145,0.11039838356328127,0.5,0.0,0.02113485336303711,0.9771323442216153,1.0,0.0025482177734375
FLOW-VOIP-0137,VOIP,PROFILE-04-TRANSPORT-AES256CBC-PFS-IPV6,9480163,58.7,True,3301.0,3301,AES-CBC,TRANSPORT,6,False,False,"{""codec"": ""G.729"", ""jitter_ms"": 0.9, ""vad"": true}",3301.0,542110.0,58.68000102043152,0.017781818491039852,0.3459731816770616,1.0,0.0,0.8364408731825634,56.25425941711624,9238.41156395422,0.0,4.386915627277788,0.08906310527383741,164.2259921235989,5.023646292971407,0.030589836773161568,0.5434716752499242,0.0,0.023073911666870117,-0.0,1.0,0.019999980926513672
FLOW-VOIP-0138,VOIP,PROFILE-05-TUNNEL-3DESCBC-NOPFS-IPV4,5200101,20.4,True,2042.0,2042,3DES,TUNNEL,4,False,False,"{""codec"": ""G.711"", ""jitter_ms"": 0.38, ""vad"": false}",2042.0,551340.0,20.400121927261353,0.009995160179941868,0.9787923192393756,1.0,0.0,1.0,100.09744095064492,27026.30905667413,0.0,4.382377370251263,0.0,270.0,0.0,0.0,0.5,0.0,0.020773887634277344,-0.0,1.0,0.0012459754943847656
FLOW-VOIP-0139,VOIP,PROFILE-06-TUNNEL-AES256GCM-PFS-IPV6,2395493,25.4,False,1429.0,1429,AES-GCM,TUNNEL,6,False,False,"{""codec"": ""G.711"", ""jitter_ms"": 1.15, ""vad"": true}",1429.0,417710.0,25.400001049041748,0.01778711558056145,0.34284397664730915,0.11056682995101469,0.0,1.1923581588201333,56.259840196105465,16445.274911347246,0.0,0.0,0.08774029829307413,292.30930720783766,50.17519541844691,0.17165103601292914,0.46116165150454863,0.0,0.023360013961791992,0.5016233245504806,1.0,0.019999980926513672
FLOW-VOIP-0140,VOIP,PROFILE-09-TUNNEL-NATT-CHACHA-IPV4,2497864,25.8,False,1452.0,1452,CHACHA20,TUNNEL,4,False,True,"{""codec"": ""G.729"", ""jitter_ms"": 1.12, ""vad"": true}",1452.0,197156.0,25.802303075790405,0.017782428032936184,0.3442449504579344,1.0,0.0,1.1947190310802387,56.27404638008348,7641.023338919931,0.0,4.3869864136592644,0.08872162145712024,135.78236914600552,6.279707833594053,0.04624833012628864,0.4573002754820937,0.0,0.02399587631225586,0.5025692443951746,1.0,0.019999980926513672
FLOW-VOIP-0141,VOIP,PROFILE-01-TUNNEL-AES256GCM-PFS-IPV4,4963769,35.7,True,3572.0,3572,AES-GCM,TUNNEL,4,False,False,"{""codec"": ""G.711"", ""jitter_ms"": 0.4, ""vad"": false}",3572.0,964440.0,35.70024800300598,0.00999726911313525,0.9781611357093185,1.0,0.0,1.0,100.0553273383209,27014.938381346637,0.0,4.382386333524107,0.0,270.0,0.0,0.0,0.5,0.0,0.020656108856201172,-0.0,1.0,0.0013060569763183594
FLOW-VOIP-0142,VOIP,PROFILE-02-TRANSPORT-AES128CBC-PFS-IPV4,3461755,22.4,True,1260.0,1260,AES-CBC,TRANSPORT,4,False,False,"{""codec"": ""G.711"", ""jitter_ms"": 0.87, ""vad"": true}",1260.0,312920.0,22.39880681037903,0.017790950603954747,0.3441562142309664,1.0,0.0,0.8006675106456439,56.25299645051399,13970.38702324987,0.0,4.3869789263893795,0.11069922024798673,248.34920634920636,50.125606905294475,0.20183518055947539,0.5476190476190477,0.0,0.022253990173339844,0.5008727723448575,1.0,0.019999980926513672
FLOW-VOIP-0143,VOIP,PROFILE-03-TUNNEL-AES128GCM-NOPFS-IPV4,6964683,56.0,True,5600.0,5600,AES-GCM,TUNNEL,4,False,False,"{""codec"": ""G.729"", ""jitter_ms"": 1.13, ""vad"": false}",5600.0,728000.0,55.979954957962036,0.009998205922122172,0.9387032735531987,1.0,0.0,1.0,100.03580753513113,13004.654979567047,0.0,4.383316193636427,0.0,130.0,0.0,0.0,0.5,0.0,0.02255988121032715,-0.0,1.0,0.0040130615234375
FLOW-VOIP-0144,VOIP,PROFILE-04-TRANSPORT-AES256CBC-PFS-IPV6,7994515,48.2,True,4820.0,4820,AES-CBC,TRANSPORT,6,False,False,"{""codec"": ""G.711"", ""jitter_ms"": 1.12, ""vad"": false}",4820.0,1494200.0,48.1818528175354,0.009998309362426934,0.9376988817206404,0.0,0.0,1.0,100.03766393653088,31011.675820324574,0.0,0.0,0.0,310.0,0.0,0.0,0.5,0.0,0.021786928176879883,-0.0,1.0,0.005053997039794922
FLOW-VOIP-0145,VOIP,PROFILE-05-TUNNEL-3DESCBC-NOPFS-IPV4,248660,42.1,False,2368.0,2368,3DES,TUNNEL,4,False,False,"{""codec"": ""OPUS"", ""jitter_ms"": 0.36, ""vad"": true}",2368.0,412272.0,42.08023500442505,0.01777787706143855,0.3500758368351954,1.0,0.0,0.9625271335542099,56.27344998788593,9797.283688093627,0.0,4.386750838316688,0.019094190243334523,174.10135135135135,29.66462081172745,0.17038707960320032,0.5084459459459459,0.0,0.021058082580566406,1.3130893320784667,1.0,0.019999980926513672
FLOW-VOIP-0146,VOIP,PROFILE-06-TUNNEL-AES256GCM-PFS-IPV6,1596891,25.2,False,2522.0,2522,AES-GCM,TUNNEL,6,False,False,"{""codec"": ""OPUS"", ""jitter_ms"": 0.43, ""vad"": false}",2522.0,566124.0,25.200000047683716,0.00999603333902567,0.9773393201785474,1.0,0.0,0.9983339098758198,100.07936488999381,22465.238052729124,0.0,4.382409282308978,0.0008337396047508942,224.4742268041237,20.403083461264114,0.0908927664068439,0.5,0.0,0.020678043365478516,0.5632766196054154,1.0,0.001394033432006836
FLOW-VOIP-0147,VOIP,PROFILE-09-TUNNEL-NATT-CHACHA-IPV4,2763734,49.3,True,4930.0,4930,CHACHA20,TUNNEL,4,False,True,"{""codec"": ""OPUS"", ""jitter_ms"": 0.83, ""vad"": false}",4930.0,949024.0,49.280760049819946,0.00999812539050922,0.955864469748277,1.0,0.0,1.0040798570782987,100.03904150455594,19257.49519773219,0.0,4.382911218857879,0.0020357757021951454,192.49979716024342,20.571433450253238,0.10686470195669283,0.5,0.0,0.021505117416381836,0.9998707139850553,1.0,0.0026810169219970703
FLOW-VOIP-0148,VOIP,PROFILE-01-TUNNEL-AES256GCM-PFS-IPV4,2029493,20.2,False,2022.0,2022,AES-GCM,TUNNEL,4,False,False,"{""codec"": ""OPUS"", ""jitter_ms"": 1.18, ""vad"": false}",2022.0,373192.0,20.2017560005188,0.009995920831528352,0.9399708668283195,1.0,0.0,1.002124486314231,100.09030897849044,18473.245592631458,0.0,4.383292529804688,0.0010611159939120111,184.56577645895155,20.579737469848183,0.11150354017243945,0.5,0.0,0.0224301815032959,0.9689493364993799,1.0,0.0036468505859375
FLOW-VOIP-0149,VOIP,PROFILE-02-TRANSPORT-AES128CBC-PFS-IPV4,1028059,15.0,False,844.0,844,AES-CBC,TRANSPORT,4,False,False,"{""codec"": ""G.729"", ""jitter_ms"": 1.08, ""vad"": true}",844.0,101480.0,15.000279188156128,0.01779392549010217,0.3437458986288085,1.0,0.0,1.0148512885676846,56.26561942036404,6765.207415614387,0.0,4.386992035145858,0.007370910524241247,120.23696682464455,5.010014453899609,0.041667837988680234,0.49644549763033174,0.0,0.022794008255004883,-0.0,1.0,0.019999980926513672
FLOW-VOIP-0150,VOIP,PROFILE-03-TUNNEL-AES128GCM-NOPFS-IPV4,4426349,19.6,True,1962.0,1962,AES-GCM,TUNNEL,4,False,False,"{""codec"": ""G.711"", ""jitter_ms"": 1.16, ""vad"": false}",1962.0,529740.0,19.599612951278687,0.009994703187801471,0.9367382542531945,1.0,0.0,1.0,100.10401760877622,27028.084754369578,0.0,4.383372098319307,0.0,270.0,0.0,0.0,0.5,0.0,0.021904945373535156,-0.0,1.0,0.0037870407104492188
FLOW-VOIP-0151,VOIP,PROFILE-04-TRANSPORT-AES256CBC-PFS-IPV6,7810520,43.8,True,4380.0,4380,AES-CBC,TRANSPORT,6,False,False,"{""codec"": ""G.711"", ""jitter_ms"": 0.83, ""vad"": false}",4380.0,1357800.0,43.7804388999939,0.009997816601962525,0.9548131618716339,0.0,0.0,1.0,100.04467999978435,31013.85079993315,0.0,0.0,0.0,310.0,0.0,0.0,0.5,0.0,0.02179694175720215,-0.0,1.0,0.0028460025787353516
FLOW-VOIP-0152,VOIP,PROFILE-05-TUNNEL-3DESCBC-NOPFS-IPV4,4965257,46.0,True,4600.0,4600,3DES,TUNNEL,4,False,False,"{""codec"": ""G.729"", ""jitter_ms"": 0.76, ""vad"": false}",4600.0,579600.0,45.97998309135437,0.009997821937672183,0.958788309819003,1.0,0.0,1.0,100.04353396260686,12605.485279288465,0.0,4.382842970486677,0.0,126.0,0.0,0.0,0.5,0.0,0.021191835403442383,-0.0,1.0,0.002579927444458008
FLOW-VOIP-0153,VOIP,PROFILE-06-TUNNEL-AES256GCM-PFS-IPV6,8334546,23.9,True,2392.0,2392,AES-GCM,TUNNEL,6,False,False,"{""codec"": ""OPUS"", ""jitter_ms"": 0.96, ""vad"": false}",2392.0,536812.0,23.900639057159424,0.009996084925620837,0.9474073821993844,1.0,0.0,0.9964445634548728,100.08100596303836,22460.152580698392,0.0,4.383116588687536,0.001780884182916913,224.41973244147158,20.390774651746685,0.09085999002812543,0.5,0.0,0.021236181259155273,0.5728411671003781,1.0,0.0035240650177001953
FLOW-VOIP-0154,VOIP,PROFILE-09-TUNNEL-NATT-CHACHA-IPV4,8637907,45.8,False,2576.0,2576,CHACHA20,TUNNEL,4,False,True,"{""codec"": ""G.711"", ""jitter_ms"": 0.97, ""vad"": true}",2576.0,670368.0,45.778793811798096,0.017778172354096348,0.34514710129637344,1.0,0.0,0.9444370319234718,56.270595738940465,14643.636150746133,0.0,4.386954631073499,0.02857534965869493,260.2360248447205,50.2660642136161,0.19315567183140467,0.5120341614906833,0.0,0.022958993911743164,0.5029994812385763,1.0,0.019999980926513672
FLOW-VOIP-0155,VOIP,PROFILE-01-TUNNEL-AES256GCM-PFS-IPV4,1092545,18.9,True,1064.0,1064,AES-GCM,TUNNEL,4,False,False,"{""codec"": ""G.711"", ""jitter_ms"": 0.8, ""vad"": true}",1064.0,268400.0,18.899938106536865,0.017779810072000815,0.34638608777575547,1.0,0.0,1.0104868913857679,56.296480655246036,14201.104706642891,0.0,4.386901163362143,0.0052160953800298405,252.25563909774436,50.24176948049745,0.19917005487052641,0.4981203007518797,0.0,0.022336959838867188,0.5026314495953952,1.0,0.019999980926513672
FLOW-VOIP-0156,VOIP,PROFILE-02-TRANSPORT-AES128CBC-PFS-IPV4,5531234,51.7,True,5170.0,5170,AES-CBC,TRANSPORT,4,False,False,"{""codec"": ""G.711"", ""jitter_ms"": 0.32, ""vad"": false}",5170.0,1375220.0,51.680009841918945,0.009998067293851606,0.9827943723368143,1.0,0.0,1.0,100.03868063907534,26610.28904999404,0.0,4.382274376302721,0.0,266.0,0.0,0.0,0.5,0.0,0.020497798919677734,-0.0,1.0,0.0010440349578857422
FLOW-VOIP-0157,VOIP,PROFILE-03-TUNNEL-AES128GCM-NOPFS-IPV4,3842844,12.9,True,1292.0,1292,AES-GCM,TUNNEL,4,False,False,"{""codec"": ""G.729"", ""jitter_ms"": 0.25, ""vad"": false}",1292.0,167960.0,12.899975061416626,0.009992234749354473,0.9866717095533806,1.0,0.0,1.0,100.15523238214055,13020.180209678272,0.0,4.382199193465124,0.0,130.0,0.0,0.0,0.5,0.0,0.020545005798339844,-0.0,1.0,0.0008189678192138672
FLOW-VOIP-0158,VOIP,PROFILE-04-TRANSPORT-AES256CBC-PFS-IPV6,716636,29.1,True,2912.0,2912,AES-CBC,TRANSPORT,6,False,False,"{""codec"": ""G.729"", ""jitter_ms"": 0.51, ""vad"": false}",2912.0,483392.0,29.09999990463257,0.009996564721618882,0.9723866390598881,1.0,0.0,1.0,100.06872885028514,16611.408989147334,0.0,4.382524964109254,0.0,166.0,0.0,0.0,0.5,0.0,0.02081298828125,-0.0,1.0,0.0016989707946777344
FLOW-VOIP-0159,VOIP,PROFILE-05-TUNNEL-3DESCBC-NOPFS-IPV4,221556,28.9,True,2892.0,2892,3DES,TUNNEL,4,False,False,"{""codec"": ""G.711"", ""jitter_ms"": 0.61, ""vad"": false}",2892.0,780840.0,28.9008150100708,0.009996822902134486,0.9670590563852881,1.0,0.0,1.0,100.06638217615148,27017.9231875609,0.0,4.382650242994549,0.0,270.0,0.0,0.0,0.5,0.0,0.021242141723632812,-0.0,1.0,0.001856088638305664
FLOW-VOIP-0160,VOIP,PROFILE-06-TUNNEL-AES256GCM-PFS-IPV6,9511149,49.1,False,4910.0,4910,AES-GCM,TUNNEL,6,False,False,"{""codec"": ""G.711"", ""jitter_ms"": 1.1, ""vad"": false}",4910.0,1522100.0,49.08275508880615,0.009998524157426391,0.9429304007630835,0.0,0.0,1.0,100.03513435862075,31010.891651172435,0.0,0.0,0.0,310.0,0.0,0.0,0.5,0.0,0.021970033645629883,-0.0,1.0,0.003692150115966797
FLOW-VOIP-0161,VOIP,PROFILE-09-TUNNEL-NATT-CHACHA-IPV4,9051483,19.8,True,1114.0,1114,CHACHA20,TUNNEL,4,False,True,"{""codec"": ""OPUS"", ""jitter_ms"": 0.82, ""vad"": true}",1114.0,205848.0,19.798590898513794,0.017788491373327758,0.3444363150510785,1.0,0.0,0.9298008774890314,56.266630575392306,10397.103564347715,0.0,4.38697054208844,0.03637635536901014,184.78276481149013,30.433336941300784,0.16469791959411348,0.518850987432675,0.0,0.022241830825805664,1.3879846478360107,1.0,0.019999980926513672
FLOW-VOIP-0162,VOIP,PROFILE-01-TUNNEL-AES256GCM-PFS-IPV4,4279720,43.6,True,2452.0,2452,AES-GCM,TUNNEL,4,False,False,"{""codec"": ""G.729"", ""jitter_ms"": 0.22, ""vad"": true}",2452.0,313320.0,43.579999923706055,0.017780497724890272,0.3511524337170232,1.0,0.0,0.9153930798386111,56.26434153952796,7189.536497212439,0.0,4.386702739907906,0.044172092429465085,127.78140293637847,6.280905057531053,0.04915351462104603,0.5212071778140294,0.0,0.02073502540588379,0.5027143209141739,1.0,0.019999980926513672
FLOW-VOIP-0163,VOIP,PROFILE-02-TRANSPORT-AES128CBC-PFS-IPV4,8644596,15.9,True,895.0,895,AES-CBC,TRANSPORT,4,False,False,"{""codec"": ""G.711"", ""jitter_ms"": 0.91, ""vad"": true}",895.0,222230.0,15.900000095367432,0.01778523500600384,0.3440843402501018,1.0,0.0,0.78693190955582,56.28930783848008,13976.72947591668,0.0,4.386989389703875,0.1192368267110651,248.30167597765364,50.18467067118684,0.20211168721915232,0.5519553072625698,0.0,0.022233009338378906,0.5017667734470089,1.0,0.019999980926513672
FLOW-VOIP-0164,VOIP,PROFILE-03-TUNNEL-AES128GCM-NOPFS-IPV4,2301433,19.9,True,1992.0,1992,AES-GCM,TUNNEL,4,False,False,"{""codec"": ""OPUS"", ""jitter_ms"": 0.9, ""vad"": false}",1992.0,366372.0,19.900970935821533,0.009995465060683844,0.9509212067561278,1.0,0.0,0.9956641101621057,100.0956187727716,18409.755040671625,0.0,4.383035340924244,0.0021726551155655882,183.92168674698794,20.43251925089066,0.11109358342824834,0.5,0.0,0.021539926528930664,0.9645138688729951,1.0,0.002653837203979492
FLOW-VOIP-0165,VOIP,PROFILE-04-TRANSPORT-AES256CBC-PFS-IPV6,8353692,32.6,True,3262.0,3262,AES-CBC,TRANSPORT,6,False,False,"{""codec"": ""G.711"", ""jitter_ms"": 0.83, ""vad"": false}",3262.0,1011220.0,32.601606130599976,0.009997425983011338,0.9563059466662712,0.0,0.0,1.0,100.05642013257365,31017.490241097832,0.0,0.0,0.0,310.0,0.0,0.0,0.5,0.0,0.021336078643798828,-0.0,1.0,0.003075122833251953
FLOW-VOIP-0166,VOIP,PROFILE-05-TUNNEL-3DESCBC-NOPFS-IPV4,5438193,35.6,True,3562.0,3562,3DES,TUNNEL,4,False,False,"{""codec"": ""OPUS"", ""jitter_ms"": 0.43, ""vad"": false}",3562.0,649228.0,35.600698947906494,0.00999738807860334,0.9753866384366873,1.0,0.0,1.0046439532887463,100.05421537403451,18236.38353140193,0.0,4.3824516604727615,0.002316597558946883,182.26501965188098,20.361291880235935,0.11171255965146358,0.5,0.0,0.02077198028564453,0.9133525990767272,1.0,0.00145721435546875
FLOW-VOIP-0167,VOIP,PROFILE-06-TUNNEL-AES256GCM-PFS-IPV6,7121985,58.2,True,3273.0,3273,AES-GCM,TUNNEL,6,False,False,"{""codec"": ""G.711"", ""jitter_ms"": 0.53, ""vad"": true}",3273.0,956550.0,58.18005108833313,0.017781189207925773,0.3482745498975253,0.11090742438130156,0.0,0.8652016223383512,56.25639611472146,16441.202475874372,0.0,0.0,0.072270137473211,292.25481209899175,50.24279421488522,0.17191434369904274,0.5316223648029331,0.0,0.02188897132873535,0.502646971408409,1.0,0.019999980926513672
FLOW-VOIP-0168,VOIP,PROFILE-09-TUNNEL-NATT-CHACHA-IPV4,5464675,56.2,False,3161.0,3161,CHACHA20,TUNNEL,4,False,True,"{""codec"": ""OPUS"", ""jitter_ms"": 0.5, ""vad"": true}",3161.0,581846.0,56.1800000667572,0.017778481033783926,0.3482628701996453,1.0,0.0,0.9548649375083994,56.26557487084136,10356.817360423778,0.0,4.38682516346439,0.023088583577097723,184.07023093957608,30.324473317399555,0.16474403906927262,0.5105979120531478,0.0,0.021615028381347656,1.3919948906906008,1.0,0.019999980926513672
FLOW-VOIP-0169,VOIP,PROFILE-01-TUNNEL-AES256GCM-PFS-IPV4,5734422,56.2,False,5620.0,5620,AES-GCM,TUNNEL,4,False,False,"{""codec"": ""G.729"", ""jitter_ms"": 0.64, ""vad"": false}",5620.0,730600.0,56.180235147476196,0.009998262172535362,0.9641484195666294,1.0,0.0,1.0,100.03518114951267,13004.573549436647,0.0,4.382715036727845,0.0,130.0,0.0,0.0,0.5,0.0,0.02138209342956543,-0.0,1.0,0.0020148754119873047
FLOW-VOIP-0170,VOIP,PROFILE-02-TRANSPORT-AES128CBC-PFS-IPV4,719795,19.6,True,1103.0,1103,AES-CBC,TRANSPORT,4,False,False,"{""codec"": ""G.729"", ""jitter_ms"": 1.12, ""vad"": true}",1103.0,132614.0,19.599629878997803,0.01778550805716679,0.342212713724826,1.0,0.0,0.76658496296691,56.276572915386105,6766.148178242079,0.0,4.387066551115102,0.1321278296409127,120.23028105167724,5.018326216689362,0.04173928708136672,0.5639165911151405,0.0,0.02319812774658203,-0.0,1.0,0.019999980926513672
FLOW-VOIP-0171,VOIP,PROFILE-03-TUNNEL-AES128GCM-NOPFS-IPV4,6749175,44.2,True,2486.0,2486,AES-GCM,TUNNEL,4,False,False,"{""codec"": ""G.711"", ""jitter_ms"": 0.42, ""vad"": true}",2486.0,627060.0,44.18012595176697,0.01777872271700884,0.3491425189153843,1.0,0.0,1.1735181975736568,56.26964492392022,14193.259672563721,0.0,4.386788395802743,0.07983287085765317,252.23652453740948,50.265445521794156,0.19927901248234664,0.4658085277554304,0.0,0.021464824676513672,0.5029901079925858,1.0,0.019999980926513672
FLOW-VOIP-0172,VOIP,PROFILE-04-TRANSPORT-AES256CBC-PFS-IPV6,9945232,40.3,True,2266.0,2266,AES-CBC,TRANSPORT,6,False,False,"{""codec"": ""OPUS"", ""jitter_ms"": 0.92, ""vad"": true}",2266.0,487164.0,40.279608964920044,0.017783491816741742,0.3450769879355881,1.0,0.0,1.0877323802422154,56.256752690262815,12094.55634051156,0.0,4.386950555239921,0.0420228095672094,214.98852603706973,30.290340419300716,0.14089282334108313,0.48146513680494263,0.0,0.022523880004882812,0.8786912792874901,1.0,0.019999980926513672
FLOW-VOIP-0173,VOIP,PROFILE-05-TUNNEL-3DESCBC-NOPFS-IPV4,2101365,8.1,False,812.0,812,3DES,TUNNEL,4,False,False,"{""codec"": ""G.729"", ""jitter_ms"": 0.32, ""vad"": false}",812.0,102312.0,8.100194931030273,0.009987909902626725,0.9834445977537338,1.0,0.0,1.0,100.24450114026092,12630.807143672877,0.0,4.382287886889808,0.0,126.0,0.0,0.0,0.5,0.0,0.02043604850769043,-0.0,1.0,0.001068115234375
FLOW-VOIP-0174,VOIP,PROFILE-06-TUNNEL-AES256GCM-PFS-IPV6,4130117,20.6,False,2062.0,2062,AES-GCM,TUNNEL,6,False,False,"{""codec"": ""G.729"", ""jitter_ms"": 1.06, ""vad"": false}",2062.0,350540.0,20.600367069244385,0.009995326088910425,0.9416106500878878,1.0,0.0,1.0,100.09530379089665,17016.20164445243,0.0,4.383255471091174,0.0,170.0,0.0,0.0,0.5,0.0,0.021457910537719727,-0.0,1.0,0.0036249160766601562
FLOW-VOIP-0175,VOIP,PROFILE-09-TUNNEL-NATT-CHACHA-IPV4,8852962,55.1,True,3099.0,3099,CHACHA20,TUNNEL,4,False,True,"{""codec"": ""G.729"", ""jitter_ms"": 0.82, ""vad"": true}",3099.0,420782.0,55.079999923706055,0.01777921237046677,0.34639254391153845,1.0,0.0,0.9857574327512978,56.26361663566763,7639.469872600677,0.0,4.386901682114878,0.007172360034412114,135.77992900935786,6.282730665033633,0.046271423993752656,0.5033881897386253,0.0,0.022933006286621094,0.5029355655153076,1.0,0.019999980926513672
FLOW-VOIP-0176,VOIP,PROFILE-01-TUNNEL-AES256GCM-PFS-IPV4,7857748,39.0,False,2193.0,2193,AES-GCM,TUNNEL,4,False,False,"{""codec"": ""G.711"", ""jitter_ms"": 0.99, ""vad"": true}",2193.0,553230.0,38.97951078414917,0.01778262353291477,0.3450563259547625,1.0,0.0,1.046271637816245,56.260326409529306,14192.841030343776,0.0,4.38695255034865,0.022612656580445794,252.27086183310533,50.22290081787812,0.1990832411358869,0.4906520747834017,0.0,0.02348804473876953,0.5023456665694886,1.0,0.019999980926513672
FLOW-VOIP-0177,VOIP,PROFILE-02-TRANSPORT-AES128CBC-PFS-IPV4,2634346,32.8,True,1845.0,1845,AES-CBC,TRANSPORT,4,False,False,"{""codec"": ""OPUS"", ""jitter_ms"": 0.55, ""vad"": true}",1845.0,314354.0,32.80006217956543,0.017787452375035484,0.3476405620101295,1.0,0.0,0.9178919624662917,56.249893366038876,9583.945246172241,0.0,4.386839116774046,0.0428116072962329,170.38157181571816,30.401142588727282,0.17842975777690703,0.5186991869918699,0.0,0.021810054779052734,1.2576591686906096,1.0,0.019999980926513672
FLOW-VOIP-0178,VOIP,PROFILE-03-TUNNEL-AES128GCM-NOPFS-IPV4,10002603,5.3,True,532.0,532,AES-GCM,TUNNEL,4,False,False,"{""codec"": ""OPUS"", ""jitter_ms"": 1.15, ""vad"": false}",532.0,97948.0,5.299999952316284,0.009981167518486411,0.9365854709203427,1.0,0.0,1.0013894564773191,100.37735939365386,18480.754883251146,0.0,4.383412577127605,0.0006942459264099185,184.11278195488723,20.33891567308758,0.11046987317844767,0.5,0.0,0.02172708511352539,0.9700641521715765,1.0,0.004019975662231445
FLOW-VOIP-0179,VOIP,PROFILE-04-TRANSPORT-AES256CBC-PFS-IPV6,2805296,44.5,False,4450.0,4450,AES-CBC,TRANSPORT,6,False,False,"{""codec"": ""OPUS"", ""jitter_ms"": 0.81, ""vad"": false}",4450.0,989404.0,44.480135917663574,0.009997782854048905,0.9564563180473692,1.0,0.0,1.0007441589588246,100.0446583220276,22243.726993808403,0.0,4.382898185281985,0.00037194108776600473,222.33797752808988,20.75294852097164,0.09333964782669546,0.5,0.0,0.02197885513305664,0.5185163520736694,1.0,0.002566099166870117
FLOW-VOIP-0180,VOIP,PROFILE-05-TUNNEL-3DESCBC-NOPFS-IPV4,3870530,10.3,True,1032.0,1032,3DES,TUNNEL,4,False,False,"{""codec"": ""G.729"", ""jitter_ms"": 0.4, ""vad"": false}",1032.0,130032.0,10.30021595954895,0.009990510145052329,0.979051661740829,1.0,0.0,1.0,100.19207403542552,12624.201328463616,0.0,4.382384413962948,0.0,126.0,0.0,0.0,0.5,0.0,0.020583152770996094,-0.0,1.0,0.0012691020965576172
FLOW-VOIP-0181,VOIP,PROFILE-06-TUNNEL-AES256GCM-PFS-IPV6,7709113,29.1,False,1637.0,1637,AES-GCM,TUNNEL,6,False,False,"{""codec"": ""G.711"", ""jitter_ms"": 0.66, ""vad"": true}",1637.0,478510.0,29.099903106689453,0.01778722683782974,0.345310058045776,0.11056811240073305,0.0,0.9750288921908535,56.254482841342806,16443.697363720796,0.0,0.0,0.01264341393074336,292.30910201588273,50.175450231903746,0.17165202823269404,0.5058032987171656,0.0,0.02205491065979004,0.5016271821055757,1.0,0.019999980926513672
FLOW-VOIP-0182,VOIP,PROFILE-09-TUNNEL-NATT-CHACHA-IPV4,6805350,44.8,True,2519.0,2519,CHACHA20,TUNNEL,4,False,True,"{""codec"": ""G.711"", ""jitter_ms"": 0.24, ""vad"": true}",2519.0,655642.0,44.779666900634766,0.017783823232976476,0.3505109200383435,1.0,0.0,1.0766302213325563,56.25320986843456,14641.511323763467,0.0,4.386724923766908,0.03690123573535556,260.27868201667326,50.21320310701123,0.19292092121395718,0.48352520841603813,0.0,0.02079010009765625,0.5021988033372311,1.0,0.019999980926513672
FLOW-VOIP-0183,VOIP,PROFILE-01-TUNNEL-AES256GCM-PFS-IPV4,9889750,20.6,False,2062.0,2062,AES-GCM,TUNNEL,4,False,False,"{""codec"": ""G.711"", ""jitter_ms"": 0.66, ""vad"": false}",2062.0,556740.0,20.600425958633423,0.00999535466212199,0.9631859281149491,1.0,0.0,1.0,100.09501765354699,27025.654766457686,0.0,4.382745915602955,0.0,270.0,0.0,0.0,0.5,0.0,0.021370887756347656,-0.0,1.0,0.002454996109008789
FLOW-VOIP-0184,VOIP,PROFILE-02-TRANSPORT-AES128CBC-PFS-IPV4,8536290,54.4,True,3059.0,3059,AES-CBC,TRANSPORT,4,False,False,"{""codec"": ""G.711"", ""jitter_ms"": 0.95, ""vad"": true}",3059.0,759454.0,54.38000011444092,0.017782864654820443,0.3460450650718359,1.0,0.0,1.0813801797851348,56.25229852082448,13965.685884548622,0.0,4.386911274224223,0.03909914227853166,248.26871526642694,50.22556220759084,0.2023032267826891,0.4838182412553122,0.0,0.022919893264770508,0.5023859730234626,1.0,0.019999980926513672
FLOW-VOIP-0185,VOIP,PROFILE-03-TUNNEL-AES128GCM-NOPFS-IPV4,2430911,53.9,True,5390.0,5390,AES-GCM,TUNNEL,4,False,False,"{""codec"": ""G.711"", ""jitter_ms"": 0.83, ""vad"": false}",5390.0,1455300.0,53.88016986846924,0.009998175889491416,0.9539080604733066,1.0,0.0,1.0,100.03680413699357,27009.937116988265,0.0,4.38295730112021,0.0,270.0,0.0,0.0,0.5,0.0,0.021626949310302734,-0.0,1.0,0.00290679931640625
FLOW-VOIP-0186,VOIP,PROFILE-04-TRANSPORT-AES256CBC-PFS-IPV6,2801733,19.3,False,1932.0,1932,AES-CBC,TRANSPORT,6,False,False,"{""codec"": ""G.711"", ""jitter_ms"": 0.7, ""vad"": false}",1932.0,598920.0,19.300524950027466,0.00999509319007119,0.9642849425397484,0.0,0.0,1.0,100.10090425013287,31031.280317541194,0.0,0.0,0.0,310.0,0.0,0.0,0.5,0.0,0.02126288414001465,-0.0,1.0,0.0023250579833984375
FLOW-VOIP-0187,VOIP,PROFILE-05-TUNNEL-3DESCBC-NOPFS-IPV4,9717388,53.2,True,5320.0,5320,3DES,TUNNEL,4,False,False,"{""codec"": ""G.729"", ""jitter_ms"": 0.98, ""vad"": false}",5320.0,670320.0,53.18067002296448,0.009998245915202948,0.9455145010550476,1.0,0.0,1.0,100.03634775008885,12604.579816511196,0.0,4.383155330877921,0.0,126.0,0.0,0.0,0.5,0.0,0.02174687385559082,-0.0,1.0,0.0036399364471435547
FLOW-VOIP-0188,VOIP,PROFILE-06-TUNNEL-AES256GCM-PFS-IPV6,1408479,17.7,False,996.0,996,AES-GCM,TUNNEL,6,False,False,"{""codec"": ""G.711"", ""jitter_ms"": 0.28, ""vad"": true}",996.0,291160.0,17.699999809265137,0.017788944531924762,0.34918494827323043,0.11044176706827309,0.0,0.8158912311338405,56.27118704705521,16449.71769138614,0.0,0.0,0.10138755323533455,292.3293172690763,50.150336078344,0.17155424760966695,0.5441767068273092,0.0,0.020694971084594727,0.5012470246911144,1.0,0.019999980926513672
FLOW-VOIP-0189,VOIP,PROFILE-09-TUNNEL-NATT-CHACHA-IPV4,840701,41.3,False,2323.0,2323,CHACHA20,TUNNEL,4,False,True,"{""codec"": ""G.711"", ""jitter_ms"": 0.35, ""vad"": true}",2323.0,604514.0,41.28012299537659,0.01777783074736287,0.3496443777066831,1.0,0.0,0.8586590907693349,56.27405713544454,14644.190863183865,0.0,4.3867687794959185,0.07604455810783535,260.22987516142916,50.27367738084129,0.1931894919814832,0.5333620318553595,0.0,0.021085023880004883,0.5031148254541984,1.0,0.019999980926513672
FLOW-VOIP-0190,VOIP,PROFILE-01-TUNNEL-AES256GCM-PFS-IPV4,1595332,51.6,False,5160.0,5160,AES-GCM,TUNNEL,4,False,False,"{""codec"": ""G.711"", ""jitter_ms"": 0.64, ""vad"": false}",5160.0,1393200.0,51.5804500579834,0.009998148877298585,0.9657136523460369,1.0,0.0,1.0,100.0379018445838,27010.233498037625,0.0,4.382678342420206,0.0,270.0,0.0,0.0,0.5,0.0,0.02113199234008789,-0.0,1.0,0.002318143844604492
FLOW-VOIP-0191,VOIP,PROFILE-02-TRANSPORT-AES128CBC-PFS-IPV4,9090705,49.9,True,2806.0,2806,AES-CBC,TRANSPORT,4,False,False,"{""codec"": ""OPUS"", ""jitter_ms"": 0.98, ""vad"": true}",2806.0,480332.0,49.880078077316284,0.01778255902934627,0.3440868728078973,1.0,0.0,0.9495892457057505,56.25492397286504,9629.736329912406,0.0,4.386992789142259,0.02585711549511589,171.18032786885246,30.3971030741806,0.17757357666395485,0.5117605131860299,0.0,0.02333807945251465,1.2858222492748712,1.0,0.019999980926513672
FLOW-VOIP-0192,VOIP,PROFILE-03-TUNNEL-AES128GCM-NOPFS-IPV4,9813473,29.9,False,2992.0,2992,AES-GCM,TUNNEL,4,False,False,"{""codec"": ""OPUS"", ""jitter_ms"": 0.22, ""vad"": false}",2992.0,552428.0,29.899999856948853,0.009996656588749198,0.987676592561311,1.0,0.0,0.9990012737378416,100.06689011085898,18475.852931203746,0.0,4.382162770170221,0.0004996126192010289,184.6350267379679,20.473093151282868,0.11088412373854754,0.5,0.0,0.020473003387451172,0.9707939724758607,1.0,0.0006988048553466797
FLOW-VOIP-0193,VOIP,PROFILE-04-TRANSPORT-AES256CBC-PFS-IPV6,9685843,7.9,False,445.0,445,AES-CBC,TRANSPORT,6,False,False,"{""codec"": ""G.711"", ""jitter_ms"": 0.2, ""vad"": true}",445.0,130110.0,7.899667024612427,0.017792042848226185,0.34984866699241446,0.1101123595505618,0.0,0.6255622188905547,56.33148822773737,16470.31445687845,0.0,0.0,0.23034355545307814,292.3820224719101,50.08476087907491,0.17129904381821795,0.6022471910112359,0.0,0.020734071731567383,0.5002547754870845,1.0,0.019999027252197266
FLOW-VOIP-0194,VOIP,PROFILE-05-TUNNEL-3DESCBC-NOPFS-IPV4,7986683,50.8,True,2857.0,2857,3DES,TUNNEL,4,False,False,"{""codec"": ""G.711"", ""jitter_ms"": 1.0, ""vad"": true}",2857.0,720670.0,50.779547929763794,0.017779953756920097,0.34479655639047585,1.0,0.0,0.6762496220314935,56.26280887635483,14192.131072076527,0.0,4.3869668114318365,0.19313971720759845,252.2471123556178,50.25233331286442,0.19921866634500346,0.583479173958698,0.0,0.02338099479675293,0.5027914679544351,1.0,0.019999980926513672
FLOW-VOIP-0195,VOIP,PROFILE-06-TUNNEL-AES256GCM-PFS-IPV6,7311116,10.1,False,1012.0,1012,AES-GCM,TUNNEL,6,False,False,"{""codec"": ""G.711"", ""jitter_ms"": 1.11, ""vad"": false}",1012.0,313720.0,10.100000143051147,0.00999010894465989,0.9359915151587683,0.0,0.0,1.0,100.19801838282757,31061.38569867655,0.0,0.0,0.0,310.0,0.0,0.0,0.5,0.0,0.02139902114868164,-0.0,1.0,0.0032510757446289062
FLOW-VOIP-0196,VOIP,PROFILE-09-TUNNEL-NATT-CHACHA-IPV4,3643408,25.7,True,1446.0,1446,CHACHA20,TUNNEL,4,False,True,"{""codec"": ""G.711"", ""jitter_ms"": 0.66, ""vad"": true}",1446.0,376388.0,25.700004816055298,0.01778547046093792,0.3463563976406311,1.0,0.0,0.814565194334365,56.264580895979265,14645.444726331842,0.0,4.386894948216214,0.10219241846180005,260.2959889349931,50.191730022098966,0.19282559914756875,0.5442600276625172,0.0,0.022153139114379883,0.5018736545681868,1.0,0.019999980926513672
FLOW-VOIP-0197,VOIP,PROFILE-01-TUNNEL-AES256GCM-PFS-IPV4,6098995,15.2,True,855.0,855,AES-GCM,TUNNEL,4,False,False,"{""codec"": ""G.729"", ""jitter_ms"": 1.16, ""vad"": true}",855.0,109270.0,15.198846101760864,0.01779724367887689,0.34373295601849657,1.0,0.0,0.6728413962033069,56.254270506821165,7189.361565240174,0.0,4.386988228892148,0.19557060492358375,127.80116959064327,6.256337028807104,0.04895367584542943,0.5941520467836258,0.0,0.023015975952148438,0.4997395410435572,1.0,0.019999980926513672
FLOW-VOIP-0198,VOIP,PROFILE-02-TRANSPORT-AES128CBC-PFS-IPV4,2645310,57.8,True,3251.0,3251,AES-CBC,TRANSPORT,4,False,False,"{""codec"": ""G.711"", ""jitter_ms"": 0.33, ""vad"": true}",3251.0,807006.0,57.78011608123779,0.017778497255765476,0.3502999336974805,1.0,0.0,0.8243690488032047,56.26503061068886,13966.84629129793,0.0,4.386740729275358,0.09626942054953742,248.23315902799138,50.26961226622653,0.20250965851245525,0.5407566902491541,0.0,0.021231889724731445,0.5030532355357242,1.0,0.019999980926513672
FLOW-VOIP-0199,VOIP,PROFILE-03-TUNNEL-AES128GCM-NOPFS-IPV4,6872111,47.2,False,4720.0,4720,AES-GCM,TUNNEL,4,False,False,"{""codec"": ""G.711"", ""jitter_ms"": 0.62, ""vad"": false}",4720.0,1274400.0,47.18000102043152,0.009997881123210747,0.9645712014468288,1.0,0.0,1.0,100.04238867981334,27011.444943549603,0.0,4.3827061059345205,0.0,270.0,0.0,0.0,0.5,0.0,0.021456003189086914,-0.0,1.0,0.0020449161529541016
FLOW-VOIP-0200,VOIP,PROFILE-04-TRANSPORT-AES256CBC-PFS-IPV6,7178342,25.5,False,2552.0,2552,AES-CBC,TRANSPORT,6,False,False,"{""codec"": ""OPUS"", ""jitter_ms"": 0.47, ""vad"": false}",2552.0,566192.0,25.500388860702515,0.009996232403254611,0.9743778990633648,1.0,0.0,1.0010178404817778,100.07690525585556,22203.26925573016,0.0,4.382478792523939,0.0005086613728205016,221.86206896551724,20.739459386798966,0.09347906779875195,0.5,0.0,0.02080702781677246,0.5094500397717409,1.0,0.0015048980712890625
FLOW-WHATSAPP-0001,WHATSAPP,PROFILE-01-TUNNEL-AES256GCM-PFS-IPV4,2950491,42.1,True,22.0,22,AES-GCM,TUNNEL,4,False,False,"{""media_transfers"": 0}",22.0,7652.0,50.84673881530762,2.4212732769194103,2.5639173130141666,0.6363636363636364,0.0,0.8456343463579353,0.4326727832027019,150.49146077577612,12.23459380865097,0.0,0.08363826450601153,347.8181818181818,197.9154172789331,0.5690197569441359,0.5,0.19047619047619047,26.144018173217773,2.4289300521347013,5.0,0.10565304756164551
FLOW-WHATSAPP-0002,WHATSAPP,PROFILE-02-TRANSPORT-AES128CBC-PFS-IPV4,2153707,48.2,True,16.0,16,AES-CBC,TRANSPORT,4,False,False,"{""media_transfers"": 0}",16.0,4816.0,47.10007905960083,3.140005270640055,1.926658250433879,0.6875,0.0,0.4975124378109453,0.3397021898785662,102.25035915344841,15.103482961654663,0.0,0.3355481727574751,301.0,186.35181780707157,0.6191090292593739,0.5,0.2,17.73307204246521,1.9669171866886992,4.0,0.14432001113891602
FLOW-WHATSAPP-0003,WHATSAPP,PROFILE-03-TUNNEL-AES128GCM-NOPFS-IPV4,853141,27.1,True,16.0,16,AES-GCM,TUNNEL,4,False,False,"{""media_transfers"": 0}",16.0,5260.0,25.803844928741455,1.7202563285827637,2.02250362108511,0.625,0.0,0.5398126463700235,0.6200626319133742,203.84559024152176,8.115809440612793,0.0,0.2988593155893536,328.75,185.62175923096947,0.5646289254173976,0.5,0.2,10.576690196990967,2.2987949406953985,4.0,0.11148309707641602
FLOW-WHATSAPP-0004,WHATSAPP,PROFILE-04-TRANSPORT-AES256CBC-PFS-IPV6,9933555,41.2,True,32.0,32,AES-CBC,TRANSPORT,6,False,False,"{""media_transfers"": 0}",32.0,11136.0,56.26045894622803,1.8148535143944524,3.131739478668432,0.53125,0.0,0.6186046511627907,0.5687831311611694,197.93652964408693,13.168092250823975,0.0,0.23563218390804594,348.0,162.36994795835835,0.46658031022516766,0.5,0.12903225806451613,27.412029027938843,2.662101752714581,5.0,0.12172293663024902
FLOW-WHATSAPP-0005,WHATSAPP,PROFILE-05-TUNNEL-3DESCBC-NOPFS-IPV4,3961120,9.8,True,12.0,12,3DES,TUNNEL,4,False,False,"{""media_transfers"": 0}",12.0,3920.0,9.539158821105957,0.8671962564641779,1.6687856334901574,0.5,0.0,0.6415410385259631,1.2579725555516788,410.9377014802151,2.927225351333618,0.0,0.21836734693877555,326.6666666666667,165.6810858916075,0.5071869976273699,0.5,0.2727272727272727,4.582576036453247,2.4182958340544896,4.0,0.09935998916625977
FLOW-WHATSAPP-0006,WHATSAPP,PROFILE-06-TUNNEL-AES256GCM-PFS-IPV6,5748807,57.3,True,16.0,16,AES-GCM,TUNNEL,6,False,False,"{""media_transfers"": 0}",16.0,4760.0,78.69233703613281,5.246155802408854,1.7179329851379557,0.625,0.0,1.1326164874551972,0.20332348234432726,60.48873599743736,19.33131468296051,0.0,0.06218487394957985,297.5,99.35668070140025,0.33397203597109326,0.5,0.26666666666666666,25.986735820770264,2.271782221599798,5.0,0.11896419525146484
FLOW-WHATSAPP-0007,WHATSAPP,PROFILE-09-TUNNEL-NATT-CHACHA-IPV4,4131537,34.9,True,8.0,8,CHACHA20,TUNNEL,4,False,True,"{""media_transfers"": 0}",8.0,2584.0,26.56450080871582,3.7949286869594028,1.7655674433892445,0.5,0.0,0.7412398921832885,0.3011537863107594,97.2726729783753,13.12662398815155,0.0,0.14860681114551083,323.0,150.4759116935332,0.4658696956456136,0.5,0.2857142857142857,19.0604829788208,2.25,3.0,0.07084918022155762
FLOW-WHATSAPP-0008,WHATSAPP,PROFILE-01-TUNNEL-AES256GCM-PFS-IPV4,5613607,19.1,True,269.0,269,AES-GCM,TUNNEL,4,False,False,"{""media_transfers"": 1}",269.0,273730.0,19.21298384666443,0.07169023823382249,10.72660509631481,0.34572490706319703,0.6431226765799256,23.602732338666186,14.000948636965681,14247.136321177011,8.93078100681305,0.0,0.918708216125379,1017.5836431226766,662.4634474535226,0.6510162107368487,0.3382899628252788,0.007462686567164179,9.021760940551758,1.2360304138008444,3.0,0.0008029937744140625
FLOW-WHATSAPP-0009,WHATSAPP,PROFILE-02-TRANSPORT-AES128CBC-PFS-IPV4,3971867,10.4,False,2.0,2,AES-CBC,TRANSPORT,4,False,False,"{""media_transfers"": 0}",2.0,596.0,0.08158397674560547,0.08158397674560547,0.0,0.5,0.0,0.5767195767195767,24.514617695535787,7305.356073269664,0.0,0.0,0.2684563758389262,298.0,80.0,0.2684563758389262,0.5,0.0,0.08158397674560547,1.0,1.0,0.08158397674560547
FLOW-WHATSAPP-0010,WHATSAPP,PROFILE-03-TUNNEL-AES128GCM-NOPFS-IPV4,2418893,43.2,False,38.0,38,AES-GCM,TUNNEL,4,False,False,"{""media_transfers"": 0}",38.0,10524.0,55.23639416694641,1.4928755180255786,2.338077712970258,0.631578947368421,0.0,1.242011077971879,0.6879522201458127,190.52655696880348,7.300560474395752,0.0,0.10794374762447737,276.94736842105266,120.70558949435627,0.4358430635486068,0.5,0.16216216216216217,16.408332109451294,2.436486137416355,7.0,0.10568594932556152
FLOW-WHATSAPP-0011,WHATSAPP,PROFILE-04-TRANSPORT-AES256CBC-PFS-IPV6,6353416,30.9,True,230.0,230,AES-CBC,TRANSPORT,6,False,False,"{""media_transfers"": 1}",230.0,242148.0,19.86673402786255,0.08675429706490197,10.17344793782685,0.3391304347826087,0.6434782608695652,0.05237813782073569,11.577141953852673,12188.61639061529,9.450556516647339,0.0,0.9004575714026132,1052.817391304348,657.8436391807604,0.6248411591736247,0.6608695652173913,0.008733624454148471,10.257235050201416,1.2200492520422541,3.0,0.000415802001953125
FLOW-WHATSAPP-0012,WHATSAPP,PROFILE-05-TUNNEL-3DESCBC-NOPFS-IPV4,523282,48.3,True,46.0,46,3DES,TUNNEL,4,False,False,"{""media_transfers"": 0}",46.0,13732.0,55.45342397689819,1.2322983105977376,2.4929257805821576,0.6739130434782609,0.0,1.0977696303085853,0.829524972509606,247.6312374456937,6.192767381668091,0.0,0.04660646664724727,298.5217391304348,168.50154677788757,0.564453186118761,0.5,0.15555555555555556,16.474836111068726,2.2580619689143044,8.0,0.12008404731750488
FLOW-WHATSAPP-0013,WHATSAPP,PROFILE-06-TUNNEL-AES256GCM-PFS-IPV6,10012806,9.0,False,6.0,6,AES-GCM,TUNNEL,6,False,False,"{""media_transfers"": 0}",6.0,2412.0,0.8054940700531006,0.16109881401062012,0.694283465646969,0.5,0.0,0.4340071343638526,7.44884440875457,2994.435452319337,0.0,0.0,0.39469320066334995,402.0,184.4487281965732,0.45882768208102787,0.5,0.0,0.3773670196533203,2.251629167387823,1.0,0.13521695137023926
FLOW-WHATSAPP-0014,WHATSAPP,PROFILE-09-TUNNEL-NATT-CHACHA-IPV4,8755156,53.5,True,20.0,20,CHACHA20,TUNNEL,4,False,True,"{""media_transfers"": 0}",20.0,6744.0,57.87352991104126,3.0459752584758557,2.446370009632102,0.6,0.0,0.8051391862955032,0.345581132354333,116.5299578298811,9.40513801574707,0.0,0.10794780545670228,337.2,177.93302110625785,0.5276779985357588,0.5,0.2631578947368421,32.15266418457031,2.439353872167201,6.0,0.13939690589904785
FLOW-WHATSAPP-0015,WHATSAPP,PROFILE-01-TUNNEL-AES256GCM-PFS-IPV4,1283445,28.5,True,24.0,24,AES-GCM,TUNNEL,4,False,False,"{""media_transfers"": 0}",24.0,7892.0,29.34715700149536,1.2759633478911028,2.7804452257745385,0.5833333333333334,0.0,0.9362119725220804,0.8177964222829863,268.9187235273887,6.626689910888672,0.0,0.03294475418144959,328.8333333333333,171.9514627898104,0.5229137236385517,0.5,0.17391304347826086,16.764680862426758,2.755123044017255,5.0,0.09528112411499023
FLOW-WHATSAPP-0016,WHATSAPP,PROFILE-02-TRANSPORT-AES128CBC-PFS-IPV4,3130268,47.1,True,18.0,18,AES-CBC,TRANSPORT,4,False,False,"{""media_transfers"": 0}",18.0,5364.0,46.406635999679565,2.7298021176282097,2.7565158597865334,0.6666666666666666,0.0,0.6383628588882101,0.3878755615926198,115.58691735460071,14.729108969370523,0.0,0.22073079791200598,298.0,159.91108640602613,0.5366143839128393,0.5,0.17647058823529413,31.74173402786255,2.1824562508413488,4.0,0.14516210556030273
FLOW-WHATSAPP-0017,WHATSAPP,PROFILE-03-TUNNEL-AES128GCM-NOPFS-IPV4,8141725,7.5,True,6.0,6,AES-GCM,TUNNEL,4,False,False,"{""media_transfers"": 0}",6.0,1596.0,0.6684207916259766,0.1336841583251953,0.8602483427498712,0.6666666666666666,0.0,0.4971857410881801,8.97638145786072,2387.7174677909516,0.0,0.0,0.3358395989974937,266.0,105.27424503014338,0.3957678384591856,0.5,0.0,0.3602480888366699,1.584962500721156,1.0,0.09491777420043945
FLOW-WHATSAPP-0018,WHATSAPP,PROFILE-04-TRANSPORT-AES256CBC-PFS-IPV6,6736265,16.8,True,12.0,12,AES-CBC,TRANSPORT,6,False,False,"{""media_transfers"": 0}",12.0,4424.0,11.46847915649414,1.04258901422674,2.7944764675137996,0.5833333333333334,0.0,0.41613316261203587,1.04634623617072,385.75297906827217,0.0,0.0,0.4122965641952983,368.6666666666667,195.66865416367082,0.5307468015289444,0.5,0.09090909090909091,10.2533860206604,2.221251836004466,2.0,0.1179361343383789
FLOW-WHATSAPP-0019,WHATSAPP,PROFILE-05-TUNNEL-3DESCBC-NOPFS-IPV4,3689255,18.6,True,16.0,16,3DES,TUNNEL,4,False,False,"{""media_transfers"": 0}",16.0,4952.0,26.97123408317566,1.7980822722117107,2.0949671151985565,0.5625,0.0,0.7942028985507247,0.593224616665969,183.60301885811742,8.408019304275513,0.0,0.11470113085621968,309.5,161.2815860537092,0.5211036706097227,0.5,0.2,12.784105062484741,2.224601752714581,4.0,0.10912299156188965
FLOW-WHATSAPP-0020,WHATSAPP,PROFILE-06-TUNNEL-AES256GCM-PFS-IPV6,7038067,43.4,True,14.0,14,AES-GCM,TUNNEL,6,False,False,"{""media_transfers"": 0}",14.0,4828.0,34.09530687332153,2.6227159133324256,3.2050904984018533,0.6428571428571429,0.0,0.7763061074319353,0.4106136968356353,141.60306630874624,16.311691403388977,0.0,0.12593206296603146,344.85714285714283,182.58104155331648,0.5294396399640495,0.5,0.07692307692307693,31.73163080215454,2.7534343861887853,2.0,0.10231518745422363
FLOW-WHATSAPP-0021,WHATSAPP,PROFILE-09-TUNNEL-NATT-CHACHA-IPV4,2757924,40.6,True,12.0,12,CHACHA20,TUNNEL,4,False,True,"{""media_transfers"": 0}",12.0,3284.0,49.11142110824585,4.464674646204168,1.95826769757568,0.6666666666666666,0.0,0.5519848771266541,0.24434234907499328,66.8683561968565,16.00085202852885,0.0,0.2886723507917174,273.6666666666667,123.88659688961066,0.4526915842494908,0.5,0.2727272727272727,28.774857997894287,2.3553885422075336,4.0,0.13979387283325195
FLOW-WHATSAPP-0022,WHATSAPP,PROFILE-01-TUNNEL-AES256GCM-PFS-IPV4,3047458,7.6,False,6.0,6,AES-GCM,TUNNEL,4,False,False,"{""media_transfers"": 0}",6.0,1256.0,0.4743831157684326,0.09487662315368653,0.4711901854899459,1.0,0.0,0.692722371967655,12.648004957513844,2647.6490377728983,0.0,0.0,0.18152866242038218,209.33333333333334,46.67142832849903,0.22295268309792532,0.5,0.0,0.17007899284362793,1.584962500721156,1.0,0.07315993309020996
FLOW-WHATSAPP-0023,WHATSAPP,PROFILE-02-TRANSPORT-AES128CBC-PFS-IPV4,7393746,37.6,True,24.0,24,AES-CBC,TRANSPORT,4,False,False,"{""media_transfers"": 0}",24.0,7776.0,34.27541518211365,1.4902354427005933,2.153802082656813,0.5416666666666666,0.0,1.1941309255079007,0.7002103365482851,226.8681490416444,7.871672034263611,0.0,0.08847736625514402,324.0,171.38261288707207,0.5289586817502224,0.5,0.17391304347826086,13.173681020736694,2.538320189106,5.0,0.1200418472290039
FLOW-WHATSAPP-0024,WHATSAPP,PROFILE-03-TUNNEL-AES128GCM-NOPFS-IPV4,3795854,16.6,True,10.0,10,AES-GCM,TUNNEL,4,False,False,"{""media_transfers"": 0}",10.0,3284.0,32.85598087310791,3.6506645414564343,2.7229974960201306,0.5,0.0,1.09171974522293,0.3043585896467586,99.95136083999553,0.0,0.0,0.04384896467722289,328.4,144.12439071857338,0.43886842484340255,0.5,0.1111111111111111,31.766304969787598,2.1219280948873624,2.0,0.09868597984313965
FLOW-WHATSAPP-0025,WHATSAPP,PROFILE-04-TRANSPORT-AES256CBC-PFS-IPV6,8229191,25.0,False,14.0,14,AES-CBC,TRANSPORT,6,False,False,"{""media_transfers"": 0}",14.0,5508.0,20.749078035354614,1.5960829257965088,1.6889268337120726,0.5,0.0,0.6039603960396039,0.6747287747506286,265.4575779518902,6.4937477906545,0.0,0.24691358024691357,393.42857142857144,191.44477543358641,0.4866061830192828,0.5,0.23076923076923078,7.2102580070495605,2.270942421748537,4.0,0.11990594863891602
FLOW-WHATSAPP-0026,WHATSAPP,PROFILE-05-TUNNEL-3DESCBC-NOPFS-IPV4,7225004,20.0,True,14.0,14,3DES,TUNNEL,4,False,False,"{""media_transfers"": 0}",14.0,4052.0,12.994444131851196,0.9995726255270151,2.265042293343716,0.5714285714285714,0.0,2.0466165413533837,1.0773835231384807,311.82557398265175,5.932558059692383,0.0,0.34353405725567626,289.42857142857144,130.71108505058797,0.45161776670983006,0.5,0.15384615384615385,8.06079912185669,2.4956029237290123,3.0,0.10851597785949707
FLOW-WHATSAPP-0027,WHATSAPP,PROFILE-06-TUNNEL-AES256GCM-PFS-IPV6,5789256,18.8,True,4.0,4,AES-GCM,TUNNEL,6,False,False,"{""media_transfers"": 0}",4.0,1400.0,0.3416328430175781,0.1138776143391927,0.10104626700232207,0.75,0.0,0.5418502202643172,11.708476166017173,4097.966658106011,0.0,0.0,0.29714285714285715,350.0,184.97567407634983,0.5285019259324281,0.5,0.0,0.12975692749023438,1.5,1.0,0.10901999473571777
FLOW-WHATSAPP-0028,WHATSAPP,PROFILE-09-TUNNEL-NATT-CHACHA-IPV4,5165544,56.1,False,44.0,44,CHACHA20,TUNNEL,4,False,True,"{""media_transfers"": 0}",44.0,13988.0,57.08355379104614,1.3275245067685149,2.613533446047912,0.6818181818181818,0.0,0.7979434447300772,0.7707999428532712,245.04430910526267,7.373695646013532,0.0,0.11238204175007145,317.90909090909093,168.80217283470913,0.5309762371123249,0.5,0.16279069767441862,19.34302592277527,2.6026829171843744,8.0,0.12609004974365234
FLOW-WHATSAPP-0029,WHATSAPP,PROFILE-01-TUNNEL-AES256GCM-PFS-IPV4,2311214,19.0,True,16.0,16,AES-GCM,TUNNEL,4,False,False,"{""media_transfers"": 0}",16.0,5136.0,16.78752589225769,1.1191683928171794,2.749498697628651,0.5625,0.0,0.5970149253731343,0.9530886267987296,305.9414492023922,7.552590847015381,0.0,0.25233644859813087,321.0,177.63164132552512,0.5533695991449381,0.5,0.13333333333333333,12.369121789932251,2.25,3.0,0.09245014190673828
FLOW-WHATSAPP-0030,WHATSAPP,PROFILE-02-TRANSPORT-AES128CBC-PFS-IPV4,9350879,17.5,True,163.0,163,AES-CBC,TRANSPORT,4,False,False,"{""media_transfers"": 1}",163.0,164222.0,16.41275978088379,0.10131333198076413,11.797100680395424,0.3374233128834356,0.6380368098159509,22.3601706970128,9.931297489033428,10005.75175609845,0.0,0.0,0.9143841872587107,1007.4969325153374,655.3002531433442,0.6504240678006912,0.3374233128834356,0.006172839506172839,15.25290298461914,1.2136147583281705,2.0,0.0006558895111083984
FLOW-WHATSAPP-0031,WHATSAPP,PROFILE-03-TUNNEL-AES128GCM-NOPFS-IPV4,2986587,38.0,True,42.0,42,AES-GCM,TUNNEL,4,False,False,"{""media_transfers"": 0}",42.0,13176.0,31.294243097305298,0.7632742218854951,2.7583226924914173,0.5714285714285714,0.0,1.145229566916314,1.3420998830170319,421.0359061579146,4.307011008262634,0.0,0.06769884638737099,313.7142857142857,170.54845502145153,0.5436426161885978,0.5,0.14634146341463414,12.789790153503418,2.6285106421389672,7.0,0.1395580768585205
FLOW-WHATSAPP-0032,WHATSAPP,PROFILE-04-TRANSPORT-AES256CBC-PFS-IPV6,2593405,53.2,True,22.0,22,AES-CBC,TRANSPORT,6,False,False,"{""media_transfers"": 0}",22.0,6852.0,51.90583419799805,2.4717063903808594,2.946565727594329,0.6818181818181818,0.0,0.6851942941465814,0.4238444548657021,132.00828203362687,12.326445758342743,0.0,0.18680677174547577,311.45454545454544,130.33409073075077,0.41846905955582564,0.5,0.14285714285714285,33.61781907081604,2.278787598135611,4.0,0.13355183601379395
FLOW-WHATSAPP-0033,WHATSAPP,PROFILE-05-TUNNEL-3DESCBC-NOPFS-IPV4,7966959,13.0,False,6.0,6,3DES,TUNNEL,4,False,False,"{""media_transfers"": 0}",6.0,2300.0,6.9364728927612305,1.3872945785522461,1.8334119109249656,0.5,0.0,0.32947976878612717,0.8649929283601013,331.5806225380388,0.0,0.0,0.5043478260869565,383.3333333333333,203.93027130751224,0.5319920121065537,0.5,0.2,6.473679065704346,2.251629167387823,2.0,0.1079559326171875
FLOW-WHATSAPP-0034,WHATSAPP,PROFILE-06-TUNNEL-AES256GCM-PFS-IPV6,7258138,13.5,True,12.0,12,AES-GCM,TUNNEL,6,False,False,"{""media_transfers"": 0}",12.0,4652.0,16.221144914627075,1.4746495376933704,2.0287549879604843,0.5833333333333334,0.0,0.5997248968363136,0.7397751554009763,286.78616857711177,7.483148455619812,0.0,0.2502149613069648,387.6666666666667,187.6269940304137,0.4839905263037326,0.5,0.18181818181818182,9.731656074523926,2.125814583693911,3.0,0.13686299324035645
FLOW-WHATSAPP-0035,WHATSAPP,PROFILE-09-TUNNEL-NATT-CHACHA-IPV4,6648313,45.8,False,26.0,26,CHACHA20,TUNNEL,4,False,True,"{""media_transfers"": 0}",26.0,8712.0,43.865813970565796,1.754632558822632,2.095999082073825,0.5384615384615384,0.0,0.9385847797062751,0.5927166886141938,198.60568427718678,6.831164201100667,0.0,0.031680440771349835,335.0769230769231,172.0985681514036,0.5136091336015259,0.5,0.24,16.520103216171265,2.613337314045307,7.0,0.13351702690124512
FLOW-WHATSAPP-0036,WHATSAPP,PROFILE-01-TUNNEL-AES256GCM-PFS-IPV4,8556691,30.7,False,26.0,26,AES-GCM,TUNNEL,4,False,False,"{""media_transfers"": 0}",26.0,8252.0,41.069658041000366,1.6427863216400147,2.442675632323271,0.6153846153846154,0.0,0.8712018140589569,0.6330707690344991,200.92692254125717,7.733827400207519,0.0,0.06883179835191469,317.38461538461536,172.71298488512377,0.5441756673549707,0.5,0.2,16.985907077789307,2.70143323925505,6.0,0.12038397789001465
FLOW-WHATSAPP-0037,WHATSAPP,PROFILE-02-TRANSPORT-AES128CBC-PFS-IPV4,2068349,7.5,True,8.0,8,AES-CBC,TRANSPORT,4,False,False,"{""media_transfers"": 0}",8.0,2432.0,15.692591190338135,2.2417987414768765,2.3553192440968287,0.5,0.0,0.3632286995515695,0.5097947115913889,154.97759232378223,0.0,0.0,0.4671052631578948,304.0,157.56903249052462,0.5183191858240942,0.5,0.14285714285714285,15.174742937088013,1.75,2.0,0.08232593536376953
FLOW-WHATSAPP-0038,WHATSAPP,PROFILE-03-TUNNEL-AES128GCM-NOPFS-IPV4,2345725,31.8,True,297.0,297,AES-GCM,TUNNEL,4,False,False,"{""media_transfers"": 1}",297.0,304462.0,30.028836011886597,0.10144877031042769,12.079550774011627,0.3400673400673401,0.6498316498316499,24.889625850340135,9.890493253965479,10138.98773430585,14.63090455532074,0.0,0.9227489801682969,1025.1245791245792,661.9074884004409,0.645684926378106,0.3367003367003367,0.006756756756756757,17.740303993225098,1.102229419160852,3.0,0.0007619857788085938
FLOW-WHATSAPP-0039,WHATSAPP,PROFILE-04-TRANSPORT-AES256CBC-PFS-IPV6,2598024,58.6,False,488.0,488,AES-CBC,TRANSPORT,6,False,False,"{""media_transfers"": 2}",488.0,505600.0,53.846673011779785,0.11056811706730962,8.739040731568274,0.3483606557377049,0.6270491803278688,0.5101553166069295,9.062769762827177,9389.623754273402,6.335871189832687,0.0,0.32436708860759494,1036.0655737704917,659.3711328091696,0.6364183402113821,0.5573770491803278,0.01642710472279261,14.601367950439453,1.339023175398771,9.0,0.0010521411895751953
FLOW-WHATSAPP-0040,WHATSAPP,PROFILE-05-TUNNEL-3DESCBC-NOPFS-IPV4,8506848,53.7,True,26.0,26,3DES,TUNNEL,4,False,False,"{""media_transfers"": 0}",26.0,7396.0,38.671725034713745,1.5468690013885498,2.759213797863181,0.6153846153846154,0.0,0.8800203355363497,0.6723258395290371,191.25084265987533,8.902701616287231,0.0,0.06381828015143323,284.46153846153845,145.17502189511984,0.510350266261914,0.5,0.16,19.882964849472046,2.2954656791802917,5.0,0.14097213745117188
FLOW-WHATSAPP-0041,WHATSAPP,PROFILE-06-TUNNEL-AES256GCM-PFS-IPV6,7472021,20.9,True,4.0,4,AES-GCM,TUNNEL,6,False,False,"{""media_transfers"": 0}",4.0,1464.0,0.22091221809387207,0.0736374060312907,0.5831157353173034,0.5,0.0,0.4817813765182186,18.10673956612161,6627.06668120051,0.0,0.0,0.34972677595628415,366.0,139.85706989637671,0.382123141793379,0.5,0.0,0.13251090049743652,2.0,1.0,0.05708813667297363
FLOW-WHATSAPP-0042,WHATSAPP,PROFILE-09-TUNNEL-NATT-CHACHA-IPV4,1495417,49.3,False,24.0,24,CHACHA20,TUNNEL,4,False,True,"{""media_transfers"": 0}",24.0,7664.0,43.159684896469116,1.8765080389769182,2.9673402602270254,0.625,0.0,0.5291300877893057,0.556074495390105,177.57312219457353,13.417924960454306,0.0,0.3079331941544885,319.3333333333333,166.9597423199843,0.5228384415030823,0.5,0.13043478260869565,24.475672006607056,2.601227480952956,4.0,0.12920188903808594
FLOW-WHATSAPP-0043,WHATSAPP,PROFILE-01-TUNNEL-AES256GCM-PFS-IPV4,7239559,8.0,True,188.0,188,AES-GCM,TUNNEL,4,False,False,"{""media_transfers"": 1}",188.0,190532.0,12.32577896118164,0.06591325647690717,9.188055020744887,0.34574468085106386,0.6382978723404256,0.04527101163045864,15.252585706110775,15458.008828493075,5.763706922531128,0.0,0.9133793798417064,1013.468085106383,661.6736790080727,0.6528806271572106,0.6595744680851063,0.0106951871657754,6.954073905944824,1.2585695055482764,3.0,0.0007340908050537109
FLOW-WHATSAPP-0044,WHATSAPP,PROFILE-02-TRANSPORT-AES128CBC-PFS-IPV4,8132510,26.2,False,141.0,141,AES-CBC,TRANSPORT,4,False,False,"{""media_transfers"": 1}",141.0,140818.0,25.15483593940735,0.17967739956719533,11.353678254579021,0.3404255319148936,0.6312056737588653,0.046118416165218036,5.605284023304267,5598.048833997591,0.0,0.0,0.911829453620986,998.7092198581561,657.8048659656178,0.6586550448177939,0.6595744680851063,0.007142857142857143,24.22846794128418,1.2655899893278133,2.0,0.0019550323486328125
FLOW-WHATSAPP-0045,WHATSAPP,PROFILE-03-TUNNEL-AES128GCM-NOPFS-IPV4,4718864,56.4,True,46.0,46,AES-GCM,TUNNEL,4,False,False,"{""media_transfers"": 0}",46.0,14832.0,55.74847102165222,1.2388549115922716,2.4214915244053277,0.6086956521739131,0.0,0.8470734744707348,0.8251347374555618,266.0521396943672,5.6017444133758545,0.0,0.08279395900755122,322.4347826086956,174.13683427419858,0.5400683910877249,0.5,0.17777777777777778,14.100236177444458,2.5719703642909058,9.0,0.12966394424438477
FLOW-WHATSAPP-0046,WHATSAPP,PROFILE-04-TRANSPORT-AES256CBC-PFS-IPV6,5990415,16.8,True,16.0,16,AES-CBC,TRANSPORT,6,False,False,"{""media_transfers"": 0}",16.0,5984.0,17.464385986328125,1.1642923990885417,2.879619964471407,0.5625,0.0,0.444015444015444,0.9161501591023864,342.6401595042925,7.84732449054718,0.0,0.3850267379679144,374.0,178.7064632295094,0.47782476799334067,0.5,0.13333333333333333,13.56536602973938,2.375,3.0,0.11288595199584961
FLOW-WHATSAPP-0047,WHATSAPP,PROFILE-05-TUNNEL-3DESCBC-NOPFS-IPV4,4148742,35.4,True,156.0,156,3DES,TUNNEL,4,False,False,"{""media_transfers"": 1}",156.0,150720.0,43.411097049713135,0.280071593869117,6.2676044809469795,0.3782051282051282,0.6025641025641025,0.050547857361920426,3.5935512023884884,3471.923315538417,10.532704055309296,0.0,0.9037685774946921,966.1538461538462,671.8812295248108,0.6954184700495653,0.6538461538461539,0.025806451612903226,15.79332685470581,1.44812065444635,5.0,0.0010170936584472656
FLOW-WHATSAPP-0048,WHATSAPP,PROFILE-06-TUNNEL-AES256GCM-PFS-IPV6,1486846,38.5,False,68.0,68,AES-GCM,TUNNEL,6,False,False,"{""media_transfers"": 1}",68.0,65764.0,41.41394782066345,0.6181186241890068,4.667365020936039,0.36764705882352944,0.5588235294117647,0.07710953878406708,1.6419588949709223,1587.9674230715843,13.480651617050171,0.0,0.8568213612310687,967.1176470588235,663.3170994286697,0.6858701228810525,0.6470588235294118,0.04477611940298507,16.63741397857666,1.8208177196873332,4.0,0.0006430149078369141
FLOW-WHATSAPP-0049,WHATSAPP,PROFILE-09-TUNNEL-NATT-CHACHA-IPV4,2762306,43.0,True,18.0,18,CHACHA20,TUNNEL,4,False,True,"{""media_transfers"": 0}",18.0,5296.0,32.22697401046753,1.8957043535569136,2.6190215101459935,0.7222222222222222,0.0,1.5388302972195589,0.558538322405122,164.334386414307,15.254390001296997,0.0,0.21223564954682775,294.22222222222223,142.4950508129066,0.48431097330670675,0.5,0.11764705882352941,17.94327187538147,2.4410685859554375,3.0,0.084136962890625
FLOW-WHATSAPP-0050,WHATSAPP,PROFILE-01-TUNNEL-AES256GCM-PFS-IPV4,4255945,5.1,True,10.0,10,AES-GCM,TUNNEL,4,False,False,"{""media_transfers"": 0}",10.0,2948.0,30.896368980407715,3.4329298867119684,2.7254436536657067,0.7,0.0,0.8634639696586599,0.3236626286519717,95.41574292660125,0.0,0.0,0.07327001356852104,294.8,144.35290090607808,0.48966384296498666,0.5,0.1111111111111111,29.895232915878296,2.2464393446710154,2.0,0.10642504692077637
FLOW-WHATSAPP-0051,WHATSAPP,PROFILE-02-TRANSPORT-AES128CBC-PFS-IPV4,4184337,32.0,False,18.0,18,AES-CBC,TRANSPORT,4,False,False,"{""media_transfers"": 0}",18.0,6004.0,30.15847396850586,1.7740278805003447,1.823344990760419,0.5555555555555556,0.0,0.7242963813900057,0.5968471753178622,199.08169114491358,4.808487852414449,0.0,0.15989340439706864,333.55555555555554,185.79266288055328,0.5570066508744103,0.5,0.35294117647058826,12.110738039016724,2.327632809290636,7.0,0.10511517524719238
FLOW-WHATSAPP-0052,WHATSAPP,PROFILE-03-TUNNEL-AES128GCM-NOPFS-IPV4,6741604,52.8,True,22.0,22,AES-GCM,TUNNEL,4,False,False,"{""media_transfers"": 0}",22.0,7012.0,49.22237706184387,2.3439227172306607,2.3559255594711592,0.6363636363636364,0.0,0.6639772187944946,0.446951189950839,142.45553381524013,11.749778807163239,0.0,0.20193953223046204,318.72727272727275,188.27305649415928,0.5907026872321026,0.5,0.14285714285714285,20.08160400390625,2.5515148708628836,4.0,0.13003087043762207
FLOW-WHATSAPP-0053,WHATSAPP,PROFILE-04-TRANSPORT-AES256CBC-PFS-IPV6,3635058,33.7,True,550.0,550,AES-CBC,TRANSPORT,6,False,False,"{""media_transfers"": 2}",550.0,587380.0,19.959178924560547,0.03635551716677695,14.63614341055947,0.33454545454545453,0.6563636363636364,0.04969512413058552,27.556243775298974,29429.06630679111,6.317644913991292,0.0,0.9053151281963975,1067.9636363636364,656.6810091426404,0.6148907947639556,0.6654545454545454,0.00546448087431694,10.858460903167725,1.041495907916284,4.0,0.0009989738464355469
FLOW-WHATSAPP-0054,WHATSAPP,PROFILE-05-TUNNEL-3DESCBC-NOPFS-IPV4,6320195,9.5,True,4.0,4,3DES,TUNNEL,4,False,False,"{""media_transfers"": 0}",4.0,1080.0,12.815714836120605,4.271904945373535,1.378986980857453,0.75,0.0,0.5789473684210527,0.31211680746251874,84.27153801488006,0.0,0.0,0.26666666666666666,270.0,100.39920318408906,0.3718489006818113,0.5,0.3333333333333333,12.602755069732666,1.5,2.0,0.14866280555725098
FLOW-WHATSAPP-0055,WHATSAPP,PROFILE-06-TUNNEL-AES256GCM-PFS-IPV6,4279764,14.2,True,4.0,4,AES-GCM,TUNNEL,6,False,False,"{""media_transfers"": 0}",4.0,1412.0,0.3454468250274658,0.11514894167582194,0.25732903923403466,0.5,0.0,0.48945147679324896,11.579206147522033,4087.4597700752774,0.0,0.0,0.34277620396600567,353.0,146.18823482072693,0.41413097682925476,0.5,0.0,0.1413118839263916,1.5,1.0,0.1304159164428711
FLOW-WHATSAPP-0056,WHATSAPP,PROFILE-09-TUNNEL-NATT-CHACHA-IPV4,2399737,29.3,True,32.0,32,CHACHA20,TUNNEL,4,False,True,"{""media_transfers"": 0}",32.0,10096.0,38.1980938911438,1.232196577133671,2.4007366217395143,0.65625,0.0,1.050365556458164,0.8377381366513468,264.3063821134999,5.732691168785095,0.0,0.024564183835182194,315.5,145.19555778328757,0.4602077901213552,0.5,0.1935483870967742,15.711037874221802,2.395054798865899,7.0,0.13751792907714844
FLOW-WHATSAPP-0057,WHATSAPP,PROFILE-01-TUNNEL-AES256GCM-PFS-IPV4,7001665,52.0,True,18.0,18,AES-GCM,TUNNEL,4,False,False,"{""media_transfers"": 0}",18.0,5252.0,45.366610050201416,2.668624120600083,1.8153585236573566,0.6666666666666666,0.0,0.5924802910855064,0.3967675781831992,115.76796225656456,8.731147050857544,0.0,0.25590251332825587,291.77777777777777,149.40606694343498,0.5120543040711786,0.5,0.29411764705882354,17.21703600883484,2.224394445405986,6.0,0.1290140151977539
FLOW-WHATSAPP-0058,WHATSAPP,PROFILE-02-TRANSPORT-AES128CBC-PFS-IPV4,6984299,14.1,True,12.0,12,AES-CBC,TRANSPORT,4,False,False,"{""media_transfers"": 0}",12.0,3256.0,12.518004179000854,1.1380003799091687,2.515450172623784,0.6666666666666666,0.0,0.43562610229276894,0.9586192677687538,260.1053613212552,5.776763081550598,0.0,0.3931203931203931,271.3333333333333,144.78796757864777,0.5336165881276945,0.5,0.18181818181818182,10.106625080108643,2.054585169337799,3.0,0.1092689037322998
FLOW-WHATSAPP-0059,WHATSAPP,PROFILE-03-TUNNEL-AES128GCM-NOPFS-IPV4,9647907,43.5,False,248.0,248,AES-GCM,TUNNEL,4,False,False,"{""media_transfers"": 1}",248.0,238356.0,54.59950590133667,0.2210506311795007,10.070097120070086,0.3629032258064516,0.5887096774193549,16.140514885660867,4.542165646116747,4365.534011071787,10.260573863983154,0.0,0.8833173907936028,961.1129032258065,663.774874507204,0.6906315296354469,0.35080645161290325,0.020242914979757085,33.838884115219116,1.6618282645632008,6.0,0.0010528564453125
FLOW-WHATSAPP-0060,WHATSAPP,PROFILE-04-TRANSPORT-AES256CBC-PFS-IPV6,1302357,15.8,False,10.0,10,AES-CBC,TRANSPORT,6,False,False,"{""media_transfers"": 0}",10.0,3740.0,26.70809507369995,2.9675661192999945,2.252043321379895,0.5,0.0,1.1274175199089875,0.37441831670904974,140.0324504491846,12.949614524841309,0.0,0.05989304812834227,374.0,174.53939383417142,0.4666828712143621,0.5,0.2222222222222222,21.484323024749756,2.321928094887362,3.0,0.11419510841369629
FLOW-WHATSAPP-0061,WHATSAPP,PROFILE-05-TUNNEL-3DESCBC-NOPFS-IPV4,1550798,57.0,True,12.0,12,3DES,TUNNEL,4,False,False,"{""media_transfers"": 0}",12.0,4048.0,55.63989210128784,5.058172009207985,2.8710795603800343,0.5,0.0,0.3844049247606019,0.2156725965275955,72.75355589530888,27.200092434883118,0.0,0.44466403162055346,337.3333333333333,164.09617776034747,0.4864511198429273,0.5,0.18181818181818182,50.87964391708374,2.584962500721156,3.0,0.1462419033050537
FLOW-WHATSAPP-0062,WHATSAPP,PROFILE-06-TUNNEL-AES256GCM-PFS-IPV6,2621400,17.1,False,8.0,8,AES-GCM,TUNNEL,6,False,False,"{""media_transfers"": 0}",8.0,2564.0,3.125715970993042,0.446530852999006,1.903336996307115,0.75,0.0,1.8237885462555066,2.559413610910525,820.2920622968234,0.0,0.0,0.2917316692667707,320.5,160.49844236004287,0.5007751711701806,0.5,0.14285714285714285,2.5212302207946777,2.1556390622295662,2.0,0.09187579154968262
FLOW-WHATSAPP-0063,WHATSAPP,PROFILE-09-TUNNEL-NATT-CHACHA-IPV4,6704586,29.1,False,12.0,12,CHACHA20,TUNNEL,4,False,True,"{""media_transfers"": 0}",12.0,4064.0,49.969589948654175,4.542689995332197,2.3356322560423557,0.5,0.0,1.2729306487695748,0.2401460570785251,81.32946466392717,24.470115542411804,0.0,0.12007874015748028,338.6666666666667,170.2377422573763,0.5026704987914654,0.5,0.18181818181818182,36.0366530418396,2.396240625180289,3.0,0.11858201026916504
FLOW-WHATSAPP-0064,WHATSAPP,PROFILE-01-TUNNEL-AES256GCM-PFS-IPV4,319824,18.7,False,277.0,277,AES-GCM,TUNNEL,4,False,False,"{""media_transfers"": 1}",277.0,285246.0,40.42076897621155,0.14645206150801285,12.604349452317448,0.33574007220216606,0.6534296028880866,0.03840609255322247,6.852912673754925,7056.916709523095,19.97756040096283,0.0,0.9260287611395076,1029.768953068592,661.2552149153121,0.6421393973326233,0.6642599277978339,0.007246376811594203,28.584199905395508,1.0751810908862227,3.0,0.0009810924530029297
FLOW-WHATSAPP-0065,WHATSAPP,PROFILE-02-TRANSPORT-AES128CBC-PFS-IPV4,8074071,24.1,True,18.0,18,AES-CBC,TRANSPORT,4,False,False,"{""media_transfers"": 0}",18.0,5412.0,21.13954997062683,1.2435029394486372,2.256422391110225,0.6666666666666666,0.0,0.4294770206022187,0.8514845408256467,256.0130186082444,4.795873522758484,0.0,0.3991130820399113,300.6666666666667,166.98103684750154,0.5553693021535527,0.5,0.17647058823529413,11.639003992080688,2.2390979179887864,4.0,0.11689996719360352
FLOW-WHATSAPP-0066,WHATSAPP,PROFILE-03-TUNNEL-AES128GCM-NOPFS-IPV4,4903986,22.3,False,318.0,318,AES-GCM,TUNNEL,4,False,False,"{""media_transfers"": 1}",318.0,325940.0,34.013582944869995,0.10729836891126182,10.612944500813256,0.33962264150943394,0.6477987421383647,0.04067023837651101,9.349206183759641,9582.642338159174,11.029946009318033,0.0,0.9218383751610727,1024.9685534591194,660.8642656608581,0.6447654061488399,0.6635220125786163,0.00946372239747634,16.232683181762695,1.1402931741466888,4.0,0.0006759166717529297
FLOW-WHATSAPP-0067,WHATSAPP,PROFILE-04-TRANSPORT-AES256CBC-PFS-IPV6,6209787,57.4,False,253.0,253,AES-CBC,TRANSPORT,6,False,False,"{""media_transfers"": 1}",253.0,258302.0,65.98911190032959,0.26186155516003806,7.084383262608101,0.35968379446640314,0.616600790513834,17.500358114883255,3.833965827303949,3914.312415510927,12.80644874572754,0.0,0.891893984560708,1020.9565217391304,663.1528851613202,0.6495407698965321,0.3438735177865613,0.01984126984126984,17.451154947280884,1.3692532080908897,6.0,0.0008058547973632812
FLOW-WHATSAPP-0068,WHATSAPP,PROFILE-05-TUNNEL-3DESCBC-NOPFS-IPV4,374693,58.6,True,38.0,38,3DES,TUNNEL,4,False,False,"{""media_transfers"": 0}",38.0,11828.0,56.794305086135864,1.5349812185442127,2.93198945287737,0.631578947368421,0.0,0.596221322537112,0.6690811683031972,208.26031733395308,8.706707636515299,0.0,0.2529590801487995,311.2631578947368,170.73982734751513,0.5485385051746344,0.5,0.16216216216216217,25.259008169174194,2.6337706629132023,7.0,0.12820196151733398
FLOW-WHATSAPP-0069,WHATSAPP,PROFILE-06-TUNNEL-AES256GCM-PFS-IPV6,4065352,48.8,True,58.0,58,AES-GCM,TUNNEL,6,False,False,"{""media_transfers"": 0}",58.0,21100.0,48.849607944488525,0.8570106656927812,2.4137332411334858,0.5862068965517241,0.0,1.1248741188318228,1.1873176150340807,431.9379599520535,3.795487100427801,0.0,0.05876777251184834,363.7931034482759,175.32184774655204,0.4819273539952615,0.5,0.15789473684210525,13.453361988067627,2.7914964852676585,10.0,0.1432960033416748
FLOW-WHATSAPP-0070,WHATSAPP,PROFILE-09-TUNNEL-NATT-CHACHA-IPV4,1649629,5.8,False,2.0,2,CHACHA20,TUNNEL,4,False,True,"{""media_transfers"": 0}",2.0,916.0,0.08010292053222656,0.08010292053222656,0.0,0.5,0.0,0.30484330484330485,24.967878657999382,11435.288425363717,0.0,0.0,0.5327510917030568,458.0,244.0,0.5327510917030568,0.5,0.0,0.08010292053222656,1.0,1.0,0.08010292053222656
FLOW-WHATSAPP-0071,WHATSAPP,PROFILE-01-TUNNEL-AES256GCM-PFS-IPV4,9217878,20.2,True,8.0,8,AES-GCM,TUNNEL,4,False,False,"{""media_transfers"": 0}",8.0,2688.0,9.761754989624023,1.3945364270891463,2.133015491383565,0.625,0.0,0.3884297520661157,0.8195247687022845,275.3603222839676,0.0,0.0,0.4404761904761904,336.0,206.8912757948,0.615747844627381,0.5,0.14285714285714285,8.674494981765747,1.9056390622295665,2.0,0.13772988319396973
FLOW-WHATSAPP-0072,WHATSAPP,PROFILE-02-TRANSPORT-AES128CBC-PFS-IPV4,3343087,12.4,True,4.0,4,AES-CBC,TRANSPORT,4,False,False,"{""media_transfers"": 0}",4.0,1128.0,0.4444601535797119,0.14815338452657065,0.4074875417636636,0.5,0.0,0.43147208121827413,8.99968190125421,2537.9102961536873,0.0,0.0,0.3971631205673758,282.0,125.47509713086498,0.4449471529463297,0.5,0.0,0.23163294792175293,1.5,1.0,0.12191510200500488
FLOW-WHATSAPP-0073,WHATSAPP,PROFILE-03-TUNNEL-AES128GCM-NOPFS-IPV4,2445464,37.4,True,178.0,178,AES-GCM,TUNNEL,4,False,False,"{""media_transfers"": 1}",178.0,177592.0,39.984386920928955,0.22590049107869467,8.697941098585723,0.3595505617977528,0.6292134831460674,23.83804195804196,4.4517376332918035,4441.533650402011,13.04731035232544,0.0,0.9194783548808505,997.7078651685393,667.8359517706913,0.6693702386097519,0.34269662921348315,0.01694915254237288,22.685614109039307,1.3352745698735642,4.0,0.0007460117340087891
FLOW-WHATSAPP-0074,WHATSAPP,PROFILE-04-TRANSPORT-AES256CBC-PFS-IPV6,8506783,22.7,False,214.0,214,AES-CBC,TRANSPORT,6,False,False,"{""media_transfers"": 1}",214.0,226212.0,17.206400156021118,0.08078122138977051,10.227205353299881,0.3364485981308411,0.6495327102803738,0.051307790976521106,12.437232544839658,13146.96845062275,8.344581007957458,0.0,0.9023924460240835,1057.0654205607477,658.985360991065,0.6234101959758452,0.6635514018691588,0.009389671361502348,10.274629831314087,1.159856881012918,3.0,0.0004470348358154297
FLOW-WHATSAPP-0075,WHATSAPP,PROFILE-05-TUNNEL-3DESCBC-NOPFS-IPV4,1369495,37.6,True,14.0,14,3DES,TUNNEL,4,False,False,"{""media_transfers"": 0}",14.0,3772.0,35.64749312400818,2.742114855692937,2.3711493223330957,0.7857142857142857,0.0,0.5197421434327155,0.3927344891069257,105.81389235080884,16.937758564949036,0.0,0.3160127253446448,269.42857142857144,126.07351273064813,0.46792926252096334,0.5,0.15384615384615385,22.98607301712036,2.120952031026403,3.0,0.14479303359985352
FLOW-WHATSAPP-0076,WHATSAPP,PROFILE-06-TUNNEL-AES256GCM-PFS-IPV6,4325110,54.3,True,38.0,38,AES-GCM,TUNNEL,6,False,False,"{""media_transfers"": 0}",38.0,12740.0,57.48389482498169,1.5536187790535592,2.0673446696703834,0.6052631578947368,0.0,0.9402985074626866,0.6610547200341361,221.62729297986564,6.6146193742752075,0.0,0.030769230769230743,335.2631578947368,154.712923321419,0.4614671182271525,0.5,0.21621621621621623,13.447697877883911,2.606406554366082,9.0,0.14442205429077148
FLOW-WHATSAPP-0077,WHATSAPP,PROFILE-09-TUNNEL-NATT-CHACHA-IPV4,2119402,42.1,True,809.0,809,CHACHA20,TUNNEL,4,False,True,"{""media_transfers"": 3}",809.0,826638.0,43.288686990737915,0.05357510766180435,13.077881985821222,0.34487021013597036,0.6390605686032138,0.9574940681136839,18.68848551985636,19095.936085491994,5.6559887272971014,0.0,0.021714462678947718,1021.8022249690977,662.7683040963122,0.6486267967525284,0.5030902348578492,0.008663366336633664,16.463625192642212,1.2434539022306668,8.0,0.0005490779876708984
FLOW-WHATSAPP-0078,WHATSAPP,PROFILE-01-TUNNEL-AES256GCM-PFS-IPV4,6227217,52.8,True,401.0,401,AES-GCM,TUNNEL,4,False,False,"{""media_transfers"": 1}",401.0,402462.0,71.92700600624084,0.17981751501560211,10.843579854962437,0.34663341645885287,0.628428927680798,21.115727002967358,5.5750965077735435,5595.4226701036305,13.770108795166015,0.0,0.9095666174694754,1003.645885286783,662.8515473728941,0.660443645602642,0.341645885286783,0.0125,27.464195013046265,1.3490221770489144,6.0,0.0005228519439697266
FLOW-WHATSAPP-0079,WHATSAPP,PROFILE-02-TRANSPORT-AES128CBC-PFS-IPV4,7472866,6.1,False,98.0,98,AES-CBC,TRANSPORT,4,False,False,"{""media_transfers"": 1}",98.0,98260.0,5.91695499420166,0.060999536022697524,9.020501328674069,0.336734693877551,0.6326530612244898,0.0381405176967776,16.56257316407433,16606.51468471371,0.0,0.0,0.9265214736413597,1002.6530612244898,655.1708781939914,0.6534372691126721,0.6632653061224489,0.010309278350515464,5.4468419551849365,1.2398092638501121,2.0,0.0005240440368652344
FLOW-WHATSAPP-0080,WHATSAPP,PROFILE-03-TUNNEL-AES128GCM-NOPFS-IPV4,9190627,33.4,True,16.0,16,AES-GCM,TUNNEL,4,False,False,"{""media_transfers"": 0}",16.0,5188.0,28.637500047683716,1.9091666698455811,3.309588420161731,0.5625,0.0,0.962178517397882,0.5587079868479695,181.16106473545412,13.199849605560303,0.0,0.019275250578257536,324.25,171.88349978982856,0.530095604594691,0.5,0.06666666666666667,25.537336111068726,2.524397470347699,2.0,0.13938689231872559
FLOW-WHATSAPP-0081,WHATSAPP,PROFILE-04-TRANSPORT-AES256CBC-PFS-IPV6,7306009,42.9,False,614.0,614,AES-CBC,TRANSPORT,6,False,False,"{""media_transfers"": 2}",614.0,639300.0,44.495465993881226,0.07258640455771814,10.745641902777662,0.3469055374592834,0.6319218241042345,0.5969564652631368,13.799158774613888,14367.756033567848,5.757242100579398,0.0,0.25238229313311433,1041.2052117263843,659.7711133851868,0.6336609785992566,0.5439739413680782,0.009787928221859706,13.751188039779663,1.2764743322765162,7.0,0.0005362033843994141
FLOW-WHATSAPP-0082,WHATSAPP,PROFILE-05-TUNNEL-3DESCBC-NOPFS-IPV4,6465635,24.7,True,230.0,230,3DES,TUNNEL,4,False,False,"{""media_transfers"": 1}",230.0,232140.0,15.038405179977417,0.06566989161562191,12.561557101059696,0.34782608695652173,0.6347826086956522,0.045186038972733496,15.294174963860456,15436.477287437245,6.935987949371338,0.0,0.9135349358145947,1009.304347826087,663.3853123108712,0.6572698450568638,0.6608695652173913,0.008733624454148471,12.430279970169067,1.2490499689045462,3.0,0.0007867813110351562
FLOW-WHATSAPP-0083,WHATSAPP,PROFILE-06-TUNNEL-AES256GCM-PFS-IPV6,9993667,25.9,True,437.0,437,AES-GCM,TUNNEL,6,False,False,"{""media_transfers"": 2}",437.0,460838.0,48.77530288696289,0.11186996074991488,12.670449689885498,0.34096109839816935,0.6361556064073226,0.053541463771495455,8.959452307507974,9448.183255119817,6.733932835715158,0.0,0.8983590762914516,1054.549199084668,659.972616088556,0.6258338792172066,0.6613272311212814,0.013761467889908258,27.991790056228638,1.2561924658436552,7.0,0.00047898292541503906
FLOW-WHATSAPP-0084,WHATSAPP,PROFILE-09-TUNNEL-NATT-CHACHA-IPV4,1154361,29.1,False,6.0,6,CHACHA20,TUNNEL,4,False,True,"{""media_transfers"": 0}",6.0,2332.0,12.540426969528198,2.5080853939056396,1.9131782119757608,0.5,0.0,0.3605600933488915,0.47845260887682,185.95858065012405,0.0,0.0,0.4699828473413379,388.6666666666667,188.20792284657472,0.484239938713314,0.5,0.2,12.102633953094482,1.9182958340544896,2.0,0.0815119743347168
FLOW-WHATSAPP-0085,WHATSAPP,PROFILE-01-TUNNEL-AES256GCM-PFS-IPV4,225020,47.4,True,18.0,18,AES-GCM,TUNNEL,4,False,False,"{""media_transfers"": 0}",18.0,6112.0,44.92623996734619,2.642719998079188,1.7490925960404644,0.5555555555555556,0.0,1.168914123491838,0.4006567211741505,136.045215545356,10.882234573364258,0.0,0.07787958115183242,339.55555555555554,186.3670876470003,0.5488559518399878,0.5,0.23529411764705882,12.151762962341309,2.4885548621928453,5.0,0.1347651481628418
FLOW-WHATSAPP-0086,WHATSAPP,PROFILE-02-TRANSPORT-AES128CBC-PFS-IPV4,1651190,7.8,False,12.0,12,AES-CBC,TRANSPORT,4,False,False,"{""media_transfers"": 0}",12.0,2744.0,7.0259270668029785,0.6387206424366344,1.5941542366891233,0.8333333333333334,0.0,1.2640264026402641,1.7079596594019846,390.5534421165871,2.727925658226013,0.0,0.11661807580174931,228.66666666666666,64.7731082746193,0.2832643219006675,0.5,0.18181818181818182,3.2822651863098145,1.7295739585136223,3.0,0.1439509391784668
FLOW-WHATSAPP-0087,WHATSAPP,PROFILE-03-TUNNEL-AES128GCM-NOPFS-IPV4,5572661,30.3,False,10.0,10,AES-GCM,TUNNEL,4,False,False,"{""media_transfers"": 0}",10.0,3128.0,35.533934116363525,3.9482149018181696,1.646915077887233,0.6,0.0,0.5024015369836695,0.2814211330288632,88.0285304114284,11.644255717595419,0.0,0.33120204603580566,312.8,140.20613395996625,0.44822932851651615,0.5,0.3333333333333333,20.006477117538452,2.4464393446710155,4.0,0.13246893882751465
FLOW-WHATSAPP-0088,WHATSAPP,PROFILE-04-TRANSPORT-AES256CBC-PFS-IPV6,771500,24.0,False,8.0,8,AES-CBC,TRANSPORT,6,False,False,"{""media_transfers"": 0}",8.0,2608.0,23.437975883483887,3.3482822690691267,1.532546091612858,0.5,0.0,1.608,0.3413264029184954,111.27240735142951,11.437050461769104,0.0,0.23312883435582826,326.0,125.98412598418898,0.38645437418462875,0.5,0.2857142857142857,12.1841139793396,1.75,3.0,0.132979154586792
FLOW-WHATSAPP-0089,WHATSAPP,PROFILE-05-TUNNEL-3DESCBC-NOPFS-IPV4,3340614,21.7,True,14.0,14,3DES,TUNNEL,4,False,False,"{""media_transfers"": 0}",14.0,4276.0,17.555654048919678,1.3504349268399751,2.3228593464860854,0.7142857142857143,0.0,0.40936058009228743,0.797463880353778,243.5682537423396,8.065506935119629,0.0,0.41908325537885865,305.42857142857144,198.13332967103392,0.6487059437311681,0.5,0.15384615384615385,11.324692964553833,1.7783283537314114,3.0,0.11776304244995117
FLOW-WHATSAPP-0090,WHATSAPP,PROFILE-06-TUNNEL-AES256GCM-PFS-IPV6,4707623,53.3,True,26.0,26,AES-GCM,TUNNEL,6,False,False,"{""media_transfers"": 0}",26.0,8620.0,35.47156000137329,1.4188624000549317,2.3509563333045236,0.5769230769230769,0.0,0.965344277245782,0.7329815773254236,243.01158448250584,6.615967321395874,0.0,0.017633410672853858,331.53846153846155,144.94169405162964,0.43717912358960215,0.5,0.2,15.92630386352539,2.2475767369558097,6.0,0.11240220069885254
FLOW-WHATSAPP-0091,WHATSAPP,PROFILE-09-TUNNEL-NATT-CHACHA-IPV4,2289950,32.1,True,10.0,10,CHACHA20,TUNNEL,4,False,True,"{""media_transfers"": 0}",10.0,3504.0,36.49175715446472,4.054639683829413,2.4674890617137764,0.5,0.0,0.41862348178137654,0.27403448832763355,96.02168471000279,17.830050587654114,0.0,0.4098173515981735,350.4,164.316280386333,0.4689391563536901,0.5,0.2222222222222222,32.19689917564392,2.1709505944546685,3.0,0.07420897483825684
FLOW-WHATSAPP-0092,WHATSAPP,PROFILE-01-TUNNEL-AES256GCM-PFS-IPV4,5360604,51.1,False,246.0,246,AES-GCM,TUNNEL,4,False,False,"{""media_transfers"": 1}",246.0,243448.0,52.25172710418701,0.21327235552729393,9.714748106858332,0.35365853658536583,0.6178861788617886,20.209966893186966,4.707978350830199,4659.137859971181,12.500629782676697,0.0,0.9057047090138346,989.6260162601626,663.6106630914571,0.6705671154435381,0.34552845528455284,0.0163265306122449,24.518528938293457,1.4537015841344996,5.0,0.00037479400634765625
FLOW-WHATSAPP-0093,WHATSAPP,PROFILE-02-TRANSPORT-AES128CBC-PFS-IPV4,8998172,30.1,False,414.0,414,AES-CBC,TRANSPORT,4,False,False,"{""media_transfers"": 1}",414.0,411004.0,33.615591049194336,0.08139368292783132,11.60072701298222,0.34782608695652173,0.6280193236714976,22.168207440811724,12.315713842250657,12226.588531450216,6.129223775863648,0.0,0.9136748060846123,992.7632850241546,658.7800297071074,0.6635821848418566,0.34299516908212563,0.007263922518159807,17.35350012779236,1.357309882220557,4.0,0.00037598609924316406
FLOW-WHATSAPP-0094,WHATSAPP,PROFILE-03-TUNNEL-AES128GCM-NOPFS-IPV4,1184021,28.2,True,14.0,14,AES-GCM,TUNNEL,4,False,False,"{""media_transfers"": 0}",14.0,4268.0,17.614140033721924,1.3549338487478404,2.3678643146801286,0.6428571428571429,0.0,0.7279352226720648,0.7948159815464891,242.30532923145824,8.161277055740356,0.0,0.15745079662605435,304.85714285714283,177.90160086923538,0.5835572662064891,0.5,0.15384615384615385,11.642532110214233,2.217021885879718,3.0,0.11928987503051758
FLOW-WHATSAPP-0095,WHATSAPP,PROFILE-04-TRANSPORT-AES256CBC-PFS-IPV6,7294910,28.5,False,18.0,18,AES-CBC,TRANSPORT,6,False,False,"{""media_transfers"": 0}",18.0,6236.0,29.16588592529297,1.7156403485466452,2.0772240017019343,0.6111111111111112,0.0,0.6991825613079019,0.6171593774352044,213.8114376492186,8.99246597290039,0.0,0.177036561898653,346.44444444444446,148.93332670181357,0.4298909365992053,0.5,0.17647058823529413,11.234170913696289,2.197159723424149,4.0,0.14498400688171387
FLOW-WHATSAPP-0096,WHATSAPP,PROFILE-05-TUNNEL-3DESCBC-NOPFS-IPV4,8695301,15.3,False,18.0,18,3DES,TUNNEL,4,False,False,"{""media_transfers"": 0}",18.0,5500.0,14.280895948410034,0.8400527028476491,2.0340786612622206,0.6666666666666666,0.0,1.4487978628673197,1.2604251207364923,385.1298980028171,4.102018356323242,0.0,0.18327272727272728,305.55555555555554,182.86067015998282,0.598453102341762,0.5,0.17647058823529413,6.775566101074219,2.327632809290636,4.0,0.10202693939208984
FLOW-WHATSAPP-0097,WHATSAPP,PROFILE-06-TUNNEL-AES256GCM-PFS-IPV6,7076239,49.9,False,123.0,123,AES-GCM,TUNNEL,6,False,False,"{""media_transfers"": 1}",123.0,119026.0,45.80346202850342,0.37543821334838867,6.319170462202823,0.36585365853658536,0.5609756097560976,0.07690498163328086,2.68538653090147,2598.6245303014502,8.863652181625366,0.0,0.8571740628098063,967.6910569105692,664.5387192874595,0.6867261142301473,0.6422764227642277,0.03278688524590164,21.530426025390625,1.7077978380538146,5.0,0.0008859634399414062
FLOW-WHATSAPP-0098,WHATSAPP,PROFILE-09-TUNNEL-NATT-CHACHA-IPV4,3568470,34.0,True,22.0,22,CHACHA20,TUNNEL,4,False,True,"{""media_transfers"": 0}",22.0,6724.0,39.49197602272034,1.8805702867962064,2.045296113568727,0.5454545454545454,0.0,0.9288582903040734,0.5570751888267901,170.26243498506076,6.284066518147786,0.0,0.03688280785246879,305.6363636363636,144.609362658837,0.47314187663510027,0.5,0.2857142857142857,16.58084797859192,2.657091416164423,7.0,0.1366269588470459
FLOW-WHATSAPP-0099,WHATSAPP,PROFILE-01-TUNNEL-AES256GCM-PFS-IPV4,4367574,29.9,True,20.0,20,AES-GCM,TUNNEL,4,False,False,"{""media_transfers"": 0}",20.0,5616.0,31.507934093475342,1.6583123207092285,2.0937489434871503,0.65,0.0,0.9050203527815468,0.6347607539315501,178.24081970397927,7.376717805862427,0.0,0.049857549857549865,280.8,130.43987120508822,0.4645294558585763,0.5,0.21052631578947367,10.877705097198486,2.539353872167201,5.0,0.10193395614624023
FLOW-WHATSAPP-0100,WHATSAPP,PROFILE-02-TRANSPORT-AES128CBC-PFS-IPV4,1823394,35.8,False,22.0,22,AES-CBC,TRANSPORT,4,False,False,"{""media_transfers"": 0}",22.0,6780.0,27.084491968154907,1.2897377127692813,2.4962983195744037,0.6363636363636364,0.0,0.9098591549295775,0.8122729429766269,250.3277524264332,8.096819400787354,0.0,0.04719764011799409,308.1818181818182,164.69797050238145,0.5344181933705593,0.5,0.14285714285714285,13.170799016952515,2.3131006664157687,4.0,0.09347200393676758
FLOW-WHATSAPP-0101,WHATSAPP,PROFILE-03-TUNNEL-AES128GCM-NOPFS-IPV4,2744055,28.2,False,370.0,370,AES-GCM,TUNNEL,4,False,False,"{""media_transfers"": 1}",370.0,363404.0,27.526521921157837,0.07459762038254156,9.394646890743969,0.3621621621621622,0.6135135135135135,0.05030057803468208,13.441581942671995,13201.958498093982,4.826759243011475,0.0,0.9042167945317057,982.172972972973,667.1641090906567,0.6792735367897518,0.654054054054054,0.013550135501355014,9.293482065200806,1.4317593503947919,6.0,0.0015950202941894531
FLOW-WHATSAPP-0102,WHATSAPP,PROFILE-04-TRANSPORT-AES256CBC-PFS-IPV6,1680156,47.5,True,132.0,132,AES-CBC,TRANSPORT,6,False,False,"{""media_transfers"": 1}",132.0,123208.0,50.72365617752075,0.38720348227115076,5.608593045038623,0.3787878787878788,0.5303030303030303,0.09203715521520243,2.6023360685600294,2429.0047146601823,7.956072290738423,0.0,0.8314395169144861,933.3939393939394,657.2121994567535,0.7041102065473952,0.6363636363636364,0.04580152671755725,18.410283088684082,1.9335412921600337,7.0,0.00041794776916503906
FLOW-WHATSAPP-0103,WHATSAPP,PROFILE-05-TUNNEL-3DESCBC-NOPFS-IPV4,7674441,51.7,True,32.0,32,3DES,TUNNEL,4,False,False,"{""media_transfers"": 0}",32.0,9872.0,45.93502712249756,1.4817750684676632,2.4902604735104132,0.65625,0.0,2.0245098039215685,0.6966361403175788,214.91224928797308,7.137532154719035,0.0,0.3387358184764992,308.5,179.43731495984886,0.5816444569200936,0.5,0.1935483870967742,17.384554862976074,2.613425661177356,7.0,0.10774898529052734
FLOW-WHATSAPP-0104,WHATSAPP,PROFILE-06-TUNNEL-AES256GCM-PFS-IPV6,6048569,30.1,True,28.0,28,AES-GCM,TUNNEL,6,False,False,"{""media_transfers"": 0}",28.0,10560.0,29.535537004470825,1.0939087779433638,2.6851834680225806,0.5714285714285714,0.0,1.7414330218068537,0.948010526971682,357.53539874360575,6.61954540014267,0.0,0.27045454545454545,377.14285714285717,189.35788381597771,0.5020852979969106,0.5,0.14814814814814814,13.665372133255005,2.5178650529206688,5.0,0.11420106887817383
FLOW-WHATSAPP-0105,WHATSAPP,PROFILE-09-TUNNEL-NATT-CHACHA-IPV4,4114613,16.5,False,4.0,4,CHACHA20,TUNNEL,4,False,True,"{""media_transfers"": 0}",4.0,1328.0,0.3745720386505127,0.12485734621683757,0.30407387257773055,0.5,0.0,0.4127659574468085,10.678853697705193,3545.379427638124,0.0,0.0,0.4156626506024096,332.0,152.56474035634838,0.45953235047092883,0.5,0.0,0.16697216033935547,1.5,1.0,0.13264203071594238
FLOW-WHATSAPP-0106,WHATSAPP,PROFILE-01-TUNNEL-AES256GCM-PFS-IPV4,3940543,57.4,True,442.0,442,AES-GCM,TUNNEL,4,False,False,"{""media_transfers"": 1}",442.0,447980.0,57.415101766586304,0.13019297452740658,12.972275502366186,0.34615384615384615,0.6402714932126696,23.882248389246833,7.698323026525217,7802.476808648793,13.887939810752869,0.0,0.9196214116701639,1013.5294117647059,664.1085851996306,0.6552435257338202,0.3393665158371041,0.009070294784580499,31.66036105155945,1.2102514526723112,5.0,0.0003809928894042969
FLOW-WHATSAPP-0107,WHATSAPP,PROFILE-02-TRANSPORT-AES128CBC-PFS-IPV4,7437479,42.0,True,643.0,643,AES-CBC,TRANSPORT,4,False,False,"{""media_transfers"": 3}",643.0,637934.0,42.95684194564819,0.06691096876269188,9.018950671238672,0.3483670295489891,0.6267496111975117,1.1387372768844963,14.968511903495273,14850.579584205836,4.834192842245102,0.0,0.06486877952891681,992.1213063763608,659.0725404609001,0.664306407114778,0.48833592534992226,0.012461059190031152,9.090980052947998,1.3748693430200893,9.0,0.00039505958557128906
FLOW-WHATSAPP-0108,WHATSAPP,PROFILE-03-TUNNEL-AES128GCM-NOPFS-IPV4,4053090,30.8,True,10.0,10,AES-GCM,TUNNEL,4,False,False,"{""media_transfers"": 0}",10.0,3400.0,21.014241933822632,2.334915770424737,1.8523509341860511,0.5,0.0,0.8027571580063627,0.47586774871497506,161.79503456309152,6.810905933380127,0.0,0.10941176470588232,340.0,179.59287290981231,0.5282143320876833,0.5,0.3333333333333333,13.648497819900513,2.4464393446710155,4.0,0.08621597290039062
FLOW-WHATSAPP-0109,WHATSAPP,PROFILE-04-TRANSPORT-AES256CBC-PFS-IPV6,1480610,50.9,False,10.0,10,AES-CBC,TRANSPORT,6,False,False,"{""media_transfers"": 0}",10.0,3628.0,63.83113884925842,7.092348761028713,2.4973702660104404,0.5,0.0,0.991218441273326,0.15666334927245587,56.837463116047,31.495823979377747,0.0,0.004410143329658204,362.8,181.5911892135739,0.5005269823968409,0.5,0.2222222222222222,56.91331195831299,2.721928094887362,3.0,0.13974499702453613
FLOW-WHATSAPP-0110,WHATSAPP,PROFILE-05-TUNNEL-3DESCBC-NOPFS-IPV4,3487220,23.7,True,12.0,12,3DES,TUNNEL,4,False,False,"{""media_transfers"": 0}",12.0,3976.0,22.02376103401184,2.0021600940010766,2.011095364988746,0.5833333333333334,0.0,0.38633193863319387,0.5448660644958916,180.53228936963876,10.28216302394867,0.0,0.44265593561368216,331.3333333333333,181.17640268227234,0.5468100684575624,0.5,0.18181818181818182,12.592961072921753,2.584962500721156,3.0,0.1400890350341797
FLOW-WHATSAPP-0111,WHATSAPP,PROFILE-06-TUNNEL-AES256GCM-PFS-IPV6,6374612,58.9,False,34.0,34,AES-GCM,TUNNEL,6,False,False,"{""media_transfers"": 0}",34.0,11460.0,66.2947268486023,2.008931116624312,2.9126699741708815,0.6176470588235294,0.0,0.876842450049132,0.5128613030964895,172.8644274554638,12.418990755081177,0.0,0.06561954624781852,337.05882352941177,168.56504089039527,0.5001057059575427,0.5,0.15151515151515152,24.65197992324829,2.535848502951414,6.0,0.14010882377624512
FLOW-WHATSAPP-0112,WHATSAPP,PROFILE-09-TUNNEL-NATT-CHACHA-IPV4,5983490,31.3,False,18.0,18,CHACHA20,TUNNEL,4,False,True,"{""media_transfers"": 0}",18.0,4660.0,25.71421718597412,1.5126010109396542,2.411071192779348,0.7777777777777778,0.0,1.1356553620531622,0.7000018654978982,181.22270517890033,8.109485467274984,0.0,0.063519313304721,258.8888888888889,121.56428975324077,0.46956163423998576,0.5,0.17647058823529413,13.686145067214966,2.2096909728231857,4.0,0.10298800468444824
FLOW-WHATSAPP-0113,WHATSAPP,PROFILE-01-TUNNEL-AES256GCM-PFS-IPV4,2226115,36.9,True,32.0,32,AES-GCM,TUNNEL,4,False,False,"{""media_transfers"": 0}",32.0,10020.0,31.551130056381226,1.0177783889155234,2.0213155343623326,0.59375,0.0,1.3130193905817173,1.0142267469601454,317.57975014189554,4.1085281031472345,0.0,0.13532934131736524,313.125,159.33215110265724,0.5088451931422188,0.5,0.22580645161290322,8.654943943023682,2.7120310230081115,8.0,0.10668706893920898
FLOW-WHATSAPP-0114,WHATSAPP,PROFILE-02-TRANSPORT-AES128CBC-PFS-IPV4,4650507,32.9,True,418.0,418,AES-CBC,TRANSPORT,4,False,False,"{""media_transfers"": 4}",418.0,414484.0,46.258474826812744,0.11093159430890347,9.729757850760079,0.35406698564593303,0.6291866028708134,3.5233542867120655,9.036182052368817,8960.17435835894,5.485651642084122,0.0,0.5578502427114196,991.5885167464115,660.9828285069557,0.6665898377643226,0.4019138755980861,0.019184652278177457,19.776542901992798,1.3314113445901918,9.0,0.0006721019744873047
FLOW-WHATSAPP-0115,WHATSAPP,PROFILE-03-TUNNEL-AES128GCM-NOPFS-IPV4,674593,24.2,False,24.0,24,AES-GCM,TUNNEL,4,False,False,"{""media_transfers"": 0}",24.0,7992.0,28.1629900932312,1.224477830140487,2.0135394330470704,0.625,0.0,0.6860759493670886,0.8521822406125922,283.77668612399316,4.394753177960713,0.0,0.18618618618618618,333.0,179.09494688572315,0.5378226633204899,0.5,0.2608695652173913,11.051252126693726,2.384602696255584,7.0,0.11077308654785156
FLOW-WHATSAPP-0116,WHATSAPP,PROFILE-04-TRANSPORT-AES256CBC-PFS-IPV6,9712341,32.9,True,12.0,12,AES-CBC,TRANSPORT,6,False,False,"{""media_transfers"": 0}",12.0,4168.0,29.84795594215393,2.713450540195812,2.3708852802141465,0.5833333333333334,0.0,0.6461295418641391,0.40203758083991725,139.64105307839793,14.53681230545044,0.0,0.2149712092130518,347.3333333333333,148.42581386747463,0.42732959846681756,0.5,0.18181818181818182,22.070310831069946,2.2841591278514217,3.0,0.0823831558227539
FLOW-WHATSAPP-0117,WHATSAPP,PROFILE-05-TUNNEL-3DESCBC-NOPFS-IPV4,9890020,33.9,False,22.0,22,3DES,TUNNEL,4,False,False,"{""media_transfers"": 0}",22.0,6940.0,81.23558592796326,3.868361234664917,3.4824030998558975,0.5909090909090909,0.0,0.7516405855628471,0.27081727482717727,85.43054033184592,19.649890959262848,0.0,0.1417867435158501,315.45454545454544,186.20631941056607,0.5902793987078464,0.5,0.19047619047619047,63.453383922576904,2.335383620764545,5.0,0.14686989784240723
FLOW-WHATSAPP-0118,WHATSAPP,PROFILE-06-TUNNEL-AES256GCM-PFS-IPV6,4298943,50.1,True,16.0,16,AES-GCM,TUNNEL,6,False,False,"{""media_transfers"": 0}",16.0,5348.0,37.26637101173401,2.4844247341156005,3.152897628569176,0.5625,0.0,1.1495176848874598,0.42934150993564957,143.50739969599087,17.787227988243103,0.0,0.0695587135377711,334.25,156.35516460929585,0.46777910129931444,0.5,0.13333333333333333,31.567974090576172,1.9528195311147831,3.0,0.09939098358154297
FLOW-WHATSAPP-0119,WHATSAPP,PROFILE-09-TUNNEL-NATT-CHACHA-IPV4,7368278,24.5,True,100.0,100,CHACHA20,TUNNEL,4,False,True,"{""media_transfers"": 1}",100.0,100056.0,4.54543399810791,0.04591347472836273,8.095598229059101,0.36,0.62,0.04346737860837644,22.00009944960727,22012.419505299047,0.0,0.0,0.9166866554729353,1000.56,664.7341772468149,0.664362134451522,0.66,0.010101010101010102,3.6956310272216797,1.348904746093296,2.0,0.0009369850158691406
FLOW-WHATSAPP-0120,WHATSAPP,PROFILE-01-TUNNEL-AES256GCM-PFS-IPV4,3573167,20.1,True,10.0,10,AES-GCM,TUNNEL,4,False,False,"{""media_transfers"": 0}",10.0,3360.0,17.900216102600098,1.9889129002888997,2.605391579540418,0.6,0.0,0.9332566168009206,0.5586524733937401,187.7072310602967,0.0,0.0,0.0345238095238095,336.0,182.12303533600576,0.5420328432619219,0.5,0.1111111111111111,16.64263892173767,2.1219280948873624,2.0,0.13620901107788086
FLOW-WHATSAPP-0121,WHATSAPP,PROFILE-02-TRANSPORT-AES128CBC-PFS-IPV4,130320,10.9,False,2.0,2,AES-CBC,TRANSPORT,4,False,False,"{""media_transfers"": 0}",2.0,660.0,0.10221600532531738,0.10221600532531738,0.0,0.5,0.0,0.49321266968325794,19.56640737069217,6456.914432328415,0.0,0.0,0.33939393939393936,330.0,112.0,0.3393939393939394,0.5,0.0,0.10221600532531738,1.0,1.0,0.10221600532531738
FLOW-WHATSAPP-0122,WHATSAPP,PROFILE-03-TUNNEL-AES128GCM-NOPFS-IPV4,1972255,15.9,True,2.0,2,AES-GCM,TUNNEL,4,False,False,"{""media_transfers"": 0}",2.0,408.0,0.09735298156738281,0.09735298156738281,0.0,1.0,0.0,0.9065420560747663,20.543798123077526,4190.934817107815,0.0,0.0,0.04901960784313726,204.0,10.0,0.049019607843137254,0.5,0.0,0.09735298156738281,-0.0,1.0,0.09735298156738281
FLOW-WHATSAPP-0123,WHATSAPP,PROFILE-04-TRANSPORT-AES256CBC-PFS-IPV6,4208994,11.0,False,2.0,2,AES-CBC,TRANSPORT,6,False,False,"{""media_transfers"": 0}",2.0,572.0,0.09306192398071289,0.09306192398071289,0.0,0.5,0.0,0.754601226993865,21.49106653344606,6146.445028565573,0.0,0.0,0.13986013986013987,286.0,40.0,0.13986013986013987,0.5,0.0,0.09306192398071289,1.0,1.0,0.09306192398071289
FLOW-WHATSAPP-0124,WHATSAPP,PROFILE-05-TUNNEL-3DESCBC-NOPFS-IPV4,8713810,30.5,False,10.0,10,3DES,TUNNEL,4,False,False,"{""media_transfers"": 0}",10.0,2988.0,21.94499707221985,2.4383330080244274,2.716076073062343,0.7,0.0,0.4269340974212034,0.4556847270059102,136.15859642936596,0.0,0.0,0.4016064257028112,298.8,170.35304517383892,0.5701239798321249,0.5,0.1111111111111111,21.169497966766357,2.0464393446710156,2.0,0.09691905975341797
FLOW-WHATSAPP-0125,WHATSAPP,PROFILE-06-TUNNEL-AES256GCM-PFS-IPV6,3342636,28.9,False,24.0,24,AES-GCM,TUNNEL,6,False,False,"{""media_transfers"": 0}",24.0,8688.0,35.849128007888794,1.5586577394734258,2.565507778144589,0.5416666666666666,0.0,0.678516228748068,0.6694723507561654,242.34899097373187,5.627431869506836,0.0,0.1915285451197053,362.0,159.344490543811,0.440178150673511,0.5,0.21739130434782608,18.156296968460083,2.554585169337799,6.0,0.13221406936645508
FLOW-WHATSAPP-0126,WHATSAPP,PROFILE-09-TUNNEL-NATT-CHACHA-IPV4,6515195,45.1,False,262.0,262,CHACHA20,TUNNEL,4,False,True,"{""media_transfers"": 2}",262.0,252740.0,44.88153004646301,0.17195988523549047,6.243298087422642,0.366412213740458,0.583969465648855,0.06329092622509423,5.837590646503538,5631.269694646199,5.177924603223801,0.0,0.8809527577747883,964.6564885496183,663.0937641202422,0.6873884869807053,0.648854961832061,0.03065134099616858,10.494323015213013,1.6754706832035537,9.0,0.0007660388946533203
FLOW-WHATSAPP-0127,WHATSAPP,PROFILE-01-TUNNEL-AES256GCM-PFS-IPV4,5653795,35.0,False,4.0,4,AES-GCM,TUNNEL,4,False,False,"{""media_transfers"": 0}",4.0,960.0,28.549474000930786,9.516491333643595,1.3975541698046035,0.75,0.0,1.4,0.1401076601225504,33.6258384294121,0.0,0.0,0.16666666666666663,240.0,98.16312953446422,0.40901303972693426,0.5,0.3333333333333333,28.32524299621582,1.5,2.0,0.13761687278747559
FLOW-WHATSAPP-0128,WHATSAPP,PROFILE-02-TRANSPORT-AES128CBC-PFS-IPV4,7780743,33.4,True,8.0,8,AES-CBC,TRANSPORT,4,False,False,"{""media_transfers"": 0}",8.0,2832.0,34.36826491355896,4.909752130508423,2.3958806163822097,0.5,0.0,0.7438423645320197,0.2327728798681321,82.40159947331877,0.0,0.0,0.14689265536723167,354.0,201.11688143962456,0.568126783727753,0.5,0.14285714285714285,33.72333097457886,2.4056390622295662,2.0,0.12023401260375977
FLOW-WHATSAPP-0129,WHATSAPP,PROFILE-03-TUNNEL-AES128GCM-NOPFS-IPV4,467638,30.2,False,20.0,20,AES-GCM,TUNNEL,4,False,False,"{""media_transfers"": 0}",20.0,6996.0,32.35942816734314,1.7031277982812179,2.9359040177727,0.5,0.0,1.0266512166859791,0.6180578932536215,216.1966510601168,7.504471123218536,0.0,0.013150371640937677,349.8,187.79339711502107,0.536859339951461,0.5,0.21052631578947367,22.33918309211731,2.2841837197791888,5.0,0.14179396629333496
FLOW-WHATSAPP-0130,WHATSAPP,PROFILE-04-TRANSPORT-AES256CBC-PFS-IPV6,5753749,50.6,False,30.0,30,AES-CBC,TRANSPORT,6,False,False,"{""media_transfers"": 0}",30.0,10244.0,42.58314490318298,1.4683843070063098,2.2693747997540723,0.5666666666666667,0.0,0.7753899480069324,0.7045040958860127,240.5646652752105,6.526895006497701,0.0,0.12651308082780166,341.46666666666664,140.00279362292105,0.4100042765216353,0.5,0.20689655172413793,15.9601149559021,2.2779565475879124,7.0,0.14797401428222656
FLOW-WHATSAPP-0131,WHATSAPP,PROFILE-05-TUNNEL-3DESCBC-NOPFS-IPV4,1984082,43.0,True,22.0,22,3DES,TUNNEL,4,False,False,"{""media_transfers"": 0}",22.0,7340.0,37.99122095108032,1.8091057595752535,1.8031494891900843,0.5909090909090909,0.0,0.7077710563052583,0.5790811521516632,193.20252985423673,7.171511030197143,0.0,0.17111716621253403,333.6363636363636,193.29077141459598,0.579345636392522,0.5,0.23809523809523808,10.776063919067383,2.4010583224943756,6.0,0.13946199417114258
FLOW-WHATSAPP-0132,WHATSAPP,PROFILE-06-TUNNEL-AES256GCM-PFS-IPV6,8895217,18.0,True,16.0,16,AES-GCM,TUNNEL,6,False,False,"{""media_transfers"": 0}",16.0,5656.0,33.24531006813049,2.216354004542033,2.8137147291698024,0.6875,0.0,0.6654888103651354,0.4812708910583411,170.12925998912357,10.483086585998535,0.0,0.2008486562942009,353.5,180.55954696442944,0.5107766533647227,0.5,0.2,25.041287899017334,2.146782221599798,4.0,0.14670419692993164
FLOW-WHATSAPP-0133,WHATSAPP,PROFILE-09-TUNNEL-NATT-CHACHA-IPV4,7414173,51.7,True,24.0,24,CHACHA20,TUNNEL,4,False,True,"{""media_transfers"": 0}",24.0,8064.0,53.482797145843506,2.325339006341022,1.7632133098653957,0.625,0.0,1.0446247464503042,0.4487424233731424,150.77745425337585,7.316841125488281,0.0,0.021825396825396814,336.0,177.3997369408046,0.5279754075619184,0.5,0.2608695652173913,15.594238042831421,2.5833333333333335,7.0,0.14899015426635742
FLOW-WHATSAPP-0134,WHATSAPP,PROFILE-01-TUNNEL-AES256GCM-PFS-IPV4,1320617,50.0,True,560.0,560,AES-GCM,TUNNEL,4,False,False,"{""media_transfers"": 4}",560.0,561236.0,74.25925803184509,0.13284303762405206,11.052017618605014,0.3517857142857143,0.6285714285714286,0.8300974989402289,7.541147256815459,7557.791646118002,7.801310221354167,0.0,0.09283795052348745,1002.2071428571429,663.5580176639571,0.6620966757154138,0.5160714285714286,0.016100178890876567,28.414718866348267,1.313368670355253,10.0,0.0006630420684814453
FLOW-WHATSAPP-0135,WHATSAPP,PROFILE-02-TRANSPORT-AES128CBC-PFS-IPV4,4613538,14.3,True,4.0,4,AES-CBC,TRANSPORT,4,False,False,"{""media_transfers"": 0}",4.0,1128.0,0.2952580451965332,0.0984193483988444,0.45626578889250524,0.75,0.0,0.46113989637305697,13.547471661059978,3820.387008418914,0.0,0.0,0.3687943262411348,282.0,121.32600710482481,0.4302340677476057,0.5,0.0,0.14189386367797852,1.5,1.0,0.11677217483520508
FLOW-WHATSAPP-0136,WHATSAPP,PROFILE-03-TUNNEL-AES128GCM-NOPFS-IPV4,4808948,40.7,False,18.0,18,AES-GCM,TUNNEL,4,False,False,"{""media_transfers"": 0}",18.0,5764.0,41.40439414978027,2.4355525970458984,2.360882238473988,0.5555555555555556,0.0,1.3759274525968672,0.434736466252472,139.2122773044027,9.994333267211914,0.0,0.15822345593337955,320.22222222222223,160.6167126891275,0.501578908467088,0.5,0.23529411764705882,23.741510152816772,2.5046934208291405,5.0,0.11189699172973633
FLOW-WHATSAPP-0137,WHATSAPP,PROFILE-04-TRANSPORT-AES256CBC-PFS-IPV6,2274805,20.6,True,20.0,20,AES-CBC,TRANSPORT,6,False,False,"{""media_transfers"": 0}",20.0,8248.0,42.55046987533569,2.239498414491352,2.846737162112701,0.5,0.0,0.947119924457035,0.4700300621496301,193.84039763050745,13.492338339487711,0.0,0.027158098933074668,412.4,207.8399384141556,0.5039765722942667,0.5,0.15789473684210525,27.951185941696167,2.3577174691301486,4.0,0.11725902557373047
FLOW-WHATSAPP-0138,WHATSAPP,PROFILE-05-TUNNEL-3DESCBC-NOPFS-IPV4,2071423,35.5,False,128.0,128,3DES,TUNNEL,4,False,False,"{""media_transfers"": 1}",128.0,121776.0,41.29860806465149,0.3251858902728464,6.833493174621885,0.375,0.5859375,0.05772604881438374,3.099378066195853,2948.67080772708,13.294481992721558,0.0,0.8908487715149126,951.375,668.399662907605,0.7025617268769991,0.6484375,0.023622047244094488,21.054458141326904,1.6086529507627012,4.0,0.0004680156707763672
FLOW-WHATSAPP-0139,WHATSAPP,PROFILE-06-TUNNEL-AES256GCM-PFS-IPV6,9475460,14.6,True,12.0,12,AES-GCM,TUNNEL,6,False,False,"{""media_transfers"": 0}",12.0,5020.0,10.488563060760498,0.9535057327964089,2.7195841187569947,0.5,0.0,0.4293849658314351,1.1441033371762854,478.6165627187461,0.0,0.0,0.39920318725099607,418.3333333333333,185.3030550806495,0.44295551015294704,0.5,0.09090909090909091,9.150380849838257,2.625814583693911,2.0,0.12722301483154297
FLOW-WHATSAPP-0140,WHATSAPP,PROFILE-09-TUNNEL-NATT-CHACHA-IPV4,1324863,30.0,True,6.0,6,CHACHA20,TUNNEL,4,False,True,"{""media_transfers"": 0}",6.0,2016.0,38.07730412483215,7.615460824966431,1.9738218935481522,0.6666666666666666,0.0,0.43385490753911804,0.15757418068069304,52.94492470871286,0.0,0.0,0.3948412698412699,336.0,186.41530695376565,0.5548074611719216,0.5,0.2,37.67840099334717,1.7924812503605778,2.0,0.13969707489013672
FLOW-WHATSAPP-0141,WHATSAPP,PROFILE-01-TUNNEL-AES256GCM-PFS-IPV4,6208149,12.4,True,14.0,14,AES-GCM,TUNNEL,4,False,False,"{""media_transfers"": 0}",14.0,4100.0,20.100350856781006,1.5461808351370006,2.9008585474203064,0.7142857142857143,0.0,1.4908869987849331,0.6965052550451871,203.97653897751908,6.292702754338582,0.0,0.1970731707317073,292.85714285714283,167.84638263383962,0.5731339894814036,0.5,0.07692307692307693,17.05157709121704,2.406666316740689,2.0,0.14834213256835938
FLOW-WHATSAPP-0142,WHATSAPP,PROFILE-02-TRANSPORT-AES128CBC-PFS-IPV4,5697589,57.5,True,175.0,175,AES-CBC,TRANSPORT,4,False,False,"{""media_transfers"": 1}",175.0,151542.0,73.58751487731934,0.42291675216850194,6.240029655003048,0.38857142857142857,0.5085714285714286,0.06554633666151033,2.3781208033964654,2059.3439016474695,9.729717288698469,0.0,0.8769714006678017,865.9542857142857,653.4940272293926,0.7546518771373197,0.6285714285714286,0.034482758620689655,30.77784013748169,2.0598404946604356,7.0,0.0016210079193115234
FLOW-WHATSAPP-0143,WHATSAPP,PROFILE-03-TUNNEL-AES128GCM-NOPFS-IPV4,5684494,33.6,True,10.0,10,AES-GCM,TUNNEL,4,False,False,"{""media_transfers"": 0}",10.0,2988.0,28.005329847335815,3.111703316370646,1.8204429236030113,0.7,0.0,1.0953716690042077,0.3570748873343948,106.69397633551716,13.542884111404419,0.0,0.04551539491298533,298.8,163.63667070678258,0.5476461536371572,0.5,0.2222222222222222,15.657297134399414,2.0464393446710156,3.0,0.13565993309020996
FLOW-WHATSAPP-0144,WHATSAPP,PROFILE-04-TRANSPORT-AES256CBC-PFS-IPV6,4552204,55.4,True,16.0,16,AES-CBC,TRANSPORT,6,False,False,"{""media_transfers"": 0}",16.0,5120.0,46.04161787033081,3.0694411913553874,2.0696800394174235,0.625,0.0,0.9161676646706587,0.3475116805204708,111.20373776655066,11.164962112903595,0.0,0.04375,320.0,139.81416237277253,0.43691925741491416,0.5,0.26666666666666666,19.20666003227234,2.224601752714581,5.0,0.13304495811462402
FLOW-WHATSAPP-0145,WHATSAPP,PROFILE-05-TUNNEL-3DESCBC-NOPFS-IPV4,1962729,6.7,True,12.0,12,3DES,TUNNEL,4,False,False,"{""media_transfers"": 0}",12.0,4000.0,4.189176082611084,0.38083418932828034,2.0842520516237104,0.5833333333333334,0.0,0.40646976090014064,2.864525091177472,954.8416970591574,0.0,0.0,0.422,333.3333333333333,179.7615704821868,0.5392847114465604,0.5,0.09090909090909091,2.875601053237915,2.5220552088742005,2.0,0.10215091705322266
FLOW-WHATSAPP-0146,WHATSAPP,PROFILE-06-TUNNEL-AES256GCM-PFS-IPV6,3837171,45.7,False,12.0,12,AES-GCM,TUNNEL,6,False,False,"{""media_transfers"": 0}",12.0,4168.0,32.908571004867554,2.991688273169778,2.989487701069843,0.5,0.0,1.0633663366336634,0.3646466447365661,126.65393460516731,0.0,0.0,0.030710172744721716,347.3333333333333,136.31662489301232,0.39246629047892223,0.5,0.09090909090909091,31.272075176239014,2.8553885422075336,2.0,0.13576793670654297
FLOW-WHATSAPP-0147,WHATSAPP,PROFILE-09-TUNNEL-NATT-CHACHA-IPV4,2894219,56.8,True,30.0,30,CHACHA20,TUNNEL,4,False,True,"{""media_transfers"": 0}",30.0,9632.0,49.859495878219604,1.7192929613179173,2.1833560585876683,0.6,0.0,0.7329974811083123,0.6016908007508568,193.1828597610751,6.724503993988037,0.0,0.1540697674418605,321.06666666666666,169.7391986417856,0.5286727532447641,0.5,0.2413793103448276,16.78139090538025,2.6804243449594782,8.0,0.1289079189300537
FLOW-WHATSAPP-0148,WHATSAPP,PROFILE-01-TUNNEL-AES256GCM-PFS-IPV4,9221712,8.1,True,4.0,4,AES-GCM,TUNNEL,4,False,False,"{""media_transfers"": 0}",4.0,1392.0,0.3140401840209961,0.10468006134033203,0.44041950145055425,0.5,0.0,0.4204081632653061,12.7372234622451,4432.553764861294,0.0,0.0,0.4080459770114943,348.0,145.61593319413916,0.4184365896383309,0.5,0.0,0.14585399627685547,1.5,1.0,0.12787413597106934
FLOW-WHATSAPP-0149,WHATSAPP,PROFILE-02-TRANSPORT-AES128CBC-PFS-IPV4,2911762,16.3,True,8.0,8,AES-CBC,TRANSPORT,4,False,False,"{""media_transfers"": 0}",8.0,2832.0,56.43353605270386,8.061933721814837,1.821498245775007,0.5,0.0,0.7438423645320197,0.1417596797855927,50.182926644099815,27.95861256122589,0.0,0.14689265536723167,354.0,205.99029103333973,0.58189347749531,0.5,0.2857142857142857,42.11892509460449,2.1556390622295662,3.0,0.11808109283447266
FLOW-WHATSAPP-0150,WHATSAPP,PROFILE-03-TUNNEL-AES128GCM-NOPFS-IPV4,1621368,40.9,False,36.0,36,AES-GCM,TUNNEL,4,False,False,"{""media_transfers"": 0}",36.0,11480.0,41.83486604690552,1.1952818870544433,3.1502302422646045,0.5833333333333334,0.0,0.6647331786542924,0.8605262404721595,274.4122566838998,6.342869321505229,0.0,0.2013937282229965,318.8888888888889,154.97701940355506,0.48599065318187995,0.5,0.17142857142857143,21.883020877838135,2.6137621320887616,7.0,0.11548209190368652
FLOW-WHATSAPP-0151,WHATSAPP,PROFILE-04-TRANSPORT-AES256CBC-PFS-IPV6,3436073,18.0,False,6.0,6,AES-CBC,TRANSPORT,6,False,False,"{""media_transfers"": 0}",6.0,1684.0,13.45466685295105,2.69093337059021,1.9259582254403624,0.8333333333333334,0.0,0.6161228406909789,0.44594192227687923,125.16103285237743,0.0,0.0,0.2375296912114014,280.6666666666667,103.45154528677773,0.36859220410965937,0.5,0.2,13.056068181991577,1.4591479170272448,2.0,0.11793112754821777
FLOW-WHATSAPP-0152,WHATSAPP,PROFILE-05-TUNNEL-3DESCBC-NOPFS-IPV4,9362764,43.3,True,24.0,24,3DES,TUNNEL,4,False,False,"{""media_transfers"": 0}",24.0,8168.0,56.79735207557678,2.4694500902424688,2.866000891886826,0.5416666666666666,0.0,0.7452991452991453,0.42255491009624285,143.80952106942132,13.633131742477417,0.0,0.14593535749265424,340.3333333333333,183.06981060665237,0.53791325349653,0.5,0.17391304347826086,32.214375019073486,2.4397981900809884,5.0,0.12117409706115723
FLOW-WHATSAPP-0153,WHATSAPP,PROFILE-06-TUNNEL-AES256GCM-PFS-IPV6,4059028,21.5,False,12.0,12,AES-GCM,TUNNEL,6,False,False,"{""media_transfers"": 0}",12.0,3940.0,23.72310519218445,2.1566459265622226,2.0033000956589357,0.5833333333333334,0.0,0.7160278745644599,0.5058359731066483,166.08281117001619,11.305327892303467,0.0,0.16548223350253807,328.3333333333333,126.01014068540498,0.3837872305139238,0.5,0.18181818181818182,11.882591962814331,2.117492461184755,3.0,0.1299600601196289
FLOW-WHATSAPP-0154,WHATSAPP,PROFILE-09-TUNNEL-NATT-CHACHA-IPV4,1422707,42.9,False,292.0,292,CHACHA20,TUNNEL,4,False,True,"{""media_transfers"": 1}",292.0,291876.0,35.62859797477722,0.1224350445868633,7.924835659913451,0.3493150684931507,0.6164383561643836,0.05134319326278177,8.195663500615922,8192.183150362234,6.6670561790466305,0.0,0.902328386026943,999.5753424657535,662.1485869295714,0.6624298927744482,0.6541095890410958,0.01718213058419244,10.65180492401123,1.4241696412698144,6.0,0.00048089027404785156
FLOW-WHATSAPP-0155,WHATSAPP,PROFILE-01-TUNNEL-AES256GCM-PFS-IPV4,9601078,15.1,True,10.0,10,AES-GCM,TUNNEL,4,False,False,"{""media_transfers"": 0}",10.0,3504.0,13.822174072265625,1.535797119140625,1.7471501307581403,0.5,0.0,0.3508095605242868,0.7234751890489596,253.50570624275542,6.464150547981262,0.0,0.48059360730593603,350.4,194.17476664077648,0.5541517312807548,0.5,0.2222222222222222,7.536667108535767,2.321928094887362,3.0,0.11919498443603516
FLOW-WHATSAPP-0156,WHATSAPP,PROFILE-02-TRANSPORT-AES128CBC-PFS-IPV4,6953786,46.5,True,38.0,38,AES-CBC,TRANSPORT,4,False,False,"{""media_transfers"": 0}",38.0,12268.0,64.3962070941925,1.7404380295727704,2.9050862091973904,0.5789473684210527,0.0,1.9618541767262192,0.5900968661774955,190.5081145859346,7.562325119972229,0.0,0.32474731007499186,322.8421052631579,169.6737622485217,0.5255626805872045,0.5,0.1891891891891892,28.361671924591064,2.5814802164775896,8.0,0.13514113426208496
FLOW-WHATSAPP-0157,WHATSAPP,PROFILE-03-TUNNEL-AES128GCM-NOPFS-IPV4,7602868,50.6,False,16.0,16,AES-GCM,TUNNEL,4,False,False,"{""media_transfers"": 0}",16.0,5668.0,91.55425381660461,6.103616921106974,2.451958025821759,0.5625,0.0,1.2456418383518224,0.1747597662916912,61.90864720883161,30.135976950327557,0.0,0.10938602681721943,354.25,202.87665587740744,0.5726934534295199,0.5,0.2,47.48144793510437,2.3522170014624826,4.0,0.10051608085632324
FLOW-WHATSAPP-0158,WHATSAPP,PROFILE-04-TRANSPORT-AES256CBC-PFS-IPV6,8345470,53.2,False,24.0,24,AES-CBC,TRANSPORT,6,False,False,"{""media_transfers"": 0}",24.0,8352.0,50.69946217536926,2.2043244424073594,2.8872647324660248,0.5416666666666666,0.0,0.7724957555178268,0.4733778026477694,164.73547532142376,11.996017038822174,0.0,0.12835249042145597,348.0,163.09097665618006,0.46865223177063237,0.5,0.17391304347826086,29.77662420272827,2.5833333333333335,5.0,0.13656210899353027
FLOW-WHATSAPP-0159,WHATSAPP,PROFILE-05-TUNNEL-3DESCBC-NOPFS-IPV4,4612697,10.3,False,12.0,12,3DES,TUNNEL,4,False,False,"{""media_transfers"": 0}",12.0,3440.0,29.08081817626953,2.64371074329723,3.033940512071483,0.6666666666666666,0.0,0.9953596287703016,0.4126431356663897,118.29103222436505,0.0,0.0,0.002325581395348851,286.6666666666667,170.4099631933402,0.5944533599767681,0.5,0.09090909090909091,28.0071918964386,2.125814583693911,2.0,0.11408710479736328
FLOW-WHATSAPP-0160,WHATSAPP,PROFILE-06-TUNNEL-AES256GCM-PFS-IPV6,1902310,49.7,False,40.0,40,AES-GCM,TUNNEL,6,False,False,"{""media_transfers"": 0}",40.0,12812.0,66.15853595733643,1.6963727168547802,2.523531968481308,0.675,0.0,0.9191132414619533,0.6046083006702982,193.65603870469653,6.857166926066081,0.0,0.042147986262878544,320.3,143.54898118760718,0.44817040645522066,0.5,0.23076923076923078,22.67013120651245,2.456258851979318,10.0,0.1324617862701416
FLOW-WHATSAPP-0161,WHATSAPP,PROFILE-09-TUNNEL-NATT-CHACHA-IPV4,5718759,14.2,True,10.0,10,CHACHA20,TUNNEL,4,False,True,"{""media_transfers"": 0}",10.0,3484.0,4.6465630531311035,0.5162847836812338,2.058446411493127,0.5,0.0,0.41281427412814276,2.1521283334918837,749.8015113885722,0.0,0.0,0.41561423650975887,348.4,168.72415357618482,0.484282874788131,0.5,0.1111111111111111,3.511229991912842,2.6464393446710153,2.0,0.1469728946685791
FLOW-WHATSAPP-0162,WHATSAPP,PROFILE-01-TUNNEL-AES256GCM-PFS-IPV4,4230537,50.0,True,18.0,18,AES-GCM,TUNNEL,4,False,False,"{""media_transfers"": 0}",18.0,5356.0,47.316795110702515,2.7833408888648536,2.5168884515764884,0.6666666666666666,0.0,0.6142254370102471,0.3804146066504958,113.19447962333642,15.130712747573853,0.0,0.23898431665421957,297.55555555555554,143.53560232849017,0.4823825320972411,0.5,0.17647058823529413,27.50078010559082,2.5304930567574826,4.0,0.11218094825744629
FLOW-WHATSAPP-0163,WHATSAPP,PROFILE-02-TRANSPORT-AES128CBC-PFS-IPV4,1128773,32.1,False,24.0,24,AES-CBC,TRANSPORT,4,False,False,"{""media_transfers"": 0}",24.0,6592.0,36.01184296607971,1.565732302873031,2.7294086144738525,0.75,0.0,1.6840390879478828,0.6664474246043472,183.0508926246607,10.993579943974813,0.0,0.25485436893203883,274.6666666666667,130.14692551966883,0.47383589388228936,0.5,0.13043478260869565,17.99679684638977,2.4356371288264107,4.0,0.1333780288696289
FLOW-WHATSAPP-0164,WHATSAPP,PROFILE-03-TUNNEL-AES128GCM-NOPFS-IPV4,3703631,51.3,True,28.0,28,AES-GCM,TUNNEL,4,False,False,"{""media_transfers"": 0}",28.0,9148.0,86.01469898223877,3.1857295919347695,3.5940168723565304,0.6428571428571429,0.0,0.792319749216301,0.32552575700790093,106.35391518243848,16.464357614517212,0.0,0.11587232181897679,326.7142857142857,181.68435288057321,0.5560955269628388,0.5,0.14814814814814814,59.93960189819336,2.3353903769240176,5.0,0.14422011375427246
FLOW-WHATSAPP-0165,WHATSAPP,PROFILE-04-TRANSPORT-AES256CBC-PFS-IPV6,9850776,58.3,False,46.0,46,AES-CBC,TRANSPORT,6,False,False,"{""media_transfers"": 0}",46.0,15620.0,43.34665393829346,0.9632589764065213,2.2480994072186116,0.5869565217391305,0.0,1.1332969134116362,1.0612122464050797,360.35076714885537,4.799678295850754,0.0,0.062483994878361086,339.5652173913044,158.2853301689448,0.46614117719407555,0.5,0.17777777777777778,10.18834114074707,2.727327831789149,9.0,0.125014066696167
FLOW-WHATSAPP-0166,WHATSAPP,PROFILE-05-TUNNEL-3DESCBC-NOPFS-IPV4,1799286,38.8,False,20.0,20,3DES,TUNNEL,4,False,False,"{""media_transfers"": 0}",20.0,6256.0,26.67149806022644,1.4037630558013916,2.095839549049724,0.65,0.0,0.9332509270704573,0.749864141670571,234.5575035145546,6.234897494316101,0.0,0.03452685421994887,312.8,162.03258931461903,0.5180069990876567,0.5,0.15789473684210525,10.40460205078125,2.55887184844536,4.0,0.1341400146484375
FLOW-WHATSAPP-0167,WHATSAPP,PROFILE-06-TUNNEL-AES256GCM-PFS-IPV6,1168117,53.0,True,28.0,28,AES-GCM,TUNNEL,6,False,False,"{""media_transfers"": 0}",28.0,10744.0,40.74199891090393,1.5089629226260715,2.5965900699655418,0.5357142857142857,0.0,1.3356521739130436,0.6872515033253869,263.70821970456984,7.503469371795655,0.0,0.1437081161578556,383.7142857142857,183.71850694994873,0.47878985429994086,0.5,0.14814814814814814,17.41700792312622,2.4369842491174394,5.0,0.12823009490966797
FLOW-WHATSAPP-0168,WHATSAPP,PROFILE-09-TUNNEL-NATT-CHACHA-IPV4,2392671,58.6,True,40.0,40,CHACHA20,TUNNEL,4,False,True,"{""media_transfers"": 0}",40.0,14316.0,64.72525095939636,1.6596218194717016,3.173781717106513,0.55,0.0,0.9960959286112661,0.6179968313308344,221.18106593330563,7.59564533829689,0.0,0.0019558535903883654,357.9,192.4338587671099,0.5376749336884882,0.5,0.1794871794871795,31.279531955718994,2.6327373095049404,8.0,0.11918115615844727
FLOW-WHATSAPP-0169,WHATSAPP,PROFILE-01-TUNNEL-AES256GCM-PFS-IPV4,8778972,52.7,False,40.0,40,AES-GCM,TUNNEL,4,False,False,"{""media_transfers"": 0}",40.0,12116.0,44.97118902206421,1.1531074108221593,2.2421881644991566,0.675,0.0,1.0397306397306398,0.8894583592258325,269.41693700950464,5.854742050170898,0.0,0.019478375701551722,302.9,180.50703587395145,0.5959294680553037,0.5,0.1794871794871795,10.461745023727417,2.335402176080041,8.0,0.11476707458496094
FLOW-WHATSAPP-0170,WHATSAPP,PROFILE-02-TRANSPORT-AES128CBC-PFS-IPV4,9414939,31.2,False,20.0,20,AES-CBC,TRANSPORT,4,False,False,"{""media_transfers"": 0}",20.0,6600.0,36.22087812423706,1.9063620065387927,1.6885369697656127,0.55,0.0,0.6751269035532995,0.5521677285514809,182.2153504219887,6.951212072372437,0.0,0.19393939393939394,330.0,178.74227256024244,0.5416432501825529,0.5,0.2631578947368421,9.317257165908813,2.7659573209491746,6.0,0.1094970703125
FLOW-WHATSAPP-0171,WHATSAPP,PROFILE-03-TUNNEL-AES128GCM-NOPFS-IPV4,2971092,54.6,True,28.0,28,AES-GCM,TUNNEL,4,False,False,"{""media_transfers"": 0}",28.0,9124.0,81.60383701324463,3.0223643338238753,3.4446862540742096,0.6428571428571429,0.0,0.6188786373314408,0.3431211205847525,111.80846800768863,15.668541622161865,0.0,0.23542306006137656,325.85714285714283,187.13625942568356,0.5742892661024923,0.5,0.18518518518518517,54.79709506034851,2.4191133005120022,6.0,0.1306288242340088
FLOW-WHATSAPP-0172,WHATSAPP,PROFILE-04-TRANSPORT-AES256CBC-PFS-IPV6,7092163,23.0,True,4.0,4,AES-CBC,TRANSPORT,6,False,False,"{""media_transfers"": 0}",4.0,1416.0,0.37830519676208496,0.12610173225402832,0.1674692886308611,0.5,0.0,0.4811715481171548,10.57347357169822,3743.0096443811694,0.0,0.0,0.3502824858757062,354.0,144.60981986020175,0.4085023159892705,0.5,0.0,0.15568900108337402,1.5,1.0,0.11483097076416016
FLOW-WHATSAPP-0173,WHATSAPP,PROFILE-05-TUNNEL-3DESCBC-NOPFS-IPV4,9984559,21.9,True,290.0,290,3DES,TUNNEL,4,False,False,"{""media_transfers"": 1}",290.0,295580.0,27.700929880142212,0.09585096844339866,11.187524584243725,0.3413793103448276,0.6448275862068965,0.04077464788732394,10.468962639694288,10670.399920830476,9.066465059916178,0.0,0.9216455781852629,1019.2413793103449,662.7057627204728,0.6501951119457916,0.6620689655172414,0.010380622837370242,13.842214107513428,1.1655797673982122,4.0,0.0004820823669433594
FLOW-WHATSAPP-0174,WHATSAPP,PROFILE-06-TUNNEL-AES256GCM-PFS-IPV6,1666240,15.2,True,10.0,10,AES-GCM,TUNNEL,6,False,False,"{""media_transfers"": 0}",10.0,3396.0,18.267355918884277,2.029706213209364,2.347933876922929,0.6,0.0,1.0834355828220859,0.5474245996193835,185.90539403074263,8.625760436058044,0.0,0.04004711425206123,339.6,137.17375842339524,0.40392743940929104,0.5,0.2222222222222222,15.424399852752686,2.1709505944546685,3.0,0.13665199279785156
FLOW-WHATSAPP-0175,WHATSAPP,PROFILE-09-TUNNEL-NATT-CHACHA-IPV4,1482336,10.0,True,10.0,10,CHACHA20,TUNNEL,4,False,True,"{""media_transfers"": 0}",10.0,3456.0,5.018311977386475,0.5575902197096083,1.462115989667614,0.5,0.0,0.900990099009901,1.992701937436735,688.6777895781356,2.072379946708679,0.0,0.05208333333333332,345.6,165.15156675006145,0.47786911675365,0.5,0.2222222222222222,2.220324993133545,2.4464393446710155,3.0,0.14007997512817383
FLOW-WHATSAPP-0176,WHATSAPP,PROFILE-01-TUNNEL-AES256GCM-PFS-IPV4,260338,59.3,True,119.0,119,AES-GCM,TUNNEL,4,False,False,"{""media_transfers"": 1}",119.0,91154.0,79.7119209766388,0.6755247540393118,5.119684689016358,0.4369747899159664,0.40336134453781514,0.128199415812664,1.4928758276302911,1143.542883964803,8.247788588205973,0.0,0.7727362485464159,766.0,628.9365173506328,0.8210659495439071,0.6050420168067226,0.07627118644067797,32.17911911010742,2.579022989595398,10.0,0.0005280971527099609
FLOW-WHATSAPP-0177,WHATSAPP,PROFILE-02-TRANSPORT-AES128CBC-PFS-IPV4,5495640,11.6,True,10.0,10,AES-CBC,TRANSPORT,4,False,False,"{""media_transfers"": 0}",10.0,2964.0,30.10576581954956,3.3450850910610623,2.7182180444621062,0.6,0.0,1.2835130970724191,0.3321622861195038,98.45290160582094,0.0,0.0,0.1241565452091768,296.4,158.94854513332294,0.536263647548323,0.5,0.1111111111111111,29.0620059967041,1.9609640474436814,2.0,0.09874892234802246
FLOW-WHATSAPP-0178,WHATSAPP,PROFILE-03-TUNNEL-AES128GCM-NOPFS-IPV4,3738833,6.2,True,2.0,2,AES-GCM,TUNNEL,4,False,False,"{""media_transfers"": 0}",2.0,536.0,0.08574104309082031,0.08574104309082031,0.0,0.5,0.0,0.4031413612565445,23.32605165394968,6251.381843258515,0.0,0.0,0.42537313432835827,268.0,114.0,0.4253731343283582,0.5,0.0,0.08574104309082031,1.0,1.0,0.08574104309082031
FLOW-WHATSAPP-0179,WHATSAPP,PROFILE-04-TRANSPORT-AES256CBC-PFS-IPV6,9637860,41.8,True,18.0,18,AES-CBC,TRANSPORT,6,False,False,"{""media_transfers"": 0}",18.0,6796.0,42.67850184440613,2.5105001084944782,2.9748288352020804,0.6111111111111112,0.0,0.6964553170244633,0.4217580098200954,159.23707970763158,13.503974040349325,0.0,0.1789287816362566,377.55555555555554,187.69662940862318,0.49713645223002023,0.5,0.17647058823529413,31.901554107666016,2.2516291673878226,4.0,0.12341499328613281
FLOW-WHATSAPP-0180,WHATSAPP,PROFILE-05-TUNNEL-3DESCBC-NOPFS-IPV4,6032132,11.5,True,4.0,4,3DES,TUNNEL,4,False,False,"{""media_transfers"": 0}",4.0,1280.0,0.6049778461456299,0.2016592820485433,0.652021111900134,0.75,0.0,0.39737991266375544,6.611812358889456,2115.779954844626,0.0,0.0,0.4312500000000001,320.0,184.29324458590446,0.5759163893309515,0.5,0.0,0.3870699405670166,2.0,1.0,0.12120389938354492
FLOW-WHATSAPP-0181,WHATSAPP,PROFILE-06-TUNNEL-AES256GCM-PFS-IPV6,3730151,11.8,False,2.0,2,AES-GCM,TUNNEL,6,False,False,"{""media_transfers"": 0}",2.0,824.0,0.02578902244567871,0.02578902244567871,0.0,0.5,0.0,0.3779264214046823,77.55237734244271,31951.579465086394,0.0,0.0,0.45145631067961167,412.0,186.0,0.45145631067961167,0.5,0.0,0.02578902244567871,1.0,1.0,0.02578902244567871
FLOW-WHATSAPP-0182,WHATSAPP,PROFILE-09-TUNNEL-NATT-CHACHA-IPV4,5089270,19.6,True,6.0,6,CHACHA20,TUNNEL,4,False,True,"{""media_transfers"": 0}",6.0,1740.0,0.47689199447631836,0.09537839889526367,0.6583747876073371,0.8333333333333334,0.0,0.556350626118068,12.581465131509876,3648.624888137864,0.0,0.0,0.2850574712643678,290.0,142.884568795934,0.4927054096411517,0.5,0.0,0.19643211364746094,1.2516291673878228,1.0,0.08854484558105469
FLOW-WHATSAPP-0183,WHATSAPP,PROFILE-01-TUNNEL-AES256GCM-PFS-IPV4,9119361,48.7,True,32.0,32,AES-GCM,TUNNEL,4,False,False,"{""media_transfers"": 0}",32.0,9240.0,48.620075941085815,1.5683895464866393,2.9896486306230883,0.6875,0.0,0.623330990864371,0.6581643360404293,190.04495203167397,8.951933574676513,0.0,0.232034632034632,288.75,131.16949912231883,0.4542666636270782,0.5,0.16129032258064516,25.38713502883911,2.5070488277869583,6.0,0.13881993293762207
FLOW-WHATSAPP-0184,WHATSAPP,PROFILE-02-TRANSPORT-AES128CBC-PFS-IPV4,7983801,39.5,True,398.0,398,AES-CBC,TRANSPORT,4,False,False,"{""media_transfers"": 1}",398.0,395068.0,48.822824001312256,0.12297940554486714,9.750991215048687,0.3542713567839196,0.6306532663316583,0.04428044280442804,8.151925009280548,8091.871129563939,7.833568692207336,0.0,0.9151943462897526,992.6331658291457,660.9235970300049,0.6658286462531563,0.6582914572864321,0.015113350125944584,18.31410789489746,1.3308987869943785,7.0,0.00042891502380371094
FLOW-WHATSAPP-0185,WHATSAPP,PROFILE-03-TUNNEL-AES128GCM-NOPFS-IPV4,5611221,50.3,True,394.0,394,AES-GCM,TUNNEL,4,False,False,"{""media_transfers"": 1}",394.0,388604.0,34.98294806480408,0.08901513502494676,8.472159298507526,0.3604060913705584,0.616751269035533,0.04731463314719389,11.262629989620534,11108.383412402278,4.57236157144819,0.0,0.909645809101296,986.3045685279188,666.8204338458421,0.676079636172715,0.6548223350253807,0.015267175572519083,11.453929901123047,1.4119925884557645,7.0,0.0005030632019042969
FLOW-WHATSAPP-0186,WHATSAPP,PROFILE-04-TRANSPORT-AES256CBC-PFS-IPV6,2129872,51.6,True,409.0,409,AES-CBC,TRANSPORT,6,False,False,"{""media_transfers"": 1}",409.0,433046.0,41.81272101402283,0.10248215934809517,11.801422424590971,0.3422982885085575,0.6479217603911981,0.05285602446840065,9.781712122079611,10356.80026312491,13.51688559850057,0.0,0.8995949621980113,1058.7921760391198,658.5457478728981,0.6219782907128003,0.6625916870415648,0.007352941176470588,17.062633991241455,1.116848334652807,4.0,0.00045108795166015625
FLOW-WHATSAPP-0187,WHATSAPP,PROFILE-05-TUNNEL-3DESCBC-NOPFS-IPV4,6776508,51.1,True,20.0,20,3DES,TUNNEL,4,False,False,"{""media_transfers"": 0}",20.0,5896.0,51.6263108253479,2.717174253965679,2.012370730199685,0.65,0.0,1.6368515205724508,0.3873993643989033,114.20533262479671,10.005711030960082,0.0,0.2415196743554952,294.8,168.7772496517229,0.5725144153721944,0.5,0.2631578947368421,20.018717050552368,2.295461844238322,6.0,0.11277103424072266
FLOW-WHATSAPP-0188,WHATSAPP,PROFILE-06-TUNNEL-AES256GCM-PFS-IPV6,9808364,58.2,True,114.0,114,AES-GCM,TUNNEL,6,False,False,"{""media_transfers"": 1}",114.0,108824.0,51.004223108291626,0.45136480626806746,6.679835468662851,0.3684210526315789,0.543859649122807,11.268771138669672,2.2351090371077,2133.627244335161,12.186607003211975,0.0,0.8369844887157245,954.5964912280701,661.5696873465091,0.6930359512377972,0.35964912280701755,0.035398230088495575,30.406172037124634,1.7987739861192433,5.0,0.0009491443634033203
FLOW-WHATSAPP-0189,WHATSAPP,PROFILE-09-TUNNEL-NATT-CHACHA-IPV4,1445953,31.5,True,14.0,14,CHACHA20,TUNNEL,4,False,True,"{""media_transfers"": 0}",14.0,3796.0,38.39237308502197,2.9532594680786133,1.9256516479025916,0.7142857142857143,0.0,0.6781609195402298,0.3646557603771001,98.873804742248,9.361342787742615,0.0,0.19178082191780826,271.14285714285717,150.1194082545421,0.5536542980936747,0.5,0.3076923076923077,18.05753803253174,1.9852281360342516,5.0,0.09625005722045898
FLOW-WHATSAPP-0190,WHATSAPP,PROFILE-01-TUNNEL-AES256GCM-PFS-IPV4,3857279,38.0,True,44.0,44,AES-GCM,TUNNEL,4,False,False,"{""media_transfers"": 0}",44.0,14316.0,36.60442805290222,0.8512657686721447,2.2246788462292915,0.5454545454545454,0.0,0.7717821782178218,1.2020403634338828,391.10022370271514,4.458893741880145,0.0,0.12880692930986307,325.3636363636364,172.06540655294833,0.5288403107243452,0.5,0.16279069767441862,7.828096866607666,2.796272206148698,8.0,0.13142919540405273
FLOW-WHATSAPP-0191,WHATSAPP,PROFILE-02-TRANSPORT-AES128CBC-PFS-IPV4,9539104,20.1,True,6.0,6,AES-CBC,TRANSPORT,4,False,False,"{""media_transfers"": 0}",6.0,1884.0,7.965404033660889,1.5930808067321778,1.9115007894961527,0.5,0.0,0.3399715504978663,0.7532574587107803,236.52284203518502,0.0,0.0,0.49256900212314225,314.0,180.3108427133543,0.5742383525903003,0.5,0.2,7.683051109313965,1.7924812503605778,2.0,0.08994603157043457
FLOW-WHATSAPP-0192,WHATSAPP,PROFILE-03-TUNNEL-AES128GCM-NOPFS-IPV4,1604111,49.5,False,26.0,26,AES-GCM,TUNNEL,4,False,False,"{""media_transfers"": 0}",26.0,8748.0,45.875527143478394,1.8350210857391358,2.9792689138871746,0.5769230769230769,0.0,1.4367688022284122,0.566750980728428,190.68990690047264,13.927910645802816,0.0,0.17924096936442613,336.46153846153845,181.79981187458128,0.5403286589779508,0.5,0.12,22.875736951828003,2.2699224335291417,4.0,0.14758515357971191
FLOW-WHATSAPP-0193,WHATSAPP,PROFILE-04-TRANSPORT-AES256CBC-PFS-IPV6,568030,26.1,True,6.0,6,AES-CBC,TRANSPORT,6,False,False,"{""media_transfers"": 0}",6.0,2276.0,29.691642999649048,5.938328599929809,1.9705104392368553,0.5,0.0,0.49540078843626806,0.20207706256170868,76.65456573174149,0.0,0.0,0.33743409490333914,379.3333333333333,161.76800947309977,0.42645345203804863,0.5,0.2,29.341300010681152,2.251629167387823,2.0,0.08406996726989746
FLOW-WHATSAPP-0194,WHATSAPP,PROFILE-05-TUNNEL-3DESCBC-NOPFS-IPV4,9786545,14.0,True,14.0,14,3DES,TUNNEL,4,False,False,"{""media_transfers"": 0}",14.0,3988.0,9.068105936050415,0.6975466104654166,2.119691024762106,0.6428571428571429,0.0,0.5762845849802372,1.5438725681779646,439.78312870669447,3.7157260179519653,0.0,0.2688064192577733,284.85714285714283,118.76919823329445,0.41694302288518614,0.5,0.15384615384615385,5.555140018463135,2.35274578087187,3.0,0.1316518783569336
FLOW-WHATSAPP-0195,WHATSAPP,PROFILE-06-TUNNEL-AES256GCM-PFS-IPV6,5183829,38.4,True,26.0,26,AES-GCM,TUNNEL,6,False,False,"{""media_transfers"": 0}",26.0,9876.0,44.448065996170044,1.7779226398468018,2.4896897114351093,0.5769230769230769,0.0,0.7127991675338189,0.5849523352093732,222.1918947126065,10.375775456428528,0.0,0.16767922235722968,379.84615384615387,172.3010987749447,0.45360759094254377,0.5,0.16,17.470391988754272,2.3143204867061784,5.0,0.1125040054321289
FLOW-WHATSAPP-0196,WHATSAPP,PROFILE-09-TUNNEL-NATT-CHACHA-IPV4,5788629,55.8,True,32.0,32,CHACHA20,TUNNEL,4,False,True,"{""media_transfers"": 0}",32.0,9948.0,70.65709900856018,2.279261258340651,2.620144978904751,0.6875,0.0,0.5091019417475728,0.45289150628903074,140.79264701760243,9.558217355183192,0.0,0.3252915158825894,310.875,163.79784606337165,0.526892950746672,0.5,0.22580645161290322,25.085204124450684,2.685820381093429,8.0,0.14068913459777832
FLOW-WHATSAPP-0197,WHATSAPP,PROFILE-01-TUNNEL-AES256GCM-PFS-IPV4,2677414,28.0,True,438.0,438,AES-GCM,TUNNEL,4,False,False,"{""media_transfers"": 1}",438.0,447476.0,54.00664687156677,0.1235850042827615,13.64701579346197,0.3378995433789954,0.6438356164383562,0.04438220604023713,8.110112835584998,8285.572719671763,13.039938569068909,0.0,0.9150077322582665,1021.634703196347,660.3220563909838,0.64633871023083,0.6621004566210046,0.009153318077803204,33.080260038375854,1.1850727112651458,5.0,0.002112150192260742
FLOW-WHATSAPP-0198,WHATSAPP,PROFILE-02-TRANSPORT-AES128CBC-PFS-IPV4,8214604,50.6,True,26.0,26,AES-CBC,TRANSPORT,4,False,False,"{""media_transfers"": 0}",26.0,8804.0,50.33619785308838,2.0134479141235353,2.4666171038747247,0.6153846153846154,0.0,1.0146453089244851,0.5165268953345226,174.90395332788987,9.482542943954467,0.0,0.007269422989550204,338.61538461538464,197.42244376406433,0.5830285708616165,0.5,0.2,21.894125938415527,2.4046480076906698,6.0,0.12052321434020996
FLOW-WHATSAPP-0199,WHATSAPP,PROFILE-03-TUNNEL-AES128GCM-NOPFS-IPV4,9821059,40.3,False,20.0,20,AES-GCM,TUNNEL,4,False,False,"{""media_transfers"": 0}",20.0,6344.0,57.42535996437073,3.0223873665458276,2.4108786933806536,0.65,0.0,0.602020202020202,0.34827818253832277,110.47383950115598,13.747864007949829,0.0,0.2484237074401009,317.2,174.34035677375445,0.5496228145452536,0.5,0.21052631578947367,31.308462142944336,2.565957320949175,5.0,0.14484000205993652
FLOW-WHATSAPP-0200,WHATSAPP,PROFILE-04-TRANSPORT-AES256CBC-PFS-IPV6,6566496,42.9,True,14.0,14,AES-CBC,TRANSPORT,6,False,False,"{""media_transfers"": 0}",14.0,4692.0,36.521368980407715,2.809336075415978,2.1016400714506758,0.5714285714285714,0.0,0.5797979797979798,0.3833372184791444,128.4727306502961,11.534820636113485,0.0,0.2659846547314578,335.14285714285717,151.87535168347625,0.4531660109907646,0.5,0.23076923076923078,21.409429788589478,1.5216406363433184,4.0,0.14795613288879395
FLOW-EMAIL-0001,EMAIL,PROFILE-01-TUNNEL-AES256GCM-PFS-IPV4,9295957,13.4,True,57.0,57,AES-GCM,TUNNEL,4,False,False,"{""message_bytes"": 40381, ""operation"": ""IMAP_FETCH""}",57.0,48982.0,1.772003173828125,0.031642913818359375,1.9552055808900661,0.40350877192982454,0.5087719298245614,11.489036206017339,32.166985275122705,27642.162679755445,0.0,0.0,0.8398595402392716,859.3333333333334,658.8915022186176,0.766747287298624,0.40350877192982454,0.0,0.28583693504333496,2.143882387795976,1.0,0.0007638931274414062
FLOW-EMAIL-0002,EMAIL,PROFILE-02-TRANSPORT-AES128CBC-PFS-IPV4,1145822,25.8,False,1757.0,1757,AES-CBC,TRANSPORT,4,False,False,"{""message_bytes"": 1624668, ""operation"": ""IMAP_FETCH""}",1757.0,1803794.0,3.830357074737549,0.0021812967395999708,5.522379068535019,0.3369379624359704,0.6602162777461582,27.35351630041812,458.7039708616167,470920.58646349405,0.0,0.0,0.9294620117374822,1026.6328969834947,657.398622960114,0.6403443966112097,0.3352305065452476,0.0,0.26650404930114746,1.0089662776138477,1.0,0.0013279914855957031
FLOW-EMAIL-0003,EMAIL,PROFILE-03-TUNNEL-AES128GCM-NOPFS-IPV4,7579128,36.1,False,110.0,110,AES-GCM,TUNNEL,4,False,False,"{""message_bytes"": 86890, ""operation"": ""SMTP_SUBMIT""}",110.0,101596.0,1.7540738582611084,0.016092420717991822,2.5599211777338753,0.39090909090909093,0.5636363636363636,0.058357814030043545,62.71115636433229,57920.0240180973,0.0,0.0,0.8897200677192014,923.6,668.816311240851,0.7241406574716879,0.6454545454545455,0.0,0.1709120273590088,1.7017572653702695,1.0,0.0003859996795654297
FLOW-EMAIL-0004,EMAIL,PROFILE-04-TRANSPORT-AES256CBC-PFS-IPV6,6132032,40.9,True,216.0,216,AES-CBC,TRANSPORT,6,False,False,"{""message_bytes"": 182909, ""operation"": ""SMTP_SUBMIT""}",216.0,217888.0,2.512877941131592,0.011687804377356241,3.2070032643439967,0.33796296296296297,0.6018518518518519,0.06599868883257175,85.95721919654065,86708.54896433263,0.0,0.0,0.8761749155529447,1008.7407407407408,660.5171146235072,0.6547937323701972,0.6527777777777778,0.0,0.25144195556640625,1.5276153748775925,1.0,0.0008978843688964844
FLOW-EMAIL-0005,EMAIL,PROFILE-05-TUNNEL-3DESCBC-NOPFS-IPV4,1787148,42.0,True,36.0,36,3DES,TUNNEL,4,False,False,"{""message_bytes"": 15000, ""operation"": ""SMTP_SUBMIT""}",36.0,22000.0,2.244852066040039,0.06413863045828683,1.0843231175537973,0.5277777777777778,0.2777777777777778,0.18931776408260353,16.0366914794099,9800.200348528271,0.0,0.0,0.6816363636363636,611.1111111111111,580.0234563158142,0.9491292921531506,0.5277777777777778,0.0,0.24053406715393066,2.6266478520947842,1.0,0.04330015182495117
FLOW-EMAIL-0006,EMAIL,PROFILE-06-TUNNEL-AES256GCM-PFS-IPV6,9251409,10.6,True,274.0,274,AES-GCM,TUNNEL,6,False,False,"{""message_bytes"": 233197, ""operation"": ""IMAP_FETCH""}",274.0,278320.0,2.9487390518188477,0.010801241948054386,3.303984417015837,0.34306569343065696,0.6058394160583942,15.721941840903629,92.92107412183208,94386.10711528579,0.0,0.0,0.8803966657085369,1015.7664233576643,665.6965208341643,0.6553637780560542,0.35036496350364965,0.0,0.2543001174926758,1.4857497515262637,1.0,0.0009298324584960938
FLOW-EMAIL-0007,EMAIL,PROFILE-09-TUNNEL-NATT-CHACHA-IPV4,7454722,30.5,False,349.0,349,CHACHA20,TUNNEL,4,False,True,"{""message_bytes"": 306375, ""operation"": ""IMAP_FETCH""}",349.0,350614.0,2.242042064666748,0.006442649611111345,4.169394819382354,0.3553008595988539,0.6275071633237822,21.45510439349302,155.66166464939835,156381.5440956566,0.0,0.0,0.9109333911366916,1004.6246418338109,666.1046060584362,0.6630382914384315,0.34097421203438394,0.0,0.18947410583496094,1.3423244807120729,1.0,0.00033783912658691406
FLOW-EMAIL-0008,EMAIL,PROFILE-01-TUNNEL-AES256GCM-PFS-IPV4,432684,56.5,False,188.0,188,AES-GCM,TUNNEL,4,False,False,"{""message_bytes"": 156071, ""operation"": ""SMTP_SUBMIT""}",188.0,180072.0,1.9777519702911377,0.010576213744872394,3.2538682739044362,0.3617021276595745,0.5904255319148937,0.051220679751077074,95.05742015381495,91048.82852094555,0.0,0.0,0.9025500910746813,957.8297872340426,666.542278723177,0.6958880247898467,0.6542553191489362,0.0,0.1926891803741455,1.590406193267984,1.0,0.00036406517028808594
FLOW-EMAIL-0009,EMAIL,PROFILE-02-TRANSPORT-AES128CBC-PFS-IPV4,248380,25.0,True,127.0,127,AES-CBC,TRANSPORT,4,False,False,"{""message_bytes"": 103228, ""operation"": ""IMAP_FETCH""}",127.0,118998.0,1.8953919410705566,0.015042793183099656,2.9389995540782117,0.3464566929133858,0.5748031496062992,18.463199214916585,67.00461115618533,62782.79305798223,0.0,0.0,0.8972419704532849,936.992125984252,660.5023082098946,0.7049176720840402,0.3543307086614173,0.0,0.25162196159362793,1.6334347471592578,1.0,0.0002810955047607422
FLOW-EMAIL-0010,EMAIL,PROFILE-03-TUNNEL-AES128GCM-NOPFS-IPV4,5218747,5.6,True,100.0,100,AES-GCM,TUNNEL,4,False,False,"{""message_bytes"": 71582, ""operation"": ""SMTP_SUBMIT""}",100.0,86788.0,3.0122711658477783,0.030426981473209883,2.0425945048661096,0.37,0.51,0.07616000793591747,33.197542483482174,28811.48317056451,0.0,0.0,0.8584596948886942,867.88,659.3651382959221,0.7597422895975504,0.63,0.0,0.2817668914794922,1.9721299697985106,1.0,0.00041413307189941406
FLOW-EMAIL-0011,EMAIL,PROFILE-04-TRANSPORT-AES256CBC-PFS-IPV6,2025276,47.5,True,120.0,120,AES-CBC,TRANSPORT,6,False,False,"{""message_bytes"": 95820, ""operation"": ""SMTP_SUBMIT""}",120.0,116032.0,1.8820569515228271,0.015815604634645607,2.6511271073216465,0.35,0.5666666666666667,0.07280090238355,63.76002591361781,61651.69439007418,0.0,0.0,0.8642788196359624,966.9333333333333,661.9576488634975,0.6845949209150899,0.6416666666666667,0.0,0.19260501861572266,1.7191335099254232,1.0,0.0006780624389648438
FLOW-EMAIL-0012,EMAIL,PROFILE-05-TUNNEL-3DESCBC-NOPFS-IPV4,1490328,32.0,True,109.0,109,3DES,TUNNEL,4,False,False,"{""message_bytes"": 86316, ""operation"": ""IMAP_FETCH""}",109.0,100998.0,1.3246510028839111,0.012265287063739918,2.7125591944160155,0.3669724770642202,0.5596330275229358,17.37663755458515,82.2858245399694,76244.98813658558,0.0,0.0,0.8911661617061724,926.5871559633027,665.3755676860726,0.7180928026077934,0.3669724770642202,0.0,0.19710302352905273,1.751075717275494,1.0,0.0003139972686767578
FLOW-EMAIL-0013,EMAIL,PROFILE-06-TUNNEL-AES256GCM-PFS-IPV6,987430,12.1,True,478.0,478,AES-GCM,TUNNEL,6,False,False,"{""message_bytes"": 429238, ""operation"": ""SMTP_SUBMIT""}",478.0,503964.0,1.9390568733215332,0.004065108749101746,5.090176260351337,0.3410041841004184,0.6401673640167364,0.055205423808307404,246.51159363943955,259901.6083198881,0.0,0.0,0.8953655419831574,1054.3179916317993,663.0546019427619,0.6288943252467243,0.6589958158995816,0.0,0.18341612815856934,1.2151550709953556,1.0,0.00028204917907714844
FLOW-EMAIL-0014,EMAIL,PROFILE-09-TUNNEL-NATT-CHACHA-IPV4,5175825,38.0,True,164.0,164,CHACHA20,TUNNEL,4,False,True,"{""message_bytes"": 137511, ""operation"": ""SMTP_SUBMIT""}",164.0,159280.0,1.9090721607208252,0.011712099145526535,3.1952506850752727,0.3719512195121951,0.5975609756097561,0.05254810742228801,85.90560554718742,83433.20031436592,0.0,0.0,0.9001506780512306,971.219512195122,668.1992368351525,0.688000218740363,0.6585365853658537,0.0,0.1995069980621338,1.5174988397308744,1.0,0.0004968643188476562
FLOW-EMAIL-0015,EMAIL,PROFILE-01-TUNNEL-AES256GCM-PFS-IPV4,1163651,22.3,False,47.0,47,AES-GCM,TUNNEL,4,False,False,"{""message_bytes"": 28363, ""operation"": ""SMTP_SUBMIT""}",47.0,35830.0,1.683685064315796,0.03660184922425643,1.6735452254804335,0.48936170212765956,0.425531914893617,0.09585270369464155,27.914959273633237,21280.701931367636,0.0,0.0,0.825062796539213,762.3404255319149,647.6020999465167,0.8494920094190981,0.6382978723404256,0.0,0.22668099403381348,2.226658418724779,1.0,0.0004711151123046875
FLOW-EMAIL-0016,EMAIL,PROFILE-02-TRANSPORT-AES128CBC-PFS-IPV4,3101005,42.8,True,38.0,38,AES-CBC,TRANSPORT,4,False,False,"{""message_bytes"": 19190, ""operation"": ""IMAP_FETCH""}",38.0,25612.0,2.158212900161743,0.05833007838274982,1.337755118788938,0.5263157894736842,0.34210526315789475,8.95800933125972,17.60716007079383,11867.225887715043,0.0,0.0,0.7991566453225051,674.0,614.4998822320131,0.9117208935193072,0.3684210526315789,0.0,0.2943599224090576,2.518154638673203,1.0,0.00090789794921875
FLOW-EMAIL-0017,EMAIL,PROFILE-03-TUNNEL-AES128GCM-NOPFS-IPV4,5273180,43.4,True,71.0,71,AES-GCM,TUNNEL,4,False,False,"{""message_bytes"": 49444, ""operation"": ""IMAP_FETCH""}",71.0,60034.0,2.1238820552825928,0.030341172218322755,1.9997236420123705,0.4084507042253521,0.49295774647887325,12.725194330132602,33.42935160801719,28266.16471036203,0.0,0.0,0.8542825732085152,845.5492957746479,659.8050243103172,0.7803270934142739,0.38028169014084506,0.0,0.25694918632507324,2.0869603786601374,1.0,0.0003991127014160156
FLOW-EMAIL-0018,EMAIL,PROFILE-04-TRANSPORT-AES256CBC-PFS-IPV6,7164116,13.8,False,41.0,41,AES-CBC,TRANSPORT,6,False,False,"{""message_bytes"": 17956, ""operation"": ""SMTP_SUBMIT""}",41.0,27494.0,2.4959299564361572,0.06239824891090393,1.077518881605151,0.5121951219512195,0.3170731707317073,0.18559724018973695,16.42674302388771,11015.533480457772,0.0,0.0,0.6869135084018331,670.5853658536586,587.4535778487566,0.8760310137411442,0.6097560975609756,0.0,0.24202203750610352,2.5534572019173996,1.0,0.045918941497802734
FLOW-EMAIL-0019,EMAIL,PROFILE-05-TUNNEL-3DESCBC-NOPFS-IPV4,5230324,15.9,True,76.0,76,3DES,TUNNEL,4,False,False,"{""message_bytes"": 50504, ""operation"": ""IMAP_FETCH""}",76.0,61680.0,2.3710861206054688,0.03161448160807292,1.831247560706058,0.4605263157894737,0.47368421052631576,12.156996587030717,32.052821422021154,26013.395069871905,0.0,0.0,0.8479896238651102,811.578947368421,665.3771637823941,0.819855130471173,0.3684210526315789,0.0,0.1858229637145996,2.123708926807069,1.0,0.0005030632019042969
FLOW-EMAIL-0020,EMAIL,PROFILE-06-TUNNEL-AES256GCM-PFS-IPV6,1099128,21.2,True,65.0,65,AES-GCM,TUNNEL,6,False,False,"{""message_bytes"": 46249, ""operation"": ""IMAP_FETCH""}",65.0,58022.0,1.7205328941345215,0.026883326470851898,2.0959700587144723,0.38461538461538464,0.5076923076923077,11.690726159230096,37.778992904809826,33723.27271265962,0.0,0.0,0.8424046051497708,892.6461538461539,669.7865660220937,0.7503382646485142,0.36923076923076925,0.0,0.20062494277954102,1.8565094182069906,1.0,0.0006880760192871094
FLOW-EMAIL-0021,EMAIL,PROFILE-09-TUNNEL-NATT-CHACHA-IPV4,6277447,21.0,True,91.0,91,CHACHA20,TUNNEL,4,False,True,"{""message_bytes"": 68469, ""operation"": ""SMTP_SUBMIT""}",91.0,81598.0,2.00068998336792,0.022229888704088,2.24404022884524,0.4065934065934066,0.5384615384615384,0.06322153597581633,45.484308291888624,40784.92953847833,0.0,0.0,0.8810755165567783,896.6813186813187,670.5298033074564,0.74779053531923,0.6483516483516484,0.0,0.24731087684631348,1.9144803211563837,1.0,0.0012700557708740234
FLOW-EMAIL-0022,EMAIL,PROFILE-01-TUNNEL-AES256GCM-PFS-IPV4,3803659,8.2,True,462.0,462,AES-GCM,TUNNEL,4,False,False,"{""message_bytes"": 408766, ""operation"": ""IMAP_FETCH""}",462.0,464080.0,2.9173600673675537,0.006328329864137861,4.814252707944279,0.33766233766233766,0.6320346320346321,22.622111371271505,158.36235134899903,159075.32470572178,0.0,0.0,0.9153335631787622,1004.5021645021645,663.705150689362,0.6607304335857723,0.34415584415584416,0.0,0.2965848445892334,1.2741868308940694,1.0,0.00033593177795410156
FLOW-EMAIL-0023,EMAIL,PROFILE-02-TRANSPORT-AES128CBC-PFS-IPV4,1886311,27.4,False,37.0,37,AES-CBC,TRANSPORT,4,False,False,"{""message_bytes"": 15000, ""operation"": ""IMAP_FETCH""}",37.0,22130.0,1.9216468334197998,0.05337907870610555,0.9960732717143805,0.4864864864864865,0.2702702702702703,5.894080996884735,19.254318408837946,11516.163956421184,0.0,0.0,0.709896068685043,598.1081081081081,570.9254594117597,0.9545522818904251,0.4594594594594595,0.0,0.19815397262573242,2.5743194227541517,1.0,0.04496312141418457
FLOW-EMAIL-0024,EMAIL,PROFILE-03-TUNNEL-AES128GCM-NOPFS-IPV4,3926355,16.6,False,146.0,146,AES-GCM,TUNNEL,4,False,False,"{""message_bytes"": 115195, ""operation"": ""SMTP_SUBMIT""}",146.0,134448.0,2.15971302986145,0.014894572619734139,2.712191296315178,0.3972602739726027,0.5616438356164384,0.056981132075471695,67.60157390418031,62252.71512513174,0.0,0.0,0.8921813637986433,920.8767123287671,669.5512695890956,0.7270802493157797,0.6575342465753424,0.0,0.19684791564941406,1.7575104352126067,1.0,0.0004329681396484375
FLOW-EMAIL-0025,EMAIL,PROFILE-04-TRANSPORT-AES256CBC-PFS-IPV6,2942538,32.9,True,422.0,422,AES-CBC,TRANSPORT,6,False,False,"{""message_bytes"": 379793, ""operation"": ""IMAP_FETCH""}",422.0,443012.0,1.6918110847473145,0.004018553645480557,5.470759853199253,0.3412322274881517,0.6421800947867299,18.81092925498614,249.43683358300555,261856.65999828072,0.0,0.0,0.8990456240463013,1049.7914691943129,660.2641681030235,0.6289479267818386,0.33886255924170616,0.0,0.22724199295043945,1.1863430000311845,1.0,0.0003948211669921875
FLOW-EMAIL-0026,EMAIL,PROFILE-05-TUNNEL-3DESCBC-NOPFS-IPV4,8642206,31.8,False,148.0,148,3DES,TUNNEL,4,False,False,"{""message_bytes"": 118257, ""operation"": ""IMAP_FETCH""}",148.0,138064.0,1.9808809757232666,0.013475380787233105,2.921019381735975,0.3716216216216216,0.5675675675675675,18.429214748100197,74.71423160392648,69698.28156867909,0.0,0.0,0.897062232008344,932.8648648648649,665.4994532522435,0.7133932022926471,0.34459459459459457,0.0,0.2792239189147949,1.7402100703510626,1.0,0.00034689903259277344
FLOW-EMAIL-0027,EMAIL,PROFILE-06-TUNNEL-AES256GCM-PFS-IPV6,3486569,22.5,True,1981.0,1981,AES-GCM,TUNNEL,6,False,False,"{""message_bytes"": 1830076, ""operation"": ""IMAP_FETCH""}",1981.0,2130186.0,2.707860231399536,0.0013676061774745131,9.121021556622255,0.33568904593639576,0.6597677940434125,20.211076592185446,731.5739479567362,786667.6334690399,0.0,0.0,0.9057096422565917,1075.3084300858152,661.2691331874113,0.6149576388372949,0.3341746592629985,0.0,0.2723250389099121,1.0117053325555974,1.0,0.00036978721618652344
FLOW-EMAIL-0028,EMAIL,PROFILE-09-TUNNEL-NATT-CHACHA-IPV4,343478,6.8,False,165.0,165,CHACHA20,TUNNEL,4,False,True,"{""message_bytes"": 142012, ""operation"": ""SMTP_SUBMIT""}",165.0,163538.0,1.7617919445037842,0.010742633807949903,3.3913847391001153,0.3393939393939394,0.6121212121212121,0.0514073369250749,93.65464549588057,92824.80857639585,0.0,0.0,0.9022123298560578,991.1393939393939,665.0321012709429,0.6709773673990485,0.6484848484848484,0.0,0.27675509452819824,1.4433959887742733,1.0,0.002084016799926758
FLOW-EMAIL-0029,EMAIL,PROFILE-01-TUNNEL-AES256GCM-PFS-IPV4,8869406,23.1,True,307.0,307,AES-GCM,TUNNEL,4,False,False,"{""message_bytes"": 270165, ""operation"": ""IMAP_FETCH""}",307.0,306702.0,1.728158950805664,0.005647578270606746,4.216189068139258,0.3517915309446254,0.6286644951140065,22.74222015791918,177.64569622306863,177473.25838113224,0.0,0.0,0.9157618796095233,999.0293159609121,665.6995114400005,0.6663463231804166,0.34201954397394135,0.0,0.19406819343566895,1.3060146476731957,1.0,0.0006020069122314453
FLOW-EMAIL-0030,EMAIL,PROFILE-02-TRANSPORT-AES128CBC-PFS-IPV4,1731791,9.5,True,1088.0,1088,AES-CBC,TRANSPORT,4,False,False,"{""message_bytes"": 994367, ""operation"": ""IMAP_FETCH""}",1088.0,1107968.0,2.335155963897705,0.0021482575564836293,7.030469496714936,0.3400735294117647,0.6525735294117647,26.297920567655463,465.92177003200004,474472.8048702344,0.0,0.0,0.9267343461182994,1018.3529411764706,657.9714763329964,0.646113395197605,0.33639705882352944,0.0,0.22197604179382324,1.0926345293525128,1.0,0.0002918243408203125
FLOW-EMAIL-0031,EMAIL,PROFILE-03-TUNNEL-AES128GCM-NOPFS-IPV4,2384135,9.6,False,102.0,102,AES-GCM,TUNNEL,4,False,False,"{""message_bytes"": 75158, ""operation"": ""SMTP_SUBMIT""}",102.0,89596.0,2.3874919414520264,0.023638534073782438,2.218121061938554,0.4215686274509804,0.5196078431372549,0.06947097020626432,42.72265729113438,37527.24708486741,0.0,0.0,0.8700834858699048,878.3921568627451,664.9736565158455,0.7570350569737069,0.6274509803921569,0.0,0.2515099048614502,1.9006936345947636,1.0,0.0003819465637207031
FLOW-EMAIL-0032,EMAIL,PROFILE-04-TRANSPORT-AES256CBC-PFS-IPV6,1722008,28.2,True,127.0,127,AES-CBC,TRANSPORT,6,False,False,"{""message_bytes"": 99719, ""operation"": ""SMTP_SUBMIT""}",127.0,120458.0,2.3154239654541016,0.018376380678207155,2.442072821135673,0.4015748031496063,0.5590551181102362,0.07111861995376134,54.84956616793622,52024.16568076583,0.0,0.0,0.8672068272758969,948.488188976378,670.1810645708506,0.7065781865919908,0.6456692913385826,0.0,0.19683599472045898,1.6774737966337958,1.0,0.0018169879913330078
FLOW-EMAIL-0033,EMAIL,PROFILE-05-TUNNEL-3DESCBC-NOPFS-IPV4,2749459,8.5,True,79.0,79,3DES,TUNNEL,4,False,False,"{""message_bytes"": 59563, ""operation"": ""IMAP_FETCH""}",79.0,70426.0,1.7701539993286133,0.02269428204267453,2.2361374053442913,0.4050632911392405,0.5316455696202531,16.466765873015873,44.62888541333875,39785.239039491076,0.0,0.0,0.885496833555789,891.4683544303797,666.1268901708477,0.7472243819540648,0.35443037974683544,0.0,0.28481388092041016,1.9008008353438668,1.0,0.002115011215209961
FLOW-EMAIL-0034,EMAIL,PROFILE-06-TUNNEL-AES256GCM-PFS-IPV6,613012,9.9,True,152.0,152,AES-GCM,TUNNEL,6,False,False,"{""message_bytes"": 125130, ""operation"": ""IMAP_FETCH""}",152.0,150464.0,1.584784984588623,0.010495264798600152,3.0525832789331835,0.3618421052631579,0.5855263157894737,15.819137044489157,95.91206471422747,94942.84806027317,0.0,0.0,0.8810878349638451,989.8947368421053,668.6200946912459,0.6754456507408374,0.34868421052631576,0.0,0.16031217575073242,1.595788374330112,1.0,0.0003180503845214844
FLOW-EMAIL-0035,EMAIL,PROFILE-09-TUNNEL-NATT-CHACHA-IPV4,1684249,52.9,True,532.0,532,CHACHA20,TUNNEL,4,False,True,"{""message_bytes"": 481383, ""operation"": ""SMTP_SUBMIT""}",532.0,546656.0,1.6837899684906006,0.0031709792250293797,6.318839583619704,0.34398496240601506,0.6466165413533834,0.04348755616808622,315.9538956494085,324658.0691355696,0.0,0.0,0.9166495931627934,1027.548872180451,663.2859244219817,0.6455030435822423,0.6597744360902256,0.0,0.2729811668395996,1.1709773968120247,1.0,0.00029587745666503906
FLOW-EMAIL-0036,EMAIL,PROFILE-01-TUNNEL-AES256GCM-PFS-IPV4,5682846,27.0,True,260.0,260,AES-GCM,TUNNEL,4,False,False,"{""message_bytes"": 222021, ""operation"": ""IMAP_FETCH""}",260.0,254184.0,2.326127052307129,0.008981185530143355,3.5025217046046095,0.36153846153846153,0.6076923076923076,21.36354038360021,111.77377424080233,109273.48089086192,0.0,0.0,0.9105687218707708,977.6307692307693,665.9714840102332,0.6812096191839795,0.3423076923076923,0.0,0.20349597930908203,1.4723078617721959,1.0,0.0004038810729980469
FLOW-EMAIL-0037,EMAIL,PROFILE-02-TRANSPORT-AES128CBC-PFS-IPV4,9867849,18.7,True,845.0,845,AES-CBC,TRANSPORT,4,False,False,"{""message_bytes"": 775601, ""operation"": ""IMAP_FETCH""}",845.0,862850.0,1.7981760501861572,0.002130540343822461,8.003757711736736,0.33727810650887574,0.6556213017751479,26.929371398977146,469.92061756829696,479847.343040006,0.0,0.0,0.928390797937069,1021.1242603550296,658.3574971296532,0.6447378861616236,0.3349112426035503,0.0,0.2699000835418701,1.0534719652373428,1.0,0.0004210472106933594
FLOW-EMAIL-0038,EMAIL,PROFILE-03-TUNNEL-AES128GCM-NOPFS-IPV4,4286666,11.2,False,94.0,94,AES-GCM,TUNNEL,4,False,False,"{""message_bytes"": 73577, ""operation"": ""SMTP_SUBMIT""}",94.0,86348.0,1.607133150100708,0.01728100161398611,2.4663406939123593,0.3723404255319149,0.5531914893617021,0.06339901477832512,58.48924216024644,53727.968958010206,0.0,0.0,0.8807615694631027,918.5957446808511,664.6735772070466,0.7235757198483158,0.6382978723404256,0.0,0.19223999977111816,1.8205587879371539,1.0,0.0005550384521484375
FLOW-EMAIL-0039,EMAIL,PROFILE-04-TRANSPORT-AES256CBC-PFS-IPV6,6196204,36.4,True,1035.0,1035,AES-CBC,TRANSPORT,6,False,False,"{""message_bytes"": 949085, ""operation"": ""IMAP_FETCH""}",1035.0,1102098.0,2.2986080646514893,0.0022230252075933167,6.970889551410831,0.3333333333333333,0.6550724637681159,19.494997582474802,450.272500091017,479463.2094737291,0.0,0.0,0.9024152117143848,1064.8289855072464,657.8418622143041,0.6177910924362486,0.33719806763285026,0.0,0.25846385955810547,1.0711434954292856,1.0,0.0004940032958984375
FLOW-EMAIL-0040,EMAIL,PROFILE-05-TUNNEL-3DESCBC-NOPFS-IPV4,7480186,22.8,True,1207.0,1207,3DES,TUNNEL,4,False,False,"{""message_bytes"": 1110555, ""operation"": ""SMTP_SUBMIT""}",1207.0,1245514.0,2.4269678592681885,0.002012411160255546,7.439991771121111,0.3388566694283347,0.6570008285004143,0.03816538109535011,497.32838257031995,513197.5667677626,0.0,0.0,0.9264753346811035,1031.9088649544324,661.9768253459175,0.6415070631020787,0.6636288318144159,0.0,0.24929094314575195,1.0435920639696559,1.0,0.0006210803985595703
FLOW-EMAIL-0041,EMAIL,PROFILE-06-TUNNEL-AES256GCM-PFS-IPV6,7859053,19.3,False,91.0,91,AES-GCM,TUNNEL,6,False,False,"{""message_bytes"": 63652, ""operation"": ""IMAP_FETCH""}",91.0,80998.0,2.4965310096740723,0.027739233440823026,2.237371892633641,0.3626373626373626,0.4945054945054945,10.651035673187572,36.45057868192883,32444.21947339419,0.0,0.0,0.8283414405293957,890.0879120879121,659.0643992671389,0.7404486571681973,0.37362637362637363,0.0,0.29590606689453125,2.066123877992136,1.0,0.0003979206085205078
FLOW-EMAIL-0042,EMAIL,PROFILE-09-TUNNEL-NATT-CHACHA-IPV4,5250487,35.3,False,94.0,94,CHACHA20,TUNNEL,4,False,True,"{""message_bytes"": 74492, ""operation"": ""IMAP_FETCH""}",94.0,87396.0,1.5967209339141846,0.017169042300152523,2.708767240554997,0.39361702127659576,0.5638297872340425,16.347360063517268,58.8706504708806,54734.67413354341,0.0,0.0,0.8847086823195569,929.7446808510638,671.1506305254323,0.7218655232435197,0.3723404255319149,0.0,0.21525096893310547,1.686362988862037,1.0,0.0003399848937988281
FLOW-EMAIL-0043,EMAIL,PROFILE-01-TUNNEL-AES256GCM-PFS-IPV4,721204,42.8,True,254.0,254,AES-GCM,TUNNEL,4,False,False,"{""message_bytes"": 218228, ""operation"": ""IMAP_FETCH""}",254.0,249768.0,2.215773105621338,0.008757996464906473,3.3580672960428326,0.35039370078740156,0.6141732283464567,20.651178918169208,114.63267577154492,112722.73292168202,0.0,0.0,0.9076262771852279,983.3385826771654,665.036595055751,0.6763047914230836,0.3464566929133858,0.0,0.17720413208007812,1.4501425141660131,1.0,0.0009219646453857422
FLOW-EMAIL-0044,EMAIL,PROFILE-02-TRANSPORT-AES128CBC-PFS-IPV4,1072682,28.5,True,57.0,57,AES-CBC,TRANSPORT,4,False,False,"{""message_bytes"": 34655, ""operation"": ""IMAP_FETCH""}",57.0,43674.0,2.2862720489501953,0.04082628658839634,1.6021236616292343,0.43859649122807015,0.42105263157894735,11.124930594114382,24.93141620052308,19102.713528800792,0.0,0.0,0.8350506021889453,766.2105263157895,640.7891718000659,0.8363095386867188,0.3684210526315789,0.0,0.25220513343811035,2.3070163828164034,1.0,0.0013132095336914062
FLOW-EMAIL-0045,EMAIL,PROFILE-03-TUNNEL-AES128GCM-NOPFS-IPV4,107656,52.9,True,105.0,105,AES-GCM,TUNNEL,4,False,False,"{""message_bytes"": 76041, ""operation"": ""IMAP_FETCH""}",105.0,91778.0,2.361802101135254,0.02270963558783898,2.032634595868151,0.37142857142857144,0.5142857142857142,13.628307299968123,44.45757752079624,38859.3099971775,0.0,0.0,0.863278781407309,874.0761904761905,659.3274451357968,0.7543134709762542,0.37142857142857144,0.0,0.1919100284576416,2.033041440686649,1.0,0.0008330345153808594
FLOW-EMAIL-0046,EMAIL,PROFILE-04-TRANSPORT-AES256CBC-PFS-IPV6,1296107,13.0,False,44.0,44,AES-CBC,TRANSPORT,6,False,False,"{""message_bytes"": 19763, ""operation"": ""SMTP_SUBMIT""}",44.0,30056.0,2.492496967315674,0.0579650457515273,1.2993484151395844,0.4090909090909091,0.3181818181818182,0.18911220129767367,17.652980355433034,12058.59039915671,0.0,0.0,0.6819270694703221,683.0909090909091,591.9289660309304,0.8665449329704863,0.5909090909090909,0.0,0.2798309326171875,2.4624529198542757,1.0,0.021993160247802734
FLOW-EMAIL-0047,EMAIL,PROFILE-05-TUNNEL-3DESCBC-NOPFS-IPV4,4585418,38.9,False,108.0,108,3DES,TUNNEL,4,False,False,"{""message_bytes"": 80913, ""operation"": ""SMTP_SUBMIT""}",108.0,96368.0,2.5498690605163574,0.023830551967442593,2.3796061916344238,0.37962962962962965,0.5370370370370371,0.06849983368444396,42.35511606157911,37793.31319094681,0.0,0.0,0.8717831645359454,892.2962962962963,663.7027901779425,0.7438143506061948,0.6388888888888888,0.0,0.27103686332702637,1.9282918852469544,1.0,0.00033783912658691406
FLOW-EMAIL-0048,EMAIL,PROFILE-06-TUNNEL-AES256GCM-PFS-IPV6,9620667,52.8,False,95.0,95,AES-GCM,TUNNEL,6,False,False,"{""message_bytes"": 69986, ""operation"": ""IMAP_FETCH""}",95.0,87526.0,2.1189448833465576,0.022541966844112315,2.0911185484876453,0.35789473684210527,0.5263157894736842,11.744030285381479,44.8336342991431,41306.4071122821,0.0,0.0,0.843063775335329,921.3263157894737,665.7042561647783,0.7225499204311169,0.37894736842105264,0.0,0.22246193885803223,1.9978913705964523,1.0,0.0007979869842529297
FLOW-EMAIL-0049,EMAIL,PROFILE-09-TUNNEL-NATT-CHACHA-IPV4,6019241,20.0,True,36.0,36,CHACHA20,TUNNEL,4,False,True,"{""message_bytes"": 15000, ""operation"": ""IMAP_FETCH""}",36.0,22748.0,1.990159034729004,0.05686168670654297,1.1040703865530657,0.4166666666666667,0.2777777777777778,5.782349433512224,18.089006643080687,11430.242308799985,0.0,0.0,0.7051169333567786,631.8888888888889,572.6270736108264,0.9062148166867307,0.4166666666666667,0.0,0.1966550350189209,2.5692886419205996,1.0,0.031119108200073242
FLOW-EMAIL-0050,EMAIL,PROFILE-01-TUNNEL-AES256GCM-PFS-IPV4,1403286,52.6,True,64.0,64,AES-GCM,TUNNEL,4,False,False,"{""message_bytes"": 37464, ""operation"": ""IMAP_FETCH""}",64.0,48540.0,2.8079299926757812,0.04457031734406002,1.6491537496222701,0.421875,0.40625,9.952166064981949,22.79259104284577,17286.755769058338,0.0,0.0,0.8173877214668315,758.4375,637.727260350183,0.8408435241535169,0.375,0.0,0.29549503326416016,2.483653047489013,1.0,0.0013251304626464844
FLOW-EMAIL-0051,EMAIL,PROFILE-02-TRANSPORT-AES128CBC-PFS-IPV4,439550,21.5,False,94.0,94,AES-CBC,TRANSPORT,4,False,False,"{""message_bytes"": 70344, ""operation"": ""IMAP_FETCH""}",94.0,82476.0,1.924926996231079,0.020698139744420207,2.394815086433805,0.4148936170212766,0.5319148936170213,15.688789963577499,48.83302077639713,42846.300229299246,0.0,0.0,0.8801590765798535,877.4042553191489,664.3695350712799,0.7571988978211881,0.3723404255319149,0.0,0.2745180130004883,1.8702450830562318,1.0,0.00033020973205566406
FLOW-EMAIL-0052,EMAIL,PROFILE-03-TUNNEL-AES128GCM-NOPFS-IPV4,4630670,16.9,True,124.0,124,AES-GCM,TUNNEL,4,False,False,"{""message_bytes"": 93664, ""operation"": ""SMTP_SUBMIT""}",124.0,111796.0,2.909013032913208,0.02365051246270901,2.1717116513098955,0.3548387096774194,0.5403225806451613,0.07071984063134505,42.62614109907276,38430.90379283822,0.0,0.0,0.867902250527747,901.5806451612904,661.4000436119624,0.7336005349733741,0.6451612903225806,0.0,0.23251700401306152,1.9367292317606344,1.0,0.0024509429931640625
FLOW-EMAIL-0053,EMAIL,PROFILE-04-TRANSPORT-AES256CBC-PFS-IPV6,95362,14.2,True,36.0,36,AES-CBC,TRANSPORT,6,False,False,"{""message_bytes"": 15000, ""operation"": ""IMAP_FETCH""}",36.0,23976.0,2.2780771255493164,0.06508791787283762,1.0025451372869925,0.3055555555555556,0.2777777777777778,4.727663640707119,15.802801229268857,10524.665618693058,0.0,0.0,0.6508174841508175,666.0,565.1619236997482,0.8485914770266489,0.4166666666666667,0.0,0.20264315605163574,2.487215907409955,1.0,0.06784200668334961
FLOW-EMAIL-0054,EMAIL,PROFILE-05-TUNNEL-3DESCBC-NOPFS-IPV4,1925380,12.2,True,147.0,147,3DES,TUNNEL,4,False,False,"{""message_bytes"": 122106, ""operation"": ""SMTP_SUBMIT""}",147.0,140354.0,1.7166659832000732,0.011757986186301871,3.186185715207681,0.3673469387755102,0.5918367346938775,0.049626826605243875,85.63110205397919,81759.6442019333,0.0,0.0,0.9054391039799363,954.7891156462586,670.4593027292736,0.7022066880972628,0.6598639455782312,0.0,0.1981499195098877,1.5404047610430949,1.0,0.0004248619079589844
FLOW-EMAIL-0055,EMAIL,PROFILE-06-TUNNEL-AES256GCM-PFS-IPV6,7255807,50.7,True,32.0,32,AES-GCM,TUNNEL,6,False,False,"{""message_bytes"": 15000, ""operation"": ""SMTP_SUBMIT""}",32.0,22328.0,1.7083909511566162,0.05510938552118117,1.523244965794176,0.40625,0.3125,0.14749717339911605,18.731075564603838,13069.607975202327,0.0,0.0,0.742923683267646,697.75,598.5807694037622,0.8578728332551232,0.65625,0.0,0.29874491691589355,2.603024237367573,1.0,0.02124500274658203
FLOW-EMAIL-0056,EMAIL,PROFILE-09-TUNNEL-NATT-CHACHA-IPV4,118889,30.0,True,55.0,55,CHACHA20,TUNNEL,4,False,True,"{""message_bytes"": 36496, ""operation"": ""SMTP_SUBMIT""}",55.0,45610.0,1.9883129596710205,0.03682061036427816,1.7601576898587072,0.38181818181818183,0.4727272727272727,0.10366355321105357,27.66164135906458,22939.044770671553,0.0,0.0,0.8121464591098444,829.2727272727273,656.1525724609387,0.791238576745267,0.6,0.0,0.22502708435058594,2.1396993960966655,1.0,0.0018630027770996094
FLOW-EMAIL-0057,EMAIL,PROFILE-01-TUNNEL-AES256GCM-PFS-IPV4,7220614,27.7,True,650.0,650,AES-GCM,TUNNEL,4,False,False,"{""message_bytes"": 594088, ""operation"": ""IMAP_FETCH""}",650.0,667624.0,1.7266571521759033,0.002660488678237139,6.684335678488207,0.34,0.6523076923076923,25.49932523616734,376.44995080863697,386656.9568594853,0.0,0.0,0.9245263801181504,1027.1138461538462,662.1036609234839,0.6446253873441705,0.33692307692307694,0.0,0.229295015335083,1.0912694708288606,1.0,0.0003829002380371094
FLOW-EMAIL-0058,EMAIL,PROFILE-02-TRANSPORT-AES128CBC-PFS-IPV4,529228,52.8,False,98.0,98,AES-CBC,TRANSPORT,4,False,False,"{""message_bytes"": 78007, ""operation"": ""IMAP_FETCH""}",98.0,90020.0,1.6171231269836426,0.016671372443130335,2.601884063923703,0.3979591836734694,0.5612244897959183,17.699626090569172,60.60144608951059,55666.75690793616,0.0,0.0,0.8930459897800489,918.5714285714286,664.133746058022,0.7230071885546118,0.35714285714285715,0.0,0.1898350715637207,1.7158272209948393,1.0,0.00032806396484375
FLOW-EMAIL-0059,EMAIL,PROFILE-03-TUNNEL-AES128GCM-NOPFS-IPV4,2663291,17.9,True,102.0,102,AES-GCM,TUNNEL,4,False,False,"{""message_bytes"": 74961, ""operation"": ""SMTP_SUBMIT""}",102.0,89796.0,2.3441431522369385,0.02320933814095979,2.271670902561395,0.38235294117647056,0.5196078431372549,0.07239592041464638,43.5127009639598,38306.534272154255,0.0,0.0,0.8649828500155908,880.3529411764706,661.6292079147198,0.751549948854085,0.6372549019607843,0.0,0.2480771541595459,1.979125007143783,1.0,0.0003609657287597656
FLOW-EMAIL-0060,EMAIL,PROFILE-04-TRANSPORT-AES256CBC-PFS-IPV6,4815132,21.7,True,73.0,73,AES-CBC,TRANSPORT,6,False,False,"{""message_bytes"": 48144, ""operation"": ""SMTP_SUBMIT""}",73.0,62294.0,2.564302921295166,0.03561531835132175,1.7705681159976534,0.3835616438356164,0.4657534246575342,0.10768519506383584,28.46777554780053,24292.761780475157,0.0,0.0,0.8055671493241726,853.3424657534247,649.5692190894214,0.7612057821544251,0.6164383561643836,0.0,0.2274160385131836,2.2380900748420607,1.0,0.0003829002380371094
FLOW-EMAIL-0061,EMAIL,PROFILE-05-TUNNEL-3DESCBC-NOPFS-IPV4,5274057,8.8,True,31.0,31,3DES,TUNNEL,4,False,False,"{""message_bytes"": 15000, ""operation"": ""IMAP_FETCH""}",31.0,20794.0,1.7814371585845947,0.05938123861948649,1.174059140713147,0.4838709677419355,0.3225806451612903,8.451818181818181,17.40168035151486,11672.598104174192,0.0,0.0,0.7884005001442723,670.7741935483871,603.9161824815257,0.9003270970918196,0.3870967741935484,0.0,0.2509639263153076,2.620689974011476,1.0,0.0540471076965332
FLOW-EMAIL-0062,EMAIL,PROFILE-06-TUNNEL-AES256GCM-PFS-IPV6,2324220,57.8,False,102.0,102,AES-GCM,TUNNEL,6,False,False,"{""message_bytes"": 76022, ""operation"": ""SMTP_SUBMIT""}",102.0,93900.0,2.153719902038574,0.021323959426124497,2.2811702427238125,0.4117647058823529,0.5294117647058824,0.07698307106482544,47.35991894928087,43598.984209190916,0.0,0.0,0.8570394036208734,920.5882352941177,670.5008130149793,0.7283395412942266,0.6470588235294118,0.0,0.2576920986175537,1.8568862469465084,1.0,0.0004489421844482422
FLOW-EMAIL-0063,EMAIL,PROFILE-09-TUNNEL-NATT-CHACHA-IPV4,1762548,12.7,False,47.0,47,CHACHA20,TUNNEL,4,False,True,"{""message_bytes"": 27259, ""operation"": ""SMTP_SUBMIT""}",47.0,35042.0,2.0282390117645264,0.04409215242966362,1.5964324590614558,0.48936170212765956,0.40425531914893614,0.10312913177611283,23.172811353781704,17277.056499132308,0.0,0.0,0.8130243707550939,745.5744680851063,644.5657533657456,0.8645222991892599,0.6170212765957447,0.0,0.2427051067352295,2.35895978336291,1.0,0.0011749267578125
FLOW-EMAIL-0064,EMAIL,PROFILE-01-TUNNEL-AES256GCM-PFS-IPV4,2609810,6.6,True,47.0,47,AES-GCM,TUNNEL,4,False,False,"{""message_bytes"": 25776, ""operation"": ""IMAP_FETCH""}",47.0,33990.0,1.5377709865570068,0.033429804055587105,1.412486175005293,0.425531914893617,0.3829787234042553,9.852490421455938,30.56371879224401,22103.42131379519,0.0,0.0,0.8157105030891438,723.1914893617021,628.6113922613562,0.8692184594375917,0.3829787234042553,0.0,0.15910887718200684,2.5530586709477125,1.0,0.0005679130554199219
FLOW-EMAIL-0065,EMAIL,PROFILE-02-TRANSPORT-AES128CBC-PFS-IPV4,2264117,10.2,True,105.0,105,AES-CBC,TRANSPORT,4,False,False,"{""message_bytes"": 81817, ""operation"": ""SMTP_SUBMIT""}",105.0,95242.0,1.6463408470153809,0.01583020045207097,2.624985609134618,0.38095238095238093,0.5523809523809524,0.06280268708014372,63.777801656535736,57850.71795592168,0.0,0.0,0.8818168455093341,907.0666666666667,661.226166432185,0.7289719606410976,0.638095238095238,0.0,0.23166990280151367,1.7675861454921966,1.0,0.00038909912109375
FLOW-EMAIL-0066,EMAIL,PROFILE-03-TUNNEL-AES128GCM-NOPFS-IPV4,1534941,28.4,True,65.0,65,AES-GCM,TUNNEL,4,False,False,"{""message_bytes"": 45508, ""operation"": ""IMAP_FETCH""}",65.0,55098.0,1.5593819618225098,0.024365343153476715,1.9074808659963274,0.4307692307692308,0.49230769230769234,13.28149300155521,41.683180639098836,35333.22902850874,0.0,0.0,0.8599586191876293,847.6615384615385,659.7151431179757,0.7782766035549098,0.38461538461538464,0.0,0.18253397941589355,2.089268052191482,1.0,0.00031304359436035156
FLOW-EMAIL-0067,EMAIL,PROFILE-04-TRANSPORT-AES256CBC-PFS-IPV6,8830012,53.9,True,28.0,28,AES-CBC,TRANSPORT,6,False,False,"{""message_bytes"": 15000, ""operation"": ""SMTP_SUBMIT""}",28.0,20616.0,1.2915501594543457,0.047835191090901695,1.3607175240447251,0.4642857142857143,0.35714285714285715,0.13386866131338687,21.679374815631974,15962.213971395313,0.0,0.0,0.763872720217307,736.2857142857143,625.5835479855621,0.8496478144933904,0.6071428571428571,0.0,0.26572299003601074,2.3666871924991266,1.0,0.0013048648834228516
FLOW-EMAIL-0068,EMAIL,PROFILE-05-TUNNEL-3DESCBC-NOPFS-IPV4,994420,51.5,False,36.0,36,3DES,TUNNEL,4,False,False,"{""message_bytes"": 15000, ""operation"": ""SMTP_SUBMIT""}",36.0,22112.0,2.1110010147094727,0.06031431470598493,1.0943510912856313,0.5,0.2777777777777778,0.1747954521304856,17.053520935874356,10474.651525945937,0.0,0.0,0.7024240231548481,614.2222222222222,578.4377000503221,0.9417401050023334,0.5833333333333334,0.0,0.2463390827178955,2.7365966304290508,1.0,0.0432889461517334
FLOW-EMAIL-0069,EMAIL,PROFILE-06-TUNNEL-AES256GCM-PFS-IPV6,4404482,47.7,False,72.0,72,AES-GCM,TUNNEL,6,False,False,"{""message_bytes"": 44302, ""operation"": ""SMTP_SUBMIT""}",72.0,58528.0,2.951814889907837,0.041574857604335734,1.714460381047547,0.4166666666666667,0.4305555555555556,0.11358879713839948,24.391773429345367,19827.80160101008,0.0,0.0,0.795995079278294,812.8888888888889,651.2835949013719,0.8011963305238309,0.625,0.0,0.297900915145874,2.292289916769674,1.0,0.0009429454803466797
FLOW-EMAIL-0070,EMAIL,PROFILE-09-TUNNEL-NATT-CHACHA-IPV4,8482658,35.1,True,137.0,137,CHACHA20,TUNNEL,4,False,True,"{""message_bytes"": 109844, ""operation"": ""SMTP_SUBMIT""}",137.0,128702.0,2.4869329929351807,0.01828627200687633,2.5272985623213273,0.3722627737226277,0.5693430656934306,0.05704852327606032,55.087933767892544,51751.29380872486,0.0,0.0,0.892060729436994,939.4306569343066,669.1051197307733,0.7122453528547803,0.656934306569343,0.0,0.2303619384765625,1.6730614185065595,1.0,0.0018000602722167969
FLOW-EMAIL-0071,EMAIL,PROFILE-01-TUNNEL-AES256GCM-PFS-IPV4,7143108,25.0,True,51.0,51,AES-GCM,TUNNEL,4,False,False,"{""message_bytes"": 33031, ""operation"": ""IMAP_FETCH""}",51.0,40850.0,1.5010719299316406,0.03002143859863281,1.8752200462002997,0.45098039215686275,0.45098039215686275,11.829773869346734,33.975720272327365,27213.88574754064,0.0,0.0,0.8441126070991433,800.9803921568628,654.4792718357024,0.8170977445194816,0.39215686274509803,0.0,0.24804902076721191,2.2318793232551846,1.0,0.0006268024444580078
FLOW-EMAIL-0072,EMAIL,PROFILE-02-TRANSPORT-AES128CBC-PFS-IPV4,1847635,15.9,True,313.0,313,AES-CBC,TRANSPORT,4,False,False,"{""message_bytes"": 280632, ""operation"": ""IMAP_FETCH""}",313.0,313770.0,1.266002893447876,0.004057701581563705,5.269019544957126,0.3514376996805112,0.6389776357827476,25.292106586224232,247.2348219896757,247843.03544952252,0.0,0.0,0.9239315422124486,1002.4600638977636,660.8010961406609,0.6591794725181721,0.34185303514376997,0.0,0.25412487983703613,1.2140875453132758,1.0,0.0004830360412597656
FLOW-EMAIL-0073,EMAIL,PROFILE-03-TUNNEL-AES128GCM-NOPFS-IPV4,8494660,33.5,True,57.0,57,AES-GCM,TUNNEL,4,False,False,"{""message_bytes"": 32293, ""operation"": ""IMAP_FETCH""}",57.0,41630.0,1.984943151473999,0.035445413419178555,1.514632832847845,0.5263157894736842,0.40350877192982454,8.54816513761468,28.716187643798445,20972.89283528648,0.0,0.0,0.7905356713908239,730.3508771929825,644.6673150242954,0.8826816468024222,0.42105263157894735,0.0,0.1999509334564209,2.3359402333848194,1.0,0.0009918212890625
FLOW-EMAIL-0074,EMAIL,PROFILE-04-TRANSPORT-AES256CBC-PFS-IPV6,4008282,9.8,True,169.0,169,AES-CBC,TRANSPORT,6,False,False,"{""message_bytes"": 143101, ""operation"": ""SMTP_SUBMIT""}",169.0,169670.0,1.6957080364227295,0.010093500216801962,3.229517030193461,0.3668639053254438,0.6035502958579881,0.06296203483272773,99.66338330065527,100058.49848888864,0.0,0.0,0.8815347439146578,1003.9644970414201,665.5122322571672,0.662884229689758,0.650887573964497,0.0,0.2018730640411377,1.465126760243848,1.0,0.0013380050659179688
FLOW-EMAIL-0075,EMAIL,PROFILE-05-TUNNEL-3DESCBC-NOPFS-IPV4,9289516,36.0,True,92.0,92,3DES,TUNNEL,4,False,False,"{""message_bytes"": 71068, ""operation"": ""SMTP_SUBMIT""}",92.0,83608.0,1.6328420639038086,0.017943319383558337,2.545074289498768,0.3804347826086957,0.5434782608695652,0.06217445435373631,56.34347744572788,51203.972416113225,0.0,0.0,0.8829298631709883,908.7826086956521,666.7162199604958,0.7336366404694002,0.6413043478260869,0.0,0.24519801139831543,1.8653676436701134,1.0,0.0003559589385986328
FLOW-EMAIL-0076,EMAIL,PROFILE-06-TUNNEL-AES256GCM-PFS-IPV6,9562366,28.8,False,142.0,142,AES-GCM,TUNNEL,6,False,False,"{""message_bytes"": 118985, ""operation"": ""SMTP_SUBMIT""}",142.0,143388.0,1.7557029724121094,0.012451794130582335,3.0244712275019157,0.33098591549295775,0.5985915492957746,0.06873574527078395,80.87928438425455,81669.85091048937,0.0,0.0,0.8713699891204285,1009.7746478873239,662.7659965009015,0.6563504024264792,0.6549295774647887,0.0,0.18656206130981445,1.5623797693556618,1.0,0.0005679130554199219
FLOW-EMAIL-0077,EMAIL,PROFILE-09-TUNNEL-NATT-CHACHA-IPV4,9421596,22.2,True,34.0,34,CHACHA20,TUNNEL,4,False,True,"{""message_bytes"": 15000, ""operation"": ""SMTP_SUBMIT""}",34.0,21604.0,2.0385940074920654,0.06177557598460804,1.1681430305790752,0.4411764705882353,0.29411764705882354,0.15110826939471442,16.6781614559084,10597.500002748382,0.0,0.0,0.7374560266617293,635.4117647058823,592.8744593651121,0.9330555276066382,0.5882352941176471,0.0,0.27954602241516113,2.5698210366480625,1.0,0.03720903396606445
FLOW-EMAIL-0078,EMAIL,PROFILE-01-TUNNEL-AES256GCM-PFS-IPV4,2015046,56.5,True,244.0,244,AES-GCM,TUNNEL,4,False,False,"{""message_bytes"": 207103, ""operation"": ""IMAP_FETCH""}",244.0,237912.0,2.705132007598877,0.011132230483945996,3.079837859340083,0.3442622950819672,0.6065573770491803,20.553904692879144,90.19892534434159,87948.38822345491,0.0,0.0,0.9072093883452705,975.0491803278688,665.6268443669857,0.682659765062479,0.3483606557377049,0.0,0.229417085647583,1.5091351500377155,1.0,0.002273082733154297
FLOW-EMAIL-0079,EMAIL,PROFILE-02-TRANSPORT-AES128CBC-PFS-IPV4,94760,18.5,False,161.0,161,AES-CBC,TRANSPORT,4,False,False,"{""message_bytes"": 128210, ""operation"": ""SMTP_SUBMIT""}",161.0,148218.0,2.7236521244049072,0.01702282577753067,2.8308781841522626,0.391304347826087,0.5652173913043478,0.05344781020341441,59.11180747254094,54418.84397493834,0.0,0.0,0.8985278441214968,920.6086956521739,663.2482852406756,0.7204453839867545,0.6521739130434783,0.0,0.2938661575317383,1.7090405820896832,1.0,0.0002830028533935547
FLOW-EMAIL-0080,EMAIL,PROFILE-03-TUNNEL-AES128GCM-NOPFS-IPV4,4828366,35.4,False,530.0,530,AES-GCM,TUNNEL,4,False,False,"{""message_bytes"": 481174, ""operation"": ""SMTP_SUBMIT""}",530.0,541668.0,1.6941640377044678,0.0032025785211804683,5.780569308310653,0.34150943396226413,0.6471698113207547,0.03994532140950962,312.8386556464339,319725.82816357084,0.0,0.0,0.9231780352540672,1022.0150943396227,662.7357364560412,0.6484598320774013,0.6622641509433962,0.0,0.1805579662322998,1.1402527898165322,1.0,0.0005300045013427734
FLOW-EMAIL-0081,EMAIL,PROFILE-04-TRANSPORT-AES256CBC-PFS-IPV6,9932609,54.4,False,49.0,49,AES-CBC,TRANSPORT,6,False,False,"{""message_bytes"": 30191, ""operation"": ""IMAP_FETCH""}",49.0,39734.0,1.676151990890503,0.03491983314355215,1.809061769074787,0.3469387755102041,0.42857142857142855,9.358185610010427,29.233625748919923,23705.487459338456,0.0,0.0,0.8069159913424271,810.8979591836735,643.6646434760427,0.7937677437541171,0.3673469387755102,0.0,0.2608458995819092,2.238958228561576,1.0,0.0004410743713378906
FLOW-EMAIL-0082,EMAIL,PROFILE-05-TUNNEL-3DESCBC-NOPFS-IPV4,9257468,28.4,True,592.0,592,3DES,TUNNEL,4,False,False,"{""message_bytes"": 536711, ""operation"": ""SMTP_SUBMIT""}",592.0,604024.0,2.048443078994751,0.003466062739415822,5.242331937554714,0.34459459459459457,0.6469594594594594,0.039714124402704526,288.9999756744605,294869.7995047134,0.0,0.0,0.923605684542336,1020.3108108108108,663.6450212330757,0.6504341757446406,0.6621621621621622,0.0,0.1904621124267578,1.1416629873103783,1.0,0.0008718967437744141
FLOW-EMAIL-0083,EMAIL,PROFILE-06-TUNNEL-AES256GCM-PFS-IPV6,4823202,25.5,True,101.0,101,AES-GCM,TUNNEL,6,False,False,"{""message_bytes"": 79217, ""operation"": ""IMAP_FETCH""}",101.0,96982.0,1.3386178016662598,0.013386178016662597,2.489840957351541,0.33663366336633666,0.5544554455445545,14.74383116883117,75.45096133809001,72449.35774743212,0.0,0.0,0.8729661174238519,960.2178217821782,664.6413400996909,0.6921776757549728,0.33663366336633666,0.0,0.15101289749145508,1.7116461411849397,1.0,0.0004439353942871094
FLOW-EMAIL-0084,EMAIL,PROFILE-09-TUNNEL-NATT-CHACHA-IPV4,7069344,41.0,False,50.0,50,CHACHA20,TUNNEL,4,False,True,"{""message_bytes"": 32100, ""operation"": ""SMTP_SUBMIT""}",50.0,40400.0,2.074477195739746,0.04233626930081114,1.7331880481134077,0.46,0.46,0.10201854882705946,24.1024582495689,19474.78626565167,0.0,0.0,0.8148514851485148,808.0,655.271913025425,0.8109800903780012,0.6,0.0,0.2724170684814453,2.3606313214741084,1.0,0.00040411949157714844
FLOW-EMAIL-0085,EMAIL,PROFILE-01-TUNNEL-AES256GCM-PFS-IPV4,5489710,16.0,False,325.0,325,AES-GCM,TUNNEL,4,False,False,"{""message_bytes"": 286439, ""operation"": ""IMAP_FETCH""}",325.0,325166.0,2.0220470428466797,0.006240885934711974,4.120842516103363,0.3446153846153846,0.6276923076923077,23.280615292712067,160.72820914317515,160810.30416692214,0.0,0.0,0.9176297644895223,1000.5107692307693,664.3503042876565,0.66401114782446,0.3384615384615385,0.0,0.18639206886291504,1.323876038302879,1.0,0.0006549358367919922
FLOW-EMAIL-0086,EMAIL,PROFILE-02-TRANSPORT-AES128CBC-PFS-IPV4,6967328,59.8,False,56.0,56,AES-CBC,TRANSPORT,4,False,False,"{""message_bytes"": 33386, ""operation"": ""IMAP_FETCH""}",56.0,42336.0,1.9399588108062744,0.0352719783782959,1.671656354693279,0.42857142857142855,0.42857142857142855,9.712550607287449,28.866592263742756,21823.143751389525,0.0,0.0,0.8133030990173847,756.0,640.9747042033496,0.8478501378351185,0.42857142857142855,0.0,0.2532958984375,2.2958319948533354,1.0,0.0006990432739257812
FLOW-EMAIL-0087,EMAIL,PROFILE-03-TUNNEL-AES128GCM-NOPFS-IPV4,1766855,41.6,True,256.0,256,AES-GCM,TUNNEL,4,False,False,"{""message_bytes"": 218869, ""operation"": ""IMAP_FETCH""}",256.0,250412.0,2.2951061725616455,0.009000416362986844,3.593463464399317,0.359375,0.609375,21.965150403521644,111.54168075556599,109106.9350053234,0.0,0.0,0.9129115218120537,978.171875,666.4561373106143,0.681328255640773,0.34375,0.0,0.18828082084655762,1.4691268176073051,1.0,0.00030803680419921875
FLOW-EMAIL-0088,EMAIL,PROFILE-04-TRANSPORT-AES256CBC-PFS-IPV6,4560376,34.7,True,280.0,280,AES-CBC,TRANSPORT,6,False,False,"{""message_bytes"": 246182, ""operation"": ""SMTP_SUBMIT""}",280.0,289632.0,2.197782039642334,0.007877354980796896,4.187256021259356,0.3357142857142857,0.6285714285714286,0.05684281200055463,127.40116851877043,131783.76871581614,0.0,0.0,0.8924290133686885,1034.4,660.3824519603347,0.6384207772238347,0.6607142857142857,0.0,0.2585468292236328,1.3394729651131696,1.0,0.00038886070251464844
FLOW-EMAIL-0089,EMAIL,PROFILE-05-TUNNEL-3DESCBC-NOPFS-IPV4,2129803,11.9,False,33.0,33,3DES,TUNNEL,4,False,False,"{""message_bytes"": 15000, ""operation"": ""IMAP_FETCH""}",33.0,21374.0,1.7986700534820557,0.05620843917131424,1.0946415054156702,0.45454545454545453,0.30303030303030304,6.705118961788032,18.34688910070811,11883.224473895005,0.0,0.0,0.7404323009263591,647.6969696969697,592.673679178363,0.9150477876338532,0.3939393939393939,0.0,0.15988421440124512,2.6433246229985405,1.0,0.04488706588745117
FLOW-EMAIL-0090,EMAIL,PROFILE-06-TUNNEL-AES256GCM-PFS-IPV6,7021724,29.7,False,36.0,36,AES-GCM,TUNNEL,6,False,False,"{""message_bytes"": 18340, ""operation"": ""IMAP_FETCH""}",36.0,26092.0,1.7280669212341309,0.04937334060668945,1.4743403738077991,0.4166666666666667,0.3611111111111111,6.9210686095932,20.832526540285798,15098.952291364918,0.0,0.0,0.7475088149624406,724.7777777777778,624.4605276695108,0.8615889543194232,0.4166666666666667,0.0,0.2547800540924072,2.370570812584221,1.0,0.0008380413055419922
FLOW-EMAIL-0091,EMAIL,PROFILE-09-TUNNEL-NATT-CHACHA-IPV4,2536966,10.6,True,333.0,333,CHACHA20,TUNNEL,4,False,True,"{""message_bytes"": 290363, ""operation"": ""SMTP_SUBMIT""}",333.0,332974.0,2.202704906463623,0.006634653332721756,4.181126771624919,0.35135135135135137,0.6216216216216216,0.04662727101276168,151.1777628600381,151165.95919086583,0.0,0.0,0.9108999501462576,999.9219219219219,665.9181067028782,0.6659701043686848,0.6606606606606606,0.0,0.2500131130218506,1.352940220387777,1.0,0.0005168914794921875
FLOW-EMAIL-0092,EMAIL,PROFILE-01-TUNNEL-AES256GCM-PFS-IPV4,3004615,53.0,False,813.0,813,AES-GCM,TUNNEL,4,False,False,"{""message_bytes"": 744334, ""operation"": ""IMAP_FETCH""}",813.0,835958.0,1.8618888854980469,0.002292966607756215,6.965289543773435,0.34071340713407133,0.6531365313653137,25.656823979591838,436.653339698371,448983.8284717968,0.0,0.0,0.9249723072211762,1028.2386223862238,662.2182463432918,0.6440316789564742,0.3370233702337023,0.0,0.20711898803710938,1.08257476065466,1.0,0.0003859996795654297
FLOW-EMAIL-0093,EMAIL,PROFILE-02-TRANSPORT-AES128CBC-PFS-IPV4,2105175,13.9,False,199.0,199,AES-CBC,TRANSPORT,4,False,False,"{""message_bytes"": 171463, ""operation"": ""IMAP_FETCH""}",199.0,194102.0,1.6648669242858887,0.00840841880952469,3.870879158158161,0.36180904522613067,0.6130653266331658,22.62487828627069,119.52907292296474,116587.09604267991,0.0,0.0,0.9153434792016568,975.3869346733668,660.8955140052875,0.6775726540017734,0.3417085427135678,0.0,0.1947038173675537,1.4269195716462877,1.0,0.0004839897155761719
FLOW-EMAIL-0094,EMAIL,PROFILE-03-TUNNEL-AES128GCM-NOPFS-IPV4,5035766,44.7,False,164.0,164,AES-GCM,TUNNEL,4,False,False,"{""message_bytes"": 136781, ""operation"": ""IMAP_FETCH""}",164.0,157432.0,1.8302979469299316,0.011228821760306328,3.4328213926359163,0.36585365853658536,0.5914634146341463,20.78688070855245,89.60289786429965,86014.41107666111,0.0,0.0,0.9082016362620052,959.9512195121952,667.754517155398,0.6956129682242828,0.3475609756097561,0.0,0.2904329299926758,1.5720513762148913,1.0,0.0005199909210205078
FLOW-EMAIL-0095,EMAIL,PROFILE-04-TRANSPORT-AES256CBC-PFS-IPV6,7426140,55.3,False,240.0,240,AES-CBC,TRANSPORT,6,False,False,"{""message_bytes"": 211742, ""operation"": ""SMTP_SUBMIT""}",240.0,248560.0,1.2122209072113037,0.005072054005068216,4.524532267386607,0.3416666666666667,0.6291666666666667,0.05890071314764798,197.98371614635525,205045.13535557524,0.0,0.0,0.8887512069520437,1035.6666666666667,661.0850844550124,0.6383183950321973,0.6541666666666667,0.0,0.16807007789611816,1.2893650346235197,1.0,0.0004229545593261719
FLOW-EMAIL-0096,EMAIL,PROFILE-05-TUNNEL-3DESCBC-NOPFS-IPV4,3964464,43.9,True,89.0,89,3DES,TUNNEL,4,False,False,"{""message_bytes"": 68347, ""operation"": ""SMTP_SUBMIT""}",89.0,80494.0,1.700350046157837,0.019322159615429966,2.537069792590902,0.4044943820224719,0.550561797752809,0.05865796880343004,52.342163427529016,47339.6640779272,0.0,0.0,0.8891842870276045,904.4269662921348,667.2075277719185,0.7377129968904608,0.6629213483146067,0.0,0.2435460090637207,1.8591919977744122,1.0,0.0004169940948486328
FLOW-EMAIL-0097,EMAIL,PROFILE-06-TUNNEL-AES256GCM-PFS-IPV6,8248333,21.7,True,571.0,571,AES-GCM,TUNNEL,6,False,False,"{""message_bytes"": 514385, ""operation"": ""IMAP_FETCH""}",571.0,602558.0,2.6232750415802,0.004602236915052983,4.31710809902216,0.3467600700525394,0.6427320490367776,19.062529133648532,217.66684428791075,229696.84476433435,0.0,0.0,0.9003116712416066,1055.2679509632223,664.49342595769,0.6296916582666582,0.3380035026269702,0.0,0.19246697425842285,1.1742560883982964,1.0,0.0014579296112060547
FLOW-EMAIL-0098,EMAIL,PROFILE-09-TUNNEL-NATT-CHACHA-IPV4,7990911,13.5,True,226.0,226,CHACHA20,TUNNEL,4,False,True,"{""message_bytes"": 194526, ""operation"": ""SMTP_SUBMIT""}",226.0,224324.0,2.115074872970581,0.009400332768758138,3.971386414121132,0.3407079646017699,0.6150442477876106,0.05101295001780393,106.85200930148986,106059.60236525403,0.0,0.0,0.9029261247124694,992.5840707964602,665.1464503808361,0.6701159830694395,0.6548672566371682,0.0,0.29620790481567383,1.4408617611677492,1.0,0.00028586387634277344
FLOW-EMAIL-0099,EMAIL,PROFILE-01-TUNNEL-AES256GCM-PFS-IPV4,6179997,40.6,True,191.0,191,AES-GCM,TUNNEL,4,False,False,"{""message_bytes"": 161200, ""operation"": ""IMAP_FETCH""}",191.0,185094.0,2.2270450592041016,0.011721289785284745,3.402511459133234,0.3507853403141361,0.6020942408376964,21.468317552804077,85.76386867909144,83111.92413239661,0.0,0.0,0.910985769392849,969.0785340314136,667.3913183754179,0.6886865150123981,0.3403141361256545,0.0,0.2845289707183838,1.495107835736257,1.0,0.0003719329833984375
FLOW-EMAIL-0100,EMAIL,PROFILE-02-TRANSPORT-AES128CBC-PFS-IPV4,3067774,36.0,False,57.0,57,AES-CBC,TRANSPORT,4,False,False,"{""message_bytes"": 36649, ""operation"": ""IMAP_FETCH""}",57.0,45610.0,1.5668728351593018,0.027979872056416104,1.7768139682249517,0.38596491228070173,0.45614035087719296,10.206388206388207,36.37819146580896,29108.93531150082,0.0,0.0,0.8215303661477746,800.1754385964912,643.9230945364823,0.80472739286515,0.40350877192982454,0.0,0.20890188217163086,2.19874842765925,1.0,0.00045013427734375
FLOW-EMAIL-0101,EMAIL,PROFILE-03-TUNNEL-AES128GCM-NOPFS-IPV4,1507209,21.4,True,128.0,128,AES-GCM,TUNNEL,4,False,False,"{""message_bytes"": 100541, ""operation"": ""IMAP_FETCH""}",128.0,117848.0,2.0310049057006836,0.015992164611816406,2.4851693081478876,0.390625,0.5625,16.700210273355363,63.02298908324932,58024.47826158411,0.0,0.0,0.8870069920575657,920.6875,667.0980267874804,0.7245650959608775,0.3671875,0.0,0.21214699745178223,1.7908956408768815,1.0,0.0023338794708251953
FLOW-EMAIL-0102,EMAIL,PROFILE-04-TRANSPORT-AES256CBC-PFS-IPV6,2258964,20.2,True,71.0,71,AES-CBC,TRANSPORT,6,False,False,"{""message_bytes"": 46297, ""operation"": ""SMTP_SUBMIT""}",71.0,59834.0,2.117292881011963,0.030247041157313755,1.8129142501699407,0.38028169014084506,0.4647887323943662,0.1112885851194235,33.53338625786408,28259.670892296326,0.0,0.0,0.7997125380218605,842.7323943661971,654.7780821300672,0.7769703484847207,0.6056338028169014,0.0,0.26224207878112793,2.078320503746253,1.0,0.0008971691131591797
FLOW-EMAIL-0103,EMAIL,PROFILE-05-TUNNEL-3DESCBC-NOPFS-IPV4,8110267,21.7,True,54.0,54,3DES,TUNNEL,4,False,False,"{""message_bytes"": 29693, ""operation"": ""SMTP_SUBMIT""}",54.0,39076.0,2.0831079483032227,0.039303923552890994,1.460884445292672,0.4074074074074074,0.3888888888888889,0.10841322970443071,25.922804453789936,18758.509385857327,0.0,0.0,0.8043812058552564,723.6296296296297,632.5316650336433,0.874109681436604,0.6111111111111112,0.0,0.19231581687927246,2.2749233060744953,1.0,0.0009992122650146484
FLOW-EMAIL-0104,EMAIL,PROFILE-06-TUNNEL-AES256GCM-PFS-IPV6,3024940,46.1,False,98.0,98,AES-GCM,TUNNEL,6,False,False,"{""message_bytes"": 76495, ""operation"": ""IMAP_FETCH""}",98.0,93476.0,2.0480380058288574,0.021113793874524302,2.398814575106085,0.3673469387755102,0.5510204081632653,13.614759224515321,47.850674509498965,45641.73112704005,0.0,0.0,0.8631520390260602,953.8367346938776,667.8599189228413,0.7001826356972747,0.3673469387755102,0.0,0.20744919776916504,1.7752679751967928,1.0,0.0012428760528564453
FLOW-EMAIL-0105,EMAIL,PROFILE-09-TUNNEL-NATT-CHACHA-IPV4,7771826,36.6,True,241.0,241,CHACHA20,TUNNEL,4,False,True,"{""message_bytes"": 210755, ""operation"": ""SMTP_SUBMIT""}",241.0,241338.0,1.4533591270446777,0.006055663029352824,4.1311206293621785,0.35269709543568467,0.6224066390041494,0.045260039499670834,165.82274505686675,166055.30973665605,0.0,0.0,0.9133994646512359,1001.402489626556,665.9006254549942,0.6649680147123685,0.6639004149377593,0.0,0.17205500602722168,1.3543680879298083,1.0,0.0003249645233154297
FLOW-EMAIL-0106,EMAIL,PROFILE-01-TUNNEL-AES256GCM-PFS-IPV4,6915902,51.4,False,33.0,33,AES-GCM,TUNNEL,4,False,False,"{""message_bytes"": 16431, ""operation"": ""IMAP_FETCH""}",33.0,22246.0,1.3525099754333496,0.042265936732292175,1.4474722554875852,0.45454545454545453,0.3333333333333333,7.855891719745223,24.399080671790735,16447.937837110807,0.0,0.0,0.7741616470376697,674.1212121212121,616.2828825857714,0.9142018846233235,0.42424242424242425,0.0,0.24536490440368652,2.357032353052364,1.0,0.002902984619140625
FLOW-EMAIL-0107,EMAIL,PROFILE-02-TRANSPORT-AES128CBC-PFS-IPV4,3272926,42.2,True,76.0,76,AES-CBC,TRANSPORT,4,False,False,"{""message_bytes"": 54645, ""operation"": ""SMTP_SUBMIT""}",76.0,65048.0,1.3918991088867188,0.01855865478515625,2.463645373138352,0.39473684210526316,0.5131578947368421,0.07496033844526706,54.60165863658538,46733.27224990271,0.0,0.0,0.8605337596851556,855.8947368421053,662.9177844345919,0.7745319090061029,0.631578947368421,0.0,0.2514770030975342,1.9676866662518027,1.0,0.0003609657287597656
FLOW-EMAIL-0108,EMAIL,PROFILE-03-TUNNEL-AES128GCM-NOPFS-IPV4,8412190,27.1,False,151.0,151,AES-GCM,TUNNEL,4,False,False,"{""message_bytes"": 129161, ""operation"": ""IMAP_FETCH""}",151.0,147874.0,1.2569599151611328,0.008379732767740886,3.814401351726775,0.33774834437086093,0.609271523178808,20.991969066032123,120.13111808791686,117644.16527240144,0.0,0.0,0.9090577112947509,979.2980132450331,665.0453033883981,0.6791041076297938,0.3443708609271523,0.0,0.22768282890319824,1.4644895710449162,1.0,0.0002961158752441406
FLOW-EMAIL-0109,EMAIL,PROFILE-04-TRANSPORT-AES256CBC-PFS-IPV6,3110205,22.8,False,59.0,59,AES-CBC,TRANSPORT,6,False,False,"{""message_bytes"": 36853, ""operation"": ""SMTP_SUBMIT""}",59.0,48674.0,1.9267690181732178,0.03322015548574513,1.5775894060928117,0.3898305084745763,0.4406779661016949,0.11617134470739314,30.621210660704044,25261.979791510315,0.0,0.0,0.791839585815836,824.9830508474577,642.2973990802614,0.7785582969498175,0.6101694915254238,0.0,0.18425202369689941,2.3262545067884592,1.0,0.0006270408630371094
FLOW-EMAIL-0110,EMAIL,PROFILE-05-TUNNEL-3DESCBC-NOPFS-IPV4,9441201,25.3,True,193.0,193,3DES,TUNNEL,4,False,False,"{""message_bytes"": 158096, ""operation"": ""IMAP_FETCH""}",193.0,182894.0,2.7118821144104004,0.014124386012554169,3.0823295555321195,0.37305699481865284,0.5854922279792746,19.471681217819565,71.1682852932421,67441.72212654,0.0,0.0,0.9023040668365283,947.6373056994819,669.4415065030032,0.7064321998265641,0.35751295336787564,0.0,0.2869720458984375,1.64406711550857,1.0,0.0003769397735595703
FLOW-EMAIL-0111,EMAIL,PROFILE-06-TUNNEL-AES256GCM-PFS-IPV6,4806300,21.8,False,3135.0,3135,AES-GCM,TUNNEL,6,False,False,"{""message_bytes"": 2905621, ""operation"": ""SMTP_SUBMIT""}",3135.0,3379206.0,4.2598960399627686,0.0013592520867781648,6.5115679510410365,0.3342902711323764,0.6618819776714514,0.04924995156170046,735.9334525044887,793260.2036057045,0.0,0.0,0.9061235094871399,1077.8966507177033,660.7704744772994,0.6130183947016944,0.6660287081339713,0.0,0.19334888458251953,0.9874003559681911,1.0,0.0007870197296142578
FLOW-EMAIL-0112,EMAIL,PROFILE-09-TUNNEL-NATT-CHACHA-IPV4,63998,26.0,False,135.0,135,CHACHA20,TUNNEL,4,False,True,"{""message_bytes"": 109817, ""operation"": ""SMTP_SUBMIT""}",135.0,128354.0,1.771817922592163,0.013222521810389277,2.7646208847032954,0.37037037037037035,0.5777777777777777,0.057142386505897085,76.19293059328325,72441.98083977985,0.0,0.0,0.8918927341570968,950.7703703703704,667.252808336688,0.7018022743775252,0.6518518518518519,0.0,0.1908588409423828,1.6701353406714976,1.0,0.0004069805145263672
FLOW-EMAIL-0113,EMAIL,PROFILE-01-TUNNEL-AES256GCM-PFS-IPV4,7084262,8.9,False,143.0,143,AES-GCM,TUNNEL,4,False,False,"{""message_bytes"": 117662, ""operation"": ""IMAP_FETCH""}",143.0,135950.0,1.7152481079101562,0.012079212027536312,3.286348646847732,0.3776223776223776,0.5874125874125874,19.351796407185628,83.36986313556118,79259.67058237443,0.0,0.0,0.9017285766826039,950.6993006993007,669.2780896818477,0.7039850446818995,0.34965034965034963,0.0,0.19997501373291016,1.594860684703396,1.0,0.00028705596923828125
FLOW-EMAIL-0114,EMAIL,PROFILE-02-TRANSPORT-AES128CBC-PFS-IPV4,5319448,51.0,True,3230.0,3230,AES-CBC,TRANSPORT,4,False,False,"{""message_bytes"": 3000000, ""operation"": ""IMAP_FETCH""}",3230.0,3327964.0,3.797861099243164,0.0011761725299607197,7.187796362725941,0.33405572755417956,0.663467492260062,27.767214701865395,850.4787077767728,876273.2267020495,0.0,0.0,0.9304764114034887,1030.3294117647058,656.6627781299858,0.6373328477591267,0.33405572755417956,0.0,0.18689799308776855,0.9721673495344683,1.0,0.0007309913635253906
FLOW-EMAIL-0115,EMAIL,PROFILE-03-TUNNEL-AES128GCM-NOPFS-IPV4,3747234,35.6,True,96.0,96,AES-GCM,TUNNEL,4,False,False,"{""message_bytes"": 76173, ""operation"": ""IMAP_FETCH""}",96.0,89012.0,1.2083179950714111,0.01271913679022538,2.8294560934666118,0.3854166666666667,0.5625,16.982222222222223,79.44928437015162,73666.03854537432,0.0,0.0,0.888779041028176,927.2083333333334,665.3748617112183,0.7176109594692508,0.3645833333333333,0.0,0.23455095291137695,1.7775623376811434,1.0,0.0006299018859863281
FLOW-EMAIL-0116,EMAIL,PROFILE-04-TRANSPORT-AES256CBC-PFS-IPV6,4297747,9.3,False,727.0,727,AES-CBC,TRANSPORT,6,False,False,"{""message_bytes"": 663950, ""operation"": ""SMTP_SUBMIT""}",727.0,771402.0,2.079416036605835,0.0028642094168124447,6.1208213250559576,0.33837689133425036,0.6519944979367263,0.05144344791865442,349.61738642097765,370970.49672615546,0.0,0.0,0.9021469998781438,1061.0756533700137,658.7630804790798,0.6208445914170446,0.6629986244841816,0.0,0.1820540428161621,1.0957486503218834,1.0,0.0005400180816650391
FLOW-EMAIL-0117,EMAIL,PROFILE-05-TUNNEL-3DESCBC-NOPFS-IPV4,2067020,49.3,True,270.0,270,3DES,TUNNEL,4,False,False,"{""message_bytes"": 238547, ""operation"": ""SMTP_SUBMIT""}",270.0,270580.0,1.6828300952911377,0.006255873960190103,3.786146070809152,0.35185185185185186,0.6296296296296297,0.044210493817631716,160.4440048674603,160788.66235939783,0.0,0.0,0.9153226402542686,1002.1481481481482,664.0998420978189,0.6626763151985036,0.6592592592592592,0.0,0.238616943359375,1.3142064721640128,1.0,0.001708984375
FLOW-EMAIL-0118,EMAIL,PROFILE-06-TUNNEL-AES256GCM-PFS-IPV6,2845719,11.9,False,215.0,215,AES-GCM,TUNNEL,6,False,False,"{""message_bytes"": 186965, ""operation"": ""IMAP_FETCH""}",215.0,221370.0,1.708292007446289,0.007982672931992006,4.143467558416106,0.3395348837209302,0.6186046511627907,17.392323030907278,125.85670310628078,129585.57379831337,0.0,0.0,0.8912589781813254,1029.6279069767443,665.8972133565994,0.6467357856605179,0.34418604651162793,0.0,0.2752230167388916,1.3619360952228583,1.0,0.0004329681396484375
FLOW-EMAIL-0119,EMAIL,PROFILE-09-TUNNEL-NATT-CHACHA-IPV4,9154774,11.4,False,46.0,46,CHACHA20,TUNNEL,4,False,True,"{""message_bytes"": 28535, ""operation"": ""IMAP_FETCH""}",46.0,35844.0,1.8020110130310059,0.0400446891784668,1.5730245812926915,0.4782608695652174,0.43478260869565216,10.82970297029703,25.52703599886851,19891.1103987705,0.0,0.0,0.8309340475393371,779.2173913043479,653.4515022436622,0.8385997406318619,0.3695652173913043,0.0,0.21151280403137207,2.1445993395909646,1.0,0.00041484832763671875
FLOW-EMAIL-0120,EMAIL,PROFILE-01-TUNNEL-AES256GCM-PFS-IPV4,1924542,54.2,False,178.0,178,AES-GCM,TUNNEL,4,False,False,"{""message_bytes"": 148847, ""operation"": ""IMAP_FETCH""}",178.0,171508.0,2.131575107574463,0.012042797217934819,3.210840706486453,0.3595505617977528,0.5955056179775281,20.2,83.50632326652926,80460.68815053877,0.0,0.0,0.9056603773584906,963.5280898876405,665.7669749554234,0.6909678938712209,0.34269662921348315,0.0,0.24302196502685547,1.5212356122344943,1.0,0.000579833984375
FLOW-EMAIL-0121,EMAIL,PROFILE-02-TRANSPORT-AES128CBC-PFS-IPV4,10000861,51.2,False,275.0,275,AES-CBC,TRANSPORT,4,False,False,"{""message_bytes"": 236014, ""operation"": ""SMTP_SUBMIT""}",275.0,266910.0,2.564918041229248,0.009361014749011853,3.6734108976782034,0.37454545454545457,0.610909090909091,0.045025645041306135,107.21590147504482,104061.80459165169,0.0,0.0,0.9138286313738713,970.5818181818182,663.6893109638012,0.6838056292946886,0.6581818181818182,0.0,0.21097111701965332,1.43151219560775,1.0,0.0003731250762939453
FLOW-EMAIL-0122,EMAIL,PROFILE-03-TUNNEL-AES128GCM-NOPFS-IPV4,3479894,57.2,True,66.0,66,AES-GCM,TUNNEL,4,False,False,"{""message_bytes"": 42037, ""operation"": ""SMTP_SUBMIT""}",66.0,52304.0,1.7283360958099365,0.02658978608938364,1.7783623150025372,0.4393939393939394,0.45454545454545453,0.09541760911451788,38.187017073823796,30262.63243983757,0.0,0.0,0.8257877026613644,792.4848484848485,658.4115927958798,0.8308191557916806,0.6060606060606061,0.0,0.17924284934997559,2.2081190468184917,1.0,0.0010089874267578125
FLOW-EMAIL-0123,EMAIL,PROFILE-04-TRANSPORT-AES256CBC-PFS-IPV6,5918424,6.9,True,101.0,101,AES-CBC,TRANSPORT,6,False,False,"{""message_bytes"": 79640, ""operation"": ""IMAP_FETCH""}",101.0,97150.0,1.7499289512634277,0.017499289512634277,2.66385021979213,0.33663366336633666,0.5643564356435643,13.936961869618695,57.71662896775278,55516.53964571468,0.0,0.0,0.8661039629439011,961.8811881188119,660.4059850513606,0.6865775037590058,0.3564356435643564,0.0,0.2550501823425293,1.8283321416345795,1.0,0.0008409023284912109
FLOW-EMAIL-0124,EMAIL,PROFILE-05-TUNNEL-3DESCBC-NOPFS-IPV4,9784501,57.3,True,205.0,205,3DES,TUNNEL,4,False,False,"{""message_bytes"": 178799, ""operation"": ""SMTP_SUBMIT""}",205.0,203150.0,1.6303019523620605,0.007991676237068925,4.116769591739137,0.35609756097560974,0.6195121951219512,0.045332921683647213,125.74357756425799,124608.81844965371,0.0,0.0,0.9132660595619002,990.9756097560976,666.6659267891991,0.6727369677173803,0.6536585365853659,0.0,0.25940799713134766,1.363956339998964,1.0,0.0006659030914306641
FLOW-EMAIL-0125,EMAIL,PROFILE-06-TUNNEL-AES256GCM-PFS-IPV6,4893386,9.6,False,60.0,60,AES-GCM,TUNNEL,6,False,False,"{""message_bytes"": 36635, ""operation"": ""SMTP_SUBMIT""}",60.0,48396.0,2.640113115310669,0.04474767992051981,1.6230267558835696,0.4166666666666667,0.43333333333333335,0.12162788541763234,22.72629898016307,18331.03275739953,0.0,0.0,0.7831225721133979,806.6,653.1114555214394,0.8097092183504084,0.6,0.0,0.2972240447998047,2.162626505022853,1.0,0.0022699832916259766
FLOW-EMAIL-0126,EMAIL,PROFILE-09-TUNNEL-NATT-CHACHA-IPV4,5159173,37.4,True,313.0,313,CHACHA20,TUNNEL,4,False,True,"{""message_bytes"": 277102, ""operation"": ""SMTP_SUBMIT""}",313.0,316510.0,1.753507137298584,0.005620215183649308,5.085415116231518,0.34824281150159747,0.6325878594249201,0.046265627375923095,178.49941602302297,180501.1187394473,0.0,0.0,0.9115604562257118,1011.2140575079873,665.2882597463895,0.6579104145228267,0.6549520766773163,0.0,0.2981300354003906,1.2948047949352037,1.0,0.0004940032958984375
FLOW-EMAIL-0127,EMAIL,PROFILE-01-TUNNEL-AES256GCM-PFS-IPV4,7342885,5.9,True,108.0,108,AES-GCM,TUNNEL,4,False,False,"{""message_bytes"": 86839, ""operation"": ""IMAP_FETCH""}",108.0,100800.0,1.4605190753936768,0.013649710984987634,3.136181709121719,0.3888888888888889,0.5740740740740741,19.363636363636363,73.94631252651668,69016.55835808224,0.0,0.0,0.9017857142857143,933.3333333333334,671.2669061254692,0.7192145422772884,0.3425925925925926,0.0,0.2481849193572998,1.6450757211936247,1.0,0.0004909038543701172
FLOW-EMAIL-0128,EMAIL,PROFILE-02-TRANSPORT-AES128CBC-PFS-IPV4,8699179,35.9,True,419.0,419,AES-CBC,TRANSPORT,4,False,False,"{""message_bytes"": 370000, ""operation"": ""SMTP_SUBMIT""}",419.0,415726.0,2.605149030685425,0.006232413949008193,4.478419659696562,0.3532219570405728,0.630071599045346,0.04264625478403499,160.8353284455897,159578.58652355903,0.0,0.0,0.9181961195595176,992.1861575178998,661.4123845481596,0.6666212580538116,0.6610978520286396,0.0,0.2601029872894287,1.2967875213949875,1.0,0.0002799034118652344
FLOW-EMAIL-0129,EMAIL,PROFILE-03-TUNNEL-AES128GCM-NOPFS-IPV4,4605005,45.6,True,821.0,821,AES-GCM,TUNNEL,4,False,False,"{""message_bytes"": 753191, ""operation"": ""SMTP_SUBMIT""}",821.0,845542.0,1.821213960647583,0.002220992634936077,7.3124744927295495,0.3386114494518879,0.6552984165651644,0.038780013169921475,450.79821357621853,464273.8405647539,0.0,0.0,0.9253354652991809,1029.8928136419001,662.2874972935707,0.6430644903245747,0.6626065773447016,0.0,0.21809601783752441,1.0643991741586096,1.0,0.0003178119659423828
FLOW-EMAIL-0130,EMAIL,PROFILE-04-TRANSPORT-AES256CBC-PFS-IPV6,7030717,7.2,False,442.0,442,AES-CBC,TRANSPORT,6,False,False,"{""message_bytes"": 390546, ""operation"": ""SMTP_SUBMIT""}",442.0,458236.0,2.8122987747192383,0.006377094727254508,3.931006680462725,0.34841628959276016,0.6312217194570136,0.05597957340117619,157.16680033191938,162940.0133866457,0.0,0.0,0.8939760298186961,1036.7330316742082,661.7611401071894,0.6383139341461118,0.6606334841628959,0.0,0.23789286613464355,1.2932728227811374,1.0,0.0014700889587402344
FLOW-EMAIL-0131,EMAIL,PROFILE-05-TUNNEL-3DESCBC-NOPFS-IPV4,3822669,52.8,True,38.0,38,3DES,TUNNEL,4,False,False,"{""message_bytes"": 17290, ""operation"": ""IMAP_FETCH""}",38.0,24508.0,2.216776132583618,0.0599128684482059,1.203896930257889,0.5,0.3157894736842105,7.019633507853404,17.142010616882448,11055.69463680408,0.0,0.0,0.7506120450465156,644.9473684210526,595.048116027445,0.9226305046940962,0.42105263157894735,0.0,0.25501203536987305,2.423629815221164,1.0,0.024433135986328125
FLOW-EMAIL-0132,EMAIL,PROFILE-06-TUNNEL-AES256GCM-PFS-IPV6,3890606,37.9,True,34.0,34,AES-GCM,TUNNEL,6,False,False,"{""message_bytes"": 20755, ""operation"": ""IMAP_FETCH""}",34.0,28096.0,1.4387741088867188,0.04359921542080966,1.5031250555379048,0.3235294117647059,0.4411764705882353,8.33421926910299,23.631228689754643,19527.735331392545,0.0,0.0,0.7857346241457859,826.3529411764706,635.548761601895,0.7691008646947761,0.38235294117647056,0.0,0.19995903968811035,2.463371198023866,1.0,0.00044918060302734375
FLOW-EMAIL-0133,EMAIL,PROFILE-09-TUNNEL-NATT-CHACHA-IPV4,3829572,41.2,False,83.0,83,CHACHA20,TUNNEL,4,False,True,"{""message_bytes"": 58367, ""operation"": ""SMTP_SUBMIT""}",83.0,71650.0,2.16233491897583,0.026369938036290612,2.0260923887036526,0.37349397590361444,0.4939759036144578,0.08170536550016606,38.38443308278635,33135.477474477615,0.0,0.0,0.8489323098394976,863.2530120481928,657.549134054442,0.7617107903212657,0.6385542168674698,0.0,0.2250828742980957,2.073117051510472,1.0,0.0008189678192138672
FLOW-EMAIL-0134,EMAIL,PROFILE-01-TUNNEL-AES256GCM-PFS-IPV4,9568738,30.6,True,170.0,170,AES-GCM,TUNNEL,4,False,False,"{""message_bytes"": 138567, ""operation"": ""SMTP_SUBMIT""}",170.0,160616.0,1.7889220714569092,0.010585337700928456,2.975869635557665,0.38235294117647056,0.5823529411764706,0.0552679298835773,95.02929317739981,89783.67619400735,0.0,0.0,0.8952532748916672,944.8,668.9168558199143,0.7079983656010947,0.6470588235294118,0.0,0.1685810089111328,1.5986058790430357,1.0,0.00037097930908203125
FLOW-EMAIL-0135,EMAIL,PROFILE-02-TRANSPORT-AES128CBC-PFS-IPV4,2603662,32.2,False,407.0,407,AES-CBC,TRANSPORT,4,False,False,"{""message_bytes"": 361050, ""operation"": ""SMTP_SUBMIT""}",407.0,404886.0,1.8751170635223389,0.004618514934784086,4.7012980501100925,0.3538083538083538,0.6339066339066339,0.04225272349101093,217.0531151988268,215925.7189198825,0.0,0.0,0.9189203874670896,994.8058968058969,662.2200315502085,0.6656776298536745,0.6584766584766585,0.0,0.1661548614501953,1.2805432531823242,1.0,0.00028395652770996094
FLOW-EMAIL-0136,EMAIL,PROFILE-03-TUNNEL-AES128GCM-NOPFS-IPV4,8530037,58.3,True,684.0,684,AES-GCM,TUNNEL,4,False,False,"{""message_bytes"": 621326, ""operation"": ""SMTP_SUBMIT""}",684.0,699392.0,2.334322929382324,0.0034177495305744133,5.856087872421223,0.3435672514619883,0.6491228070175439,0.04037176534989855,293.01858427145316,299612.359197047,0.0,0.0,0.9223897327964862,1022.5029239766081,662.8285867187449,0.6482412628620595,0.6608187134502924,0.0,0.18650603294372559,1.135381740125376,1.0,0.00038313865661621094
FLOW-EMAIL-0137,EMAIL,PROFILE-04-TRANSPORT-AES256CBC-PFS-IPV6,2165491,52.9,False,190.0,190,AES-CBC,TRANSPORT,6,False,False,"{""message_bytes"": 158573, ""operation"": ""IMAP_FETCH""}",190.0,189012.0,2.248990058898926,0.011899418301052518,3.2949285482228867,0.34210526315789475,0.5947368421052631,16.012781278127814,84.4823654280719,84043.05712784592,0.0,0.0,0.8824413264766259,994.8,664.921516540032,0.6683971818858384,0.34210526315789475,0.0,0.2464909553527832,1.5263062975989994,1.0,0.0002980232238769531
FLOW-EMAIL-0138,EMAIL,PROFILE-05-TUNNEL-3DESCBC-NOPFS-IPV4,2392092,49.7,True,72.0,72,3DES,TUNNEL,4,False,False,"{""message_bytes"": 48073, ""operation"": ""IMAP_FETCH""}",72.0,59120.0,2.156834125518799,0.030377945429842238,1.7849356271419696,0.4166666666666667,0.4722222222222222,12.653579676674365,33.38226113363322,27410.545530838837,0.0,0.0,0.8535182679296346,821.1111111111111,656.744233057528,0.7998238291634306,0.375,0.0,0.18190503120422363,2.1751768852965134,1.0,0.0003571510314941406
FLOW-EMAIL-0139,EMAIL,PROFILE-06-TUNNEL-AES256GCM-PFS-IPV6,4179161,25.8,True,48.0,48,AES-GCM,TUNNEL,6,False,False,"{""message_bytes"": 31171, ""operation"": ""IMAP_FETCH""}",48.0,40332.0,1.355700969696045,0.028844701482894572,1.577989773826622,0.4375,0.4583333333333333,9.2835288118307,35.40603796334368,29749.923398699524,0.0,0.0,0.8055142318754339,840.25,657.1315983119363,0.7820667638344972,0.3958333333333333,0.0,0.1340780258178711,2.165474753511408,1.0,0.0005710124969482422
FLOW-EMAIL-0140,EMAIL,PROFILE-09-TUNNEL-NATT-CHACHA-IPV4,5595445,17.2,True,62.0,62,CHACHA20,TUNNEL,4,False,True,"{""message_bytes"": 37776, ""operation"": ""SMTP_SUBMIT""}",62.0,49036.0,2.215898036956787,0.03632619732716044,1.5877834827886734,0.3870967741935484,0.43548387096774194,0.1235965354475047,27.97962675446383,22129.177056965942,0.0,0.0,0.7799983685455584,790.9032258064516,642.8623168118435,0.8128204511447569,0.5967741935483871,0.0,0.20818495750427246,2.302521699820077,1.0,0.0005419254302978516
FLOW-EMAIL-0141,EMAIL,PROFILE-01-TUNNEL-AES256GCM-PFS-IPV4,4176516,21.1,True,199.0,199,AES-GCM,TUNNEL,4,False,False,"{""message_bytes"": 174004, ""operation"": ""SMTP_SUBMIT""}",199.0,198034.0,1.3131539821624756,0.006632090819002402,4.694805089324218,0.3417085427135678,0.6231155778894473,0.04550877971005311,151.5435376986717,150807.90424431534,0.0,0.0,0.912944241897856,995.1457286432161,664.0132391588573,0.6672522627054577,0.6582914572864321,0.0,0.27565979957580566,1.359789674782867,1.0,0.00044798851013183594
FLOW-EMAIL-0142,EMAIL,PROFILE-02-TRANSPORT-AES128CBC-PFS-IPV4,5152909,44.9,False,318.0,318,AES-CBC,TRANSPORT,4,False,False,"{""message_bytes"": 273256, ""operation"": ""IMAP_FETCH""}",318.0,309164.0,2.8769729137420654,0.009075624333571184,3.8021066166033703,0.3584905660377358,0.6132075471698113,21.965681176645372,110.53284460241194,107461.56090773612,0.0,0.0,0.9129135345641796,972.2138364779875,663.5587907181786,0.6825235003052774,0.3490566037735849,0.0,0.2498149871826172,1.4119398819265727,1.0,0.0007789134979248047
FLOW-EMAIL-0143,EMAIL,PROFILE-03-TUNNEL-AES128GCM-NOPFS-IPV4,1672140,25.4,False,298.0,298,AES-GCM,TUNNEL,4,False,False,"{""message_bytes"": 255760, ""operation"": ""IMAP_FETCH""}",298.0,292452.0,2.8246870040893555,0.009510730653499513,3.6861856837276297,0.3523489932885906,0.610738255033557,21.81216848673947,105.49841436186716,103534.30294280798,0.0,0.0,0.91232749305869,981.3825503355705,665.8920604764534,0.6785244553703962,0.3422818791946309,0.0,0.24788689613342285,1.4552507795799536,1.0,0.00042891502380371094
FLOW-EMAIL-0144,EMAIL,PROFILE-04-TRANSPORT-AES256CBC-PFS-IPV6,1694267,31.0,True,417.0,417,AES-CBC,TRANSPORT,6,False,False,"{""message_bytes"": 375312, ""operation"": ""IMAP_FETCH""}",417.0,438326.0,1.694788932800293,0.004074011857693012,5.319351987678018,0.33093525179856115,0.6426858513189448,18.302712700369913,246.04833789597186,258631.6157232368,0.0,0.0,0.8963876201731131,1051.1414868105517,659.2290836861249,0.6271554228978296,0.3405275779376499,0.0,0.19451498985290527,1.1707555109358194,1.0,0.00038695335388183594
FLOW-EMAIL-0145,EMAIL,PROFILE-05-TUNNEL-3DESCBC-NOPFS-IPV4,3603739,48.2,False,66.0,66,3DES,TUNNEL,4,False,False,"{""message_bytes"": 49601, ""operation"": ""IMAP_FETCH""}",66.0,58788.0,0.923022985458374,0.014200353622436523,2.54115759212886,0.36363636363636365,0.5303030303030303,17.268489745183345,71.50417816217691,63690.72160300085,0.0,0.0,0.8905218752126285,890.7272727272727,664.3109564292581,0.7458073607595264,0.3484848484848485,0.0,0.19875407218933105,1.9406332386686678,1.0,0.000286102294921875
FLOW-EMAIL-0146,EMAIL,PROFILE-06-TUNNEL-AES256GCM-PFS-IPV6,8593459,10.9,True,88.0,88,AES-GCM,TUNNEL,6,False,False,"{""message_bytes"": 66177, ""operation"": ""IMAP_FETCH""}",88.0,81756.0,1.9376988410949707,0.022272400472355985,2.242406893355537,0.375,0.5340909090909091,11.98126389329946,45.414694034844054,42192.31506264443,0.0,0.0,0.8459317970546504,929.0454545454545,668.0672242489538,0.7190899228669203,0.375,0.0,0.19456791877746582,1.8193936614560784,1.0,0.0011000633239746094
FLOW-EMAIL-0147,EMAIL,PROFILE-09-TUNNEL-NATT-CHACHA-IPV4,9578458,29.7,True,78.0,78,CHACHA20,TUNNEL,4,False,True,"{""message_bytes"": 56096, ""operation"": ""IMAP_FETCH""}",78.0,67788.0,1.9066359996795654,0.024761506489345005,2.060724727941046,0.41025641025641024,0.5128205128205128,13.361864406779661,40.90974890493461,35553.718702150094,0.0,0.0,0.8607423142739128,869.0769230769231,668.6328717313884,0.7693598276250707,0.38461538461538464,0.0,0.2345290184020996,1.9812732746339348,1.0,0.0008840560913085938
FLOW-EMAIL-0148,EMAIL,PROFILE-01-TUNNEL-AES256GCM-PFS-IPV4,4599822,17.8,False,49.0,49,AES-GCM,TUNNEL,4,False,False,"{""message_bytes"": 28157, ""operation"": ""SMTP_SUBMIT""}",49.0,36030.0,2.2145659923553467,0.046136791507403054,1.6691808668601662,0.5102040816326531,0.40816326530612246,0.10568955993371386,22.126231581785042,16269.55354881051,0.0,0.0,0.8088259783513739,735.3061224489796,646.2260362771804,0.8788530607155658,0.5918367346938775,0.0,0.29602503776550293,2.176204450851304,1.0,0.0009582042694091797
FLOW-EMAIL-0149,EMAIL,PROFILE-02-TRANSPORT-AES128CBC-PFS-IPV4,406324,33.6,True,251.0,251,AES-CBC,TRANSPORT,4,False,False,"{""message_bytes"": 221369, ""operation"": ""SMTP_SUBMIT""}",251.0,248510.0,1.4793591499328613,0.005917436599731445,4.763862305039504,0.3545816733067729,0.6294820717131474,0.04239897316297682,169.6680620195517,167984.90076684777,0.0,0.0,0.9186511609190777,990.0796812749004,662.9753963164952,0.6696182225079084,0.6573705179282868,0.0,0.2690250873565674,1.2932140725784063,1.0,0.00030994415283203125
FLOW-EMAIL-0150,EMAIL,PROFILE-03-TUNNEL-AES128GCM-NOPFS-IPV4,9881666,51.0,True,327.0,327,AES-GCM,TUNNEL,4,False,False,"{""message_bytes"": 284335, ""operation"": ""SMTP_SUBMIT""}",327.0,323458.0,2.423743963241577,0.007434797433256372,4.426669339676027,0.36085626911314983,0.6207951070336392,0.0448217273614099,134.9152406191708,133453.86513821327,0.0,0.0,0.9142021529843132,989.1681957186545,667.5762306268593,0.6748864687686902,0.6574923547400612,0.0,0.29706406593322754,1.3592168437051664,1.0,0.0005850791931152344
FLOW-EMAIL-0151,EMAIL,PROFILE-04-TRANSPORT-AES256CBC-PFS-IPV6,9203863,22.2,True,108.0,108,AES-CBC,TRANSPORT,6,False,False,"{""message_bytes"": 87535, ""operation"": ""IMAP_FETCH""}",108.0,105192.0,2.0235519409179688,0.018911700382410922,2.739978725988191,0.37037037037037035,0.5740740740740741,15.079486395597677,53.37149880670057,51983.83983772636,0.0,0.0,0.8756179177123735,974.0,664.5067232054054,0.6822450956934346,0.3425925925925926,0.0,0.22467398643493652,1.6446882769346762,1.0,0.0007028579711914062
FLOW-EMAIL-0152,EMAIL,PROFILE-05-TUNNEL-3DESCBC-NOPFS-IPV4,4867602,45.6,True,195.0,195,3DES,TUNNEL,4,False,False,"{""message_bytes"": 164931, ""operation"": ""SMTP_SUBMIT""}",195.0,189106.0,1.6328260898590088,0.008416629329170148,3.2655601617495167,0.3641025641025641,0.6051282051282051,0.04844540051450368,119.4248433504868,115815.15090583157,0.0,0.0,0.9075862214842471,969.774358974359,667.8299417796495,0.688644668318465,0.6564102564102564,0.0,0.19545412063598633,1.5192622388260344,1.0,0.0011570453643798828
FLOW-EMAIL-0153,EMAIL,PROFILE-06-TUNNEL-AES256GCM-PFS-IPV6,6871620,11.4,False,39.0,39,AES-GCM,TUNNEL,6,False,False,"{""message_bytes"": 15000, ""operation"": ""IMAP_FETCH""}",39.0,25054.0,2.683825969696045,0.0706269992025275,1.0384242130837391,0.28205128205128205,0.2564102564102564,4.506373626373627,14.531493636458448,9335.18055302128,0.0,0.0,0.6367845453819749,642.4102564102565,554.9344483324927,0.8638318625755255,0.4358974358974359,0.0,0.2671220302581787,2.437511132174096,1.0,0.05057692527770996
FLOW-EMAIL-0154,EMAIL,PROFILE-09-TUNNEL-NATT-CHACHA-IPV4,455452,14.7,True,127.0,127,CHACHA20,TUNNEL,4,False,True,"{""message_bytes"": 101970, ""operation"": ""SMTP_SUBMIT""}",127.0,119766.0,1.827455997467041,0.014503619027516198,2.677927368937325,0.3700787401574803,0.5748031496062992,0.06230153802487094,69.49551736185676,65537.00891622154,0.0,0.0,0.8827046073176026,943.0393700787401,667.3976656531605,0.7077092291464304,0.6377952755905512,0.0,0.2058851718902588,1.7330050361065479,1.0,0.0010089874267578125
FLOW-EMAIL-0155,EMAIL,PROFILE-01-TUNNEL-AES256GCM-PFS-IPV4,4946438,49.3,False,589.0,589,AES-GCM,TUNNEL,4,False,False,"{""message_bytes"": 538382, ""operation"": ""SMTP_SUBMIT""}",589.0,605066.0,1.4105420112609863,0.00239888097153229,7.1016603217258725,0.3395585738539898,0.6519524617996605,0.0386935518757961,417.5699804031005,428959.92828961357,0.0,0.0,0.9254957310442167,1027.276740237691,661.8565439014446,0.644282614389093,0.6638370118845501,0.0,0.261768102645874,1.099495342642493,1.0,0.00033593177795410156
FLOW-EMAIL-0156,EMAIL,PROFILE-02-TRANSPORT-AES128CBC-PFS-IPV4,8277633,14.8,True,149.0,149,AES-CBC,TRANSPORT,4,False,False,"{""message_bytes"": 125293, ""operation"": ""IMAP_FETCH""}",149.0,142674.0,1.8867661952972412,0.012748420238494873,3.3918912367462015,0.35570469798657717,0.5973154362416108,20.224933055638203,78.97109900070397,75618.27234111703,0.0,0.0,0.9057711986767035,957.5436241610738,662.145308199612,0.6915040646630934,0.35570469798657717,0.0,0.27315306663513184,1.5188465897791281,1.0,0.00029206275939941406
FLOW-EMAIL-0157,EMAIL,PROFILE-03-TUNNEL-AES128GCM-NOPFS-IPV4,247843,42.3,False,52.0,52,AES-GCM,TUNNEL,4,False,False,"{""message_bytes"": 36911, ""operation"": ""SMTP_SUBMIT""}",52.0,44844.0,1.3226559162139893,0.025934429729686063,2.0381418343334023,0.38461538461538464,0.5,0.07798076923076923,39.31483567460719,33904.509442155475,0.0,0.0,0.8553206672018553,862.3846153846154,654.6492940688564,0.7591152281594089,0.6538461538461539,0.0,0.23116612434387207,2.078956083381427,1.0,0.0008618831634521484
FLOW-EMAIL-0158,EMAIL,PROFILE-04-TRANSPORT-AES256CBC-PFS-IPV6,7642163,46.5,True,76.0,76,AES-CBC,TRANSPORT,6,False,False,"{""message_bytes"": 59564, ""operation"": ""IMAP_FETCH""}",76.0,72376.0,1.544079065322876,0.02058772087097168,2.5698275101317503,0.3815789473684211,0.5526315789473685,14.451750640478224,49.220277450046225,46873.24737795455,0.0,0.0,0.8705648281198187,952.3157894736842,662.3401139843471,0.6955047068477173,0.34210526315789475,0.0,0.25666093826293945,1.7430922227927284,1.0,0.00028204917907714844
FLOW-EMAIL-0159,EMAIL,PROFILE-05-TUNNEL-3DESCBC-NOPFS-IPV4,6059639,20.6,True,92.0,92,3DES,TUNNEL,4,False,False,"{""message_bytes"": 71529, ""operation"": ""IMAP_FETCH""}",92.0,83608.0,1.9743530750274658,0.021696187637664458,2.5779978760859406,0.41304347826086957,0.5543478260869565,18.317929759704253,46.59754182960419,42347.03562271247,0.0,0.0,0.8964692373935509,908.7826086956521,672.441816233406,0.7399369329905434,0.34782608695652173,0.0,0.28841686248779297,1.7217164384623924,1.0,0.0008819103240966797
FLOW-EMAIL-0160,EMAIL,PROFILE-06-TUNNEL-AES256GCM-PFS-IPV6,888125,29.9,True,141.0,141,AES-GCM,TUNNEL,6,False,False,"{""message_bytes"": 115615, ""operation"": ""SMTP_SUBMIT""}",141.0,139294.0,1.612473964691162,0.011517671176365443,3.1567601335299202,0.3546099290780142,0.5815602836879432,0.06776334953316877,87.44327231789184,86385.27073935054,0.0,0.0,0.8730742171234941,987.9007092198582,667.5663571549802,0.6757423604667265,0.6453900709219859,0.0,0.25288891792297363,1.6315344657149107,1.0,0.00035190582275390625
FLOW-EMAIL-0161,EMAIL,PROFILE-09-TUNNEL-NATT-CHACHA-IPV4,9897871,38.5,True,246.0,246,CHACHA20,TUNNEL,4,False,True,"{""message_bytes"": 215848, ""operation"": ""IMAP_FETCH""}",246.0,246728.0,1.3399641513824463,0.005469241434214066,4.377503780947089,0.3617886178861789,0.6260162601626016,21.74410029498525,183.5870010001393,184130.2991169202,0.0,0.0,0.9120651081352745,1002.959349593496,667.2788497983395,0.6653099650237975,0.34146341463414637,0.0,0.19620895385742188,1.3169358329530099,1.0,0.0005218982696533203
FLOW-EMAIL-0162,EMAIL,PROFILE-01-TUNNEL-AES256GCM-PFS-IPV4,7945708,39.5,True,207.0,207,AES-GCM,TUNNEL,4,False,False,"{""message_bytes"": 180352, ""operation"": ""SMTP_SUBMIT""}",207.0,205230.0,1.6630160808563232,0.00807289359638992,3.970078343941022,0.36231884057971014,0.6231884057971014,0.046248432386137704,124.47263882945208,123408.3075698959,0.0,0.0,0.9115918725332554,991.4492753623189,665.7515937833566,0.6714933485024354,0.6521739130434783,0.0,0.2535569667816162,1.3866764502320452,1.0,0.0003960132598876953
FLOW-EMAIL-0163,EMAIL,PROFILE-02-TRANSPORT-AES128CBC-PFS-IPV4,6521215,17.2,True,155.0,155,AES-CBC,TRANSPORT,4,False,False,"{""message_bytes"": 129021, ""operation"": ""SMTP_SUBMIT""}",155.0,147166.0,1.560291051864624,0.010131760077043013,3.1057664596029575,0.38064516129032255,0.5935483870967742,0.050570380205879416,99.34044024335552,94319.5821216365,0.0,0.0,0.9037277632061753,949.4580645161291,664.7939408006719,0.7001825205829073,0.6516129032258065,0.0,0.18549704551696777,1.5517947282128075,1.0,0.0004839897155761719
FLOW-EMAIL-0164,EMAIL,PROFILE-03-TUNNEL-AES128GCM-NOPFS-IPV4,2584498,36.4,True,60.0,60,AES-GCM,TUNNEL,4,False,False,"{""message_bytes"": 42048, ""operation"": ""IMAP_FETCH""}",60.0,50900.0,1.6715190410614014,0.028330831204430532,2.0657689096376357,0.4166666666666667,0.5,14.424242424242424,35.89549297739407,30451.343209155966,0.0,0.0,0.8703339882121808,848.3333333333334,664.9700912238251,0.7838547244288704,0.36666666666666664,0.0,0.29016685485839844,2.0454842658866763,1.0,0.0005629062652587891
FLOW-EMAIL-0165,EMAIL,PROFILE-04-TRANSPORT-AES256CBC-PFS-IPV6,6391361,21.2,True,51.0,51,AES-CBC,TRANSPORT,6,False,False,"{""message_bytes"": 30562, ""operation"": ""SMTP_SUBMIT""}",51.0,40610.0,1.854457139968872,0.037089142799377445,1.503398641687356,0.45098039215686275,0.43137254901960786,0.11029090113735783,27.501309629003373,21898.591843800532,0.0,0.0,0.8013297217434129,796.2745098039215,644.1596464655042,0.8089668054602491,0.6274509803921569,0.0,0.19449806213378906,2.3498042999696445,1.0,0.0006601810455322266
FLOW-EMAIL-0166,EMAIL,PROFILE-05-TUNNEL-3DESCBC-NOPFS-IPV4,9856924,5.7,True,124.0,124,3DES,TUNNEL,4,False,False,"{""message_bytes"": 93914, ""operation"": ""SMTP_SUBMIT""}",124.0,111216.0,2.50764799118042,0.020387382042117236,2.4138863504707992,0.3790322580645161,0.5403225806451613,0.06794699443057423,49.44872662994049,44350.72242641501,0.0,0.0,0.872752121996835,896.9032258064516,667.9442392623711,0.7447227527382213,0.6290322580645161,0.0,0.2339780330657959,1.8499422797537077,1.0,0.0004379749298095703
FLOW-EMAIL-0167,EMAIL,PROFILE-06-TUNNEL-AES256GCM-PFS-IPV6,9048220,52.4,False,76.0,76,AES-GCM,TUNNEL,6,False,False,"{""message_bytes"": 53775, ""operation"": ""SMTP_SUBMIT""}",76.0,68472.0,2.0365190505981445,0.027153587341308592,2.0564490483756317,0.32894736842105265,0.5,0.0956922486078218,37.31858043639616,33622.0768373805,0.0,0.0,0.8253300619231219,900.9473684210526,655.5737923604918,0.7276493781311686,0.631578947368421,0.0,0.2506988048553467,2.088637556636724,1.0,0.0003979206085205078
FLOW-EMAIL-0168,EMAIL,PROFILE-09-TUNNEL-NATT-CHACHA-IPV4,3254335,58.1,True,107.0,107,CHACHA20,TUNNEL,4,False,True,"{""message_bytes"": 85089, ""operation"": ""SMTP_SUBMIT""}",107.0,100474.0,1.4754371643066406,0.013919218531194722,2.770296823065674,0.3644859813084112,0.5700934579439252,0.06323943363880717,72.52087895609098,68097.78310499332,0.0,0.0,0.8810438521408525,939.0093457943925,664.4331642981095,0.707589511514399,0.6448598130841121,0.0,0.24970412254333496,1.7425765328160376,1.0,0.0009298324584960938
FLOW-EMAIL-0169,EMAIL,PROFILE-01-TUNNEL-AES256GCM-PFS-IPV4,4493256,38.3,True,31.0,31,AES-GCM,TUNNEL,4,False,False,"{""message_bytes"": 15000, ""operation"": ""SMTP_SUBMIT""}",31.0,21142.0,2.0304901599884033,0.06768300533294677,1.1713156765608141,0.45161290322580644,0.3225806451612903,0.15177598605360645,15.267249559178879,10412.264199359995,0.0,0.0,0.7364487749503358,682.0,595.6487382298722,0.8733852466713667,0.5806451612903226,0.0,0.2402629852294922,2.4351625570916986,1.0,0.03306007385253906
FLOW-EMAIL-0170,EMAIL,PROFILE-02-TRANSPORT-AES128CBC-PFS-IPV4,8239649,16.3,False,118.0,118,AES-CBC,TRANSPORT,4,False,False,"{""message_bytes"": 96840, ""operation"": ""IMAP_FETCH""}",118.0,110892.0,1.6579058170318604,0.0141701351883065,3.240677283252662,0.3728813559322034,0.5847457627118644,20.219288174512055,71.17412749733562,66886.79107147917,0.0,0.0,0.9057461313710637,939.7627118644068,664.8262252619367,0.7074405239413891,0.3474576271186441,0.0,0.28731513023376465,1.607025522962736,1.0,0.00029397010803222656
FLOW-EMAIL-0171,EMAIL,PROFILE-03-TUNNEL-AES128GCM-NOPFS-IPV4,4146906,34.7,True,122.0,122,AES-GCM,TUNNEL,4,False,False,"{""message_bytes"": 98245, ""operation"": ""SMTP_SUBMIT""}",122.0,114412.0,1.9305830001831055,0.015955231406471947,2.6720505278846325,0.3524590163934426,0.5737704918032787,0.0555002029595188,63.19334625262366,59262.92730700966,0.0,0.0,0.8948362059923783,937.8032786885246,666.6372380855762,0.7108497626686038,0.6557377049180327,0.0,0.20464205741882324,1.6701307988080083,1.0,0.0008158683776855469
FLOW-EMAIL-0172,EMAIL,PROFILE-04-TRANSPORT-AES256CBC-PFS-IPV6,6340075,10.8,True,35.0,35,AES-CBC,TRANSPORT,6,False,False,"{""message_bytes"": 16908, ""operation"": ""IMAP_FETCH""}",35.0,24322.0,2.0674800872802734,0.060808237861184514,1.2375586828323606,0.4857142857142857,0.34285714285714286,6.082702387885847,16.928820845883823,11764.079446102467,0.0,0.0,0.7176219060932489,694.9142857142857,615.6029040787607,0.8858688283347022,0.42857142857142855,0.0,0.2624630928039551,2.3708448042597,1.0,0.0014090538024902344
FLOW-EMAIL-0173,EMAIL,PROFILE-05-TUNNEL-3DESCBC-NOPFS-IPV4,9650114,46.5,True,177.0,177,3DES,TUNNEL,4,False,False,"{""message_bytes"": 152502, ""operation"": ""SMTP_SUBMIT""}",177.0,173838.0,1.7965450286865234,0.010207642208446156,3.8506176712274907,0.3672316384180791,0.615819209039548,0.04786073370384212,98.52244011351439,96762.39516640178,0.0,0.0,0.9086505827264464,982.1355932203389,668.2404788298016,0.680395337917342,0.6497175141242938,0.0,0.27913403511047363,1.4525981866531545,1.0,0.0006649494171142578
FLOW-EMAIL-0174,EMAIL,PROFILE-06-TUNNEL-AES256GCM-PFS-IPV6,7846029,11.1,True,59.0,59,AES-GCM,TUNNEL,6,False,False,"{""message_bytes"": 34726, ""operation"": ""IMAP_FETCH""}",59.0,47126.0,2.3319919109344482,0.04020675708507669,1.371419342640768,0.3728813559322034,0.423728813559322,9.380176211453744,25.300259286216058,20208.474900376576,0.0,0.0,0.8073250435004031,798.7457627118644,640.5105906379173,0.8018954472613233,0.3728813559322034,0.0,0.18219304084777832,2.4028790525504498,1.0,0.0015988349914550781
FLOW-EMAIL-0175,EMAIL,PROFILE-09-TUNNEL-NATT-CHACHA-IPV4,8296328,56.9,True,424.0,424,CHACHA20,TUNNEL,4,False,True,"{""message_bytes"": 373557, ""operation"": ""IMAP_FETCH""}",424.0,427528.0,2.628335952758789,0.006213560172006594,4.327631803252011,0.3490566037735849,0.6297169811320755,21.637297469024674,161.31879927866734,162661.09343870304,0.0,0.0,0.911650231095975,1008.3207547169811,664.7551762011518,0.6592695559338532,0.3419811320754717,0.0,0.20833206176757812,1.311360986227558,1.0,0.0003719329833984375
FLOW-EMAIL-0176,EMAIL,PROFILE-01-TUNNEL-AES256GCM-PFS-IPV4,3435400,10.8,False,39.0,39,AES-GCM,TUNNEL,4,False,False,"{""message_bytes"": 23689, ""operation"": ""IMAP_FETCH""}",39.0,30702.0,1.4196889400482178,0.037360235264426785,1.5891849554174746,0.38461538461538464,0.4358974358974359,10.58566037735849,27.470806385711096,21625.864042412875,0.0,0.0,0.8273728095889519,787.2307692307693,635.9023655722896,0.8077712284971432,0.38461538461538464,0.0,0.20338010787963867,2.2686974892621654,1.0,0.0017969608306884766
FLOW-EMAIL-0177,EMAIL,PROFILE-02-TRANSPORT-AES128CBC-PFS-IPV4,634297,50.8,False,134.0,134,AES-CBC,TRANSPORT,4,False,False,"{""message_bytes"": 105473, ""operation"": ""IMAP_FETCH""}",134.0,122028.0,2.0795738697052,0.015635893757181957,2.7267969999840003,0.3880597014925373,0.5597014925373134,17.483489851560133,64.43627800487597,58679.329346111976,0.0,0.0,0.8917953256629626,910.6567164179105,665.3597288110743,0.7306372607982099,0.3656716417910448,0.0,0.24516606330871582,1.7294326806739806,1.0,0.0007278919219970703
FLOW-EMAIL-0178,EMAIL,PROFILE-03-TUNNEL-AES128GCM-NOPFS-IPV4,178256,24.9,True,684.0,684,AES-GCM,TUNNEL,4,False,False,"{""message_bytes"": 620502, ""operation"": ""SMTP_SUBMIT""}",684.0,698720.0,2.424952983856201,0.00355044360740293,6.584440604997537,0.34210526315789475,0.6476608187134503,0.040102414480931256,282.06732441974674,288137.54520258104,0.0,0.0,0.9228875658346692,1021.5204678362574,662.9740924364124,0.6490071548352789,0.6637426900584795,0.0,0.2666130065917969,1.138876417794328,1.0,0.0004107952117919922
FLOW-EMAIL-0179,EMAIL,PROFILE-04-TRANSPORT-AES256CBC-PFS-IPV6,7921406,19.1,True,35.0,35,AES-CBC,TRANSPORT,6,False,False,"{""message_bytes"": 17940, ""operation"": ""IMAP_FETCH""}",35.0,26034.0,2.01322603225708,0.059212530360502356,1.3365597615013722,0.37142857142857144,0.37142857142857144,6.276131917272219,17.385032499684396,12931.48388847953,0.0,0.0,0.7251286778827687,743.8285714285714,606.2503719334017,0.8150404477863201,0.42857142857142855,0.0,0.28276896476745605,2.56789043146655,1.0,0.0014910697937011719
FLOW-EMAIL-0180,EMAIL,PROFILE-05-TUNNEL-3DESCBC-NOPFS-IPV4,1342381,41.5,True,164.0,164,3DES,TUNNEL,4,False,False,"{""message_bytes"": 132524, ""operation"": ""IMAP_FETCH""}",164.0,153320.0,2.036159038543701,0.012491773242599393,2.887638540725349,0.4024390243902439,0.573170731707317,18.55113491456261,80.54380669463612,75298.6368440342,0.0,0.0,0.8977041481867989,934.8780487804878,671.3806740725743,0.7181478642571235,0.3597560975609756,0.0,0.2176201343536377,1.6577925479358637,1.0,0.0004680156707763672
FLOW-EMAIL-0181,EMAIL,PROFILE-06-TUNNEL-AES256GCM-PFS-IPV6,8411523,28.4,True,91.0,91,AES-GCM,TUNNEL,6,False,False,"{""message_bytes"": 63507, ""operation"": ""IMAP_FETCH""}",91.0,80570.0,2.387202024459839,0.026524466938442653,2.1013206322767175,0.37362637362637363,0.4945054945054945,10.762043795620437,38.11994086281445,33750.80917930726,0.0,0.0,0.829961524140499,885.3846153846154,662.2598469016964,0.7479911389854086,0.38461538461538464,0.0,0.27706193923950195,2.0685715430160823,1.0,0.0005960464477539062
FLOW-EMAIL-0182,EMAIL,PROFILE-09-TUNNEL-NATT-CHACHA-IPV4,762653,6.2,True,182.0,182,CHACHA20,TUNNEL,4,False,True,"{""message_bytes"": 148688, ""operation"": ""IMAP_FETCH""}",182.0,173696.0,2.022493839263916,0.011173999111955338,3.0016243099927644,0.3626373626373626,0.5824175824175825,17.59700214132762,89.98791317269904,85882.0910244238,0.0,0.0,0.8924557848194546,954.3736263736264,667.8614985777025,0.699790396676618,0.3516483516483517,0.0,0.1810741424560547,1.6154493151385019,1.0,0.0003120899200439453
FLOW-EMAIL-0183,EMAIL,PROFILE-01-TUNNEL-AES256GCM-PFS-IPV4,2113249,52.0,True,92.0,92,AES-GCM,TUNNEL,4,False,False,"{""message_bytes"": 64654, ""operation"": ""SMTP_SUBMIT""}",92.0,78616.0,1.8178858757019043,0.019976767864856092,2.209790523520945,0.358695652173913,0.5,0.08349182722787288,50.608237420007384,43245.839054470656,0.0,0.0,0.8458837895593773,854.5217391304348,659.6439665235247,0.7719452136990469,0.6195652173913043,0.0,0.2542378902435303,2.0167220817966673,1.0,0.00030612945556640625
FLOW-EMAIL-0184,EMAIL,PROFILE-02-TRANSPORT-AES128CBC-PFS-IPV4,9426522,26.3,False,474.0,474,AES-CBC,TRANSPORT,4,False,False,"{""message_bytes"": 429217, ""operation"": ""IMAP_FETCH""}",474.0,479092.0,2.137791872024536,0.004519644549734749,3.8286226886051695,0.3459915611814346,0.6455696202531646,25.663624220837043,221.7241099111821,224106.0068893841,0.0,0.0,0.9249914421447237,1010.7426160337553,659.175796902352,0.6521697872886937,0.33755274261603374,0.0,0.14742088317871094,1.1613329023785748,1.0,0.0019102096557617188
FLOW-EMAIL-0185,EMAIL,PROFILE-03-TUNNEL-AES128GCM-NOPFS-IPV4,5319324,25.1,True,158.0,158,AES-GCM,TUNNEL,4,False,False,"{""message_bytes"": 135096, ""operation"": ""IMAP_FETCH""}",158.0,154132.0,1.2279698848724365,0.007821464234856284,3.4608912661156896,0.379746835443038,0.6075949367088608,20.862695035460995,128.6676505233785,125517.73614221124,0.0,0.0,0.9085199698959333,975.5189873417721,668.0757339915447,0.6848413435929207,0.34810126582278483,0.0,0.14721202850341797,1.4389644693137285,1.0,0.0006399154663085938
FLOW-EMAIL-0186,EMAIL,PROFILE-04-TRANSPORT-AES256CBC-PFS-IPV6,7913930,12.1,True,75.0,75,AES-CBC,TRANSPORT,6,False,False,"{""message_bytes"": 57289, ""operation"": ""IMAP_FETCH""}",75.0,70034.0,1.777972936630249,0.024026661305814177,2.2979905877614493,0.41333333333333333,0.5466666666666666,13.298489179256839,42.182869297294125,39389.800911555954,0.0,0.0,0.8601250821029786,933.7866666666666,666.9805852913229,0.7142751220385701,0.36,0.0,0.2030489444732666,1.8496840082024744,1.0,0.00044608116149902344
FLOW-EMAIL-0187,EMAIL,PROFILE-05-TUNNEL-3DESCBC-NOPFS-IPV4,1619810,32.7,False,349.0,349,3DES,TUNNEL,4,False,False,"{""message_bytes"": 302661, ""operation"": ""IMAP_FETCH""}",349.0,344694.0,3.165663003921509,0.009096732769889393,4.06655589179562,0.3524355300859599,0.6189111747851003,22.268124746861076,110.24546819028792,108885.24759995159,0.0,0.0,0.9140455012271754,987.6618911174785,667.1306992809348,0.6754646557498716,0.3467048710601719,0.0,0.27342796325683594,1.3807474608335473,1.0,0.0003190040588378906
FLOW-EMAIL-0188,EMAIL,PROFILE-06-TUNNEL-AES256GCM-PFS-IPV6,999821,31.0,False,630.0,630,AES-GCM,TUNNEL,6,False,False,"{""message_bytes"": 568735, ""operation"": ""SMTP_SUBMIT""}",630.0,666352.0,2.6231439113616943,0.004170340081656112,5.494086279444232,0.3380952380952381,0.6444444444444445,0.05388418458852221,240.16981960892954,254027.99942230067,0.0,0.0,0.8977417340984944,1057.7015873015873,663.5801980196726,0.6273794102102098,0.6587301587301587,0.0,0.252701997756958,1.1700797119991795,1.0,0.0005559921264648438
FLOW-EMAIL-0189,EMAIL,PROFILE-09-TUNNEL-NATT-CHACHA-IPV4,634308,9.5,True,104.0,104,CHACHA20,TUNNEL,4,False,True,"{""message_bytes"": 76647, ""operation"": ""IMAP_FETCH""}",104.0,92136.0,2.378460168838501,0.023091846299402922,2.130075229650046,0.3942307692307692,0.5192307692307693,14.000976880494953,43.72576903433596,38737.66784372671,0.0,0.0,0.8666753494833724,885.9230769230769,666.5015392143875,0.752324390881917,0.375,0.0,0.21922707557678223,1.9353996849021355,1.0,0.0014078617095947266
FLOW-EMAIL-0190,EMAIL,PROFILE-01-TUNNEL-AES256GCM-PFS-IPV4,3367041,33.7,False,545.0,545,AES-GCM,TUNNEL,4,False,False,"{""message_bytes"": 487717, ""operation"": ""IMAP_FETCH""}",545.0,551154.0,2.673382043838501,0.0049143052276443035,5.21721780712639,0.344954128440367,0.6385321100917432,24.10494670675048,203.86162211872903,206163.57518757062,0.0,0.0,0.920334425587041,1011.291743119266,664.0294712881067,0.6566151417789188,0.3394495412844037,0.0,0.26958703994750977,1.231686442162497,1.0,0.0005409717559814453
FLOW-EMAIL-0191,EMAIL,PROFILE-02-TRANSPORT-AES128CBC-PFS-IPV4,807207,29.4,False,659.0,659,AES-CBC,TRANSPORT,4,False,False,"{""message_bytes"": 592976, ""operation"": ""IMAP_FETCH""}",659.0,663326.0,2.326046943664551,0.003535025750250077,5.644652996726092,0.34294385432473445,0.6418816388467374,24.90510036710146,283.31328471031804,285173.0924032723,0.0,0.0,0.9227951263782815,1006.5644916540213,659.384840011413,0.6550845429962359,0.33839150227617604,0.0,0.2757558822631836,1.1942564217821532,1.0,0.00041604042053222656
FLOW-EMAIL-0192,EMAIL,PROFILE-03-TUNNEL-AES128GCM-NOPFS-IPV4,6033816,37.1,False,67.0,67,AES-GCM,TUNNEL,4,False,False,"{""message_bytes"": 42084, ""operation"": ""IMAP_FETCH""}",67.0,53014.0,2.2273831367492676,0.033748229344685875,1.568898696248993,0.43283582089552236,0.44776119402985076,10.913258426966292,30.080141532265745,23801.024226739348,0.0,0.0,0.8321198174067228,791.2537313432836,651.5437315544277,0.8234321125390776,0.373134328358209,0.0,0.19473981857299805,2.2840908960121418,1.0,0.0022029876708984375
FLOW-EMAIL-0193,EMAIL,PROFILE-04-TRANSPORT-AES256CBC-PFS-IPV6,6568887,22.4,False,467.0,467,AES-CBC,TRANSPORT,6,False,False,"{""message_bytes"": 418140, ""operation"": ""IMAP_FETCH""}",467.0,488802.0,2.1747028827667236,0.004666744383619578,4.906397361294546,0.3426124197002141,0.6381156316916489,18.406145783706528,214.74197864025834,224767.25619553652,0.0,0.0,0.8969398652215007,1046.6852248394005,659.9657195822116,0.6305293166658336,0.33832976445396146,0.0,0.2034909725189209,1.2260533176498112,1.0,0.0004050731658935547
FLOW-EMAIL-0194,EMAIL,PROFILE-05-TUNNEL-3DESCBC-NOPFS-IPV4,2209262,35.4,False,88.0,88,3DES,TUNNEL,4,False,False,"{""message_bytes"": 62550, ""operation"": ""IMAP_FETCH""}",88.0,75512.0,2.34724497795105,0.026979827332770687,1.9607471483087604,0.42045454545454547,0.5,13.893885601577908,37.490760796862666,32170.481014689703,0.0,0.0,0.8657167072783134,858.0909090909091,661.4408452277021,0.7708284031682088,0.375,0.0,0.18812322616577148,2.0805448363791665,1.0,0.0004520416259765625
FLOW-EMAIL-0195,EMAIL,PROFILE-06-TUNNEL-AES256GCM-PFS-IPV6,2388310,28.1,False,260.0,260,AES-GCM,TUNNEL,6,False,False,"{""message_bytes"": 222363, ""operation"": ""IMAP_FETCH""}",260.0,264796.0,2.7198920249938965,0.010501513610015044,3.444453350088528,0.34615384615384615,0.6115384615384616,17.045250102221615,95.59202998162526,97355.33527313247,0.0,0.0,0.8891675100832339,1018.4461538461538,666.7746368386862,0.6546979772279733,0.3423076923076923,0.0,0.2116079330444336,1.4544311430154542,1.0,0.000537872314453125
FLOW-EMAIL-0196,EMAIL,PROFILE-09-TUNNEL-NATT-CHACHA-IPV4,5190805,35.9,False,213.0,213,CHACHA20,TUNNEL,4,False,True,"{""message_bytes"": 181625, ""operation"": ""IMAP_FETCH""}",213.0,209526.0,1.9986701011657715,0.009427689156442319,3.4607690825430057,0.3615023474178404,0.6056338028169014,20.07483403741702,106.5708642340538,104832.70844837726,0.0,0.0,0.9051000830445863,983.6901408450705,666.9943216505404,0.6780532750664123,0.3427230046948357,0.0,0.1784379482269287,1.4733168441353843,1.0,0.0002970695495605469
FLOW-EMAIL-0197,EMAIL,PROFILE-01-TUNNEL-AES256GCM-PFS-IPV4,7268570,28.8,True,97.0,97,AES-GCM,TUNNEL,4,False,False,"{""message_bytes"": 70855, ""operation"": ""IMAP_FETCH""}",97.0,85014.0,1.9141318798065186,0.01993887374798457,2.2026651639914965,0.3917525773195876,0.5154639175257731,13.72358850017319,50.67571415706467,44413.86766338861,0.0,0.0,0.8641635495330181,876.4329896907217,661.5000901140972,0.7547640240556547,0.36082474226804123,0.0,0.20525097846984863,2.0053428193174527,1.0,0.0003600120544433594
FLOW-EMAIL-0198,EMAIL,PROFILE-02-TRANSPORT-AES128CBC-PFS-IPV4,1745524,20.5,False,63.0,63,AES-CBC,TRANSPORT,4,False,False,"{""message_bytes"": 37187, ""operation"": ""SMTP_SUBMIT""}",63.0,47334.0,2.680994987487793,0.04324185463689988,1.5089991117929045,0.4444444444444444,0.4126984126984127,0.11143984220907298,23.498738451217207,17655.385489681197,0.0,0.0,0.7994676131322094,751.3333333333334,636.0832530116676,0.8466059268123348,0.6031746031746031,0.0,0.25396180152893066,2.406038916030715,1.0,0.0018110275268554688
FLOW-EMAIL-0199,EMAIL,PROFILE-03-TUNNEL-AES128GCM-NOPFS-IPV4,8165580,17.4,True,46.0,46,AES-GCM,TUNNEL,4,False,False,"{""message_bytes"": 27416, ""operation"": ""SMTP_SUBMIT""}",46.0,34732.0,1.8733370304107666,0.04162971178690592,1.5716440920667534,0.5,0.41304347826086957,0.10724305024228513,24.555111682126725,18540.17693355707,0.0,0.0,0.8062881492571692,755.0434782608696,645.7370226783245,0.8552315744328839,0.6086956521739131,0.0,0.2762470245361328,2.324666637509722,1.0,0.0011718273162841797
FLOW-EMAIL-0200,EMAIL,PROFILE-04-TRANSPORT-AES256CBC-PFS-IPV6,1792586,10.4,True,100.0,100,AES-CBC,TRANSPORT,6,False,False,"{""message_bytes"": 71844, ""operation"": ""IMAP_FETCH""}",100.0,90424.0,2.5777440071105957,0.026037818253642382,2.1417112794959694,0.33,0.51,10.95136135342321,38.79361167135073,35078.735417702184,0.0,0.0,0.8326550473325666,904.24,655.3792965909132,0.7247846772880133,0.37,0.0,0.27442312240600586,1.9444193196751056,1.0,0.000308990478515625
FLOW-WEB_BROWSING-0001,WEB_BROWSING,PROFILE-01-TUNNEL-AES256GCM-PFS-IPV4,6932766,59.2,True,2753.0,2753,AES-GCM,TUNNEL,4,False,False,"{""pages"": 7}",2753.0,2783474.0,49.762845039367676,0.018082429156746974,19.85386794483633,0.32183073011260444,0.6171449328005811,16.002467778388613,55.32239963012737,55934.78423104582,6.967674533526103,0.0,0.8823700167488542,1011.069378859426,648.8770718110328,0.6417730428578724,0.3512531783508899,0.002180232558139535,11.204406976699829,1.5065291974030972,7.0,0.0003540515899658203
FLOW-WEB_BROWSING-0002,WEB_BROWSING,PROFILE-02-TRANSPORT-AES128CBC-PFS-IPV4,4857724,27.3,True,1153.0,1153,AES-CBC,TRANSPORT,4,False,False,"{""pages"": 3}",1153.0,1174298.0,21.642559051513672,0.01878694362110562,23.133797917434816,0.32350390286209885,0.6331309627059843,18.13908990155812,53.274661155163145,54258.74071568584,9.651922583580017,0.0,0.8955018232169347,1018.4718126626193,646.45744850433,0.6347327834378433,0.34518647007805725,0.001736111111111111,13.622809171676636,1.324182711174383,3.0,0.0002760887145996094
FLOW-WEB_BROWSING-0003,WEB_BROWSING,PROFILE-03-TUNNEL-AES128GCM-NOPFS-IPV4,8455943,15.3,True,1310.0,1310,AES-GCM,TUNNEL,4,False,False,"{""pages"": 2}",1310.0,1340280.0,15.670961141586304,0.011971704462632776,30.438573706732797,0.32748091603053436,0.6374045801526718,18.96544019067481,83.59410684285535,85526.34314453602,0.0,0.0,0.8998269018414062,1023.1145038167939,653.9449219427269,0.6391708059099384,0.34580152671755726,0.0007639419404125286,13.18474292755127,1.3236788243192161,2.0,0.0002601146697998047
FLOW-WEB_BROWSING-0004,WEB_BROWSING,PROFILE-04-TRANSPORT-AES256CBC-PFS-IPV6,4654246,53.8,False,1354.0,1354,AES-CBC,TRANSPORT,6,False,False,"{""pages"": 5}",1354.0,1408124.0,45.88714289665222,0.03391510931016424,17.156797329935994,0.3175775480059084,0.6100443131462334,12.147013239220959,29.507175965378824,30686.678470511884,10.36729371547699,0.0,0.8478741928977845,1039.97341211226,643.4577057478563,0.6187251503295146,0.3567208271787297,0.0029563932002956393,13.074537992477417,1.598055973659339,5.0,0.00034999847412109375
FLOW-WEB_BROWSING-0005,WEB_BROWSING,PROFILE-05-TUNNEL-3DESCBC-NOPFS-IPV4,64091,25.8,True,1383.0,1383,3DES,TUNNEL,4,False,False,"{""pages"": 4}",1383.0,1411706.0,23.559454202651978,0.017047361941137467,19.599720191489205,0.32176428054953,0.6283441793203182,16.369284905753236,58.70254837416064,59920.9976537186,6.505829970041911,0.0,0.8848542118543096,1020.7563268257411,649.0631442376165,0.6358649240568671,0.3485177151120752,0.002170767004341534,10.627592086791992,1.4745613537483233,4.0,0.00047397613525390625
FLOW-WEB_BROWSING-0006,WEB_BROWSING,PROFILE-06-TUNNEL-AES256GCM-PFS-IPV6,2551471,20.7,True,1235.0,1235,AES-GCM,TUNNEL,6,False,False,"{""pages"": 3}",1235.0,1313862.0,19.316850185394287,0.015653849420902987,21.37838619813272,0.3230769230769231,0.6364372469635627,14.563766021464616,63.93381882382662,68016.368475717,8.311513543128967,0.0,0.8714963976429793,1063.8558704453442,651.5340144146104,0.6124269579316882,0.345748987854251,0.0016207455429497568,8.593721151351929,1.3966279621746234,3.0,0.00025582313537597656
FLOW-WEB_BROWSING-0007,WEB_BROWSING,PROFILE-09-TUNNEL-NATT-CHACHA-IPV4,9467255,7.1,False,210.0,210,CHACHA20,TUNNEL,4,False,True,"{""pages"": 1}",210.0,212364.0,0.764265775680542,0.003656774046318383,3.888732674565517,0.3047619047619048,0.6,13.12934131736527,274.77352340290923,277866.6882092163,0.0,0.0,0.858450584844889,1011.2571428571429,639.5371693814262,0.6324179501709306,0.35714285714285715,0.0,0.11175394058227539,1.648387815321839,1.0,0.0003151893615722656
FLOW-WEB_BROWSING-0008,WEB_BROWSING,PROFILE-01-TUNNEL-AES256GCM-PFS-IPV4,1821063,54.0,False,3036.0,3036,AES-GCM,TUNNEL,4,False,False,"{""pages"": 8}",3036.0,3079896.0,48.809531927108765,0.016082218097894157,18.990656956942008,0.322463768115942,0.6228590250329381,16.64396933970371,62.20096526502047,63100.297798377964,5.794614383152553,0.0,0.8866468218407375,1014.4584980237154,650.1730594010129,0.6409065138373098,0.35013175230566534,0.0023064250411861617,11.870956897735596,1.4616939703835272,8.0,0.0003428459167480469
FLOW-WEB_BROWSING-0009,WEB_BROWSING,PROFILE-02-TRANSPORT-AES128CBC-PFS-IPV4,4170853,56.9,True,2093.0,2093,AES-CBC,TRANSPORT,4,False,False,"{""pages"": 7}",2093.0,2096850.0,56.586594104766846,0.02704904115906637,17.888278406977907,0.3167701863354037,0.6153846153846154,15.899995164176218,36.987559211019665,37055.59652729412,8.279672702153524,0.0,0.8816567708705916,1001.8394648829432,643.7462063902623,0.6425642320503703,0.3521261347348304,0.0028680688336520078,13.89109492301941,1.5416950893847339,7.0,0.00037407875061035156
FLOW-WEB_BROWSING-0010,WEB_BROWSING,PROFILE-03-TUNNEL-AES128GCM-NOPFS-IPV4,3697856,38.1,True,1535.0,1535,AES-GCM,TUNNEL,4,False,False,"{""pages"": 3}",1535.0,1577138.0,28.11365795135498,0.01832702604390807,24.848508400660183,0.3270358306188925,0.6436482084690553,20.13899313746515,54.599796392771374,56098.64083602779,12.563642978668213,0.0,0.9053881144199176,1027.4514657980455,654.2642555178667,0.636783611973033,0.34267100977198695,0.001303780964797914,13.736301898956299,1.275357355909921,3.0,0.00037288665771484375
FLOW-WEB_BROWSING-0011,WEB_BROWSING,PROFILE-04-TRANSPORT-AES256CBC-PFS-IPV6,7375569,16.8,False,1068.0,1068,AES-CBC,TRANSPORT,6,False,False,"{""pages"": 2}",1068.0,1141640.0,11.737303018569946,0.011000283991162086,29.428830909210973,0.32865168539325845,0.653558052434457,17.733836560551364,90.99194238321057,97265.95608836002,0.0,0.0,0.8932413019866158,1068.9513108614233,653.1922028079858,0.6110588912432368,0.3389513108614232,0.0009372071227741331,10.5780508518219,1.1232203457170902,2.0,0.0002970695495605469
FLOW-WEB_BROWSING-0012,WEB_BROWSING,PROFILE-05-TUNNEL-3DESCBC-NOPFS-IPV4,2431688,44.6,True,601.0,601,3DES,TUNNEL,4,False,False,"{""pages"": 4}",601.0,603766.0,31.994768857955933,0.053324614763259885,14.081024904965524,0.31114808652246256,0.5990016638935108,12.50102862254025,18.784320732811082,18870.772365335135,9.76991605758667,0.0,0.8518631390306841,1004.6023294509151,639.3070004777029,0.6363781784451251,0.3594009983361065,0.005,12.755798101425171,1.7318685284316722,4.0,0.0003769397735595703
FLOW-WEB_BROWSING-0013,WEB_BROWSING,PROFILE-06-TUNNEL-AES256GCM-PFS-IPV6,6092981,35.1,True,1421.0,1421,AES-GCM,TUNNEL,6,False,False,"{""pages"": 5}",1421.0,1502326.0,35.3240110874176,0.024876064146068733,17.023459306392486,0.3223082336382829,0.6263194933145672,13.487511813149723,40.227594665945496,42529.88133997976,7.791209816932678,0.0,0.8619500694256772,1057.231527093596,649.2607656023754,0.6141140790487387,0.3497536945812808,0.0028169014084507044,10.101658821105957,1.4778428129178416,5.0,0.0003418922424316406
FLOW-WEB_BROWSING-0014,WEB_BROWSING,PROFILE-09-TUNNEL-NATT-CHACHA-IPV4,608710,45.8,False,2455.0,2455,CHACHA20,TUNNEL,4,False,True,"{""pages"": 6}",2455.0,2517126.0,41.719671964645386,0.017000681322186385,21.958718731215374,0.32423625254582483,0.6293279022403259,16.82237988019882,58.845141497767465,60334.27113552319,7.084229421615601,0.0,0.8877815413292779,1025.3059063136457,651.6091294184677,0.6355265539835264,0.34826883910386963,0.002037489812550937,14.453557014465332,1.4252423329764594,6.0,0.00027108192443847656
FLOW-WEB_BROWSING-0015,WEB_BROWSING,PROFILE-01-TUNNEL-AES256GCM-PFS-IPV4,4259614,49.0,True,1701.0,1701,AES-GCM,TUNNEL,4,False,False,"{""pages"": 5}",1701.0,1730914.0,43.359769105911255,0.025505746532888972,19.32301387621233,0.32157554379776604,0.6249265138154027,16.029850452577726,39.2299136982282,39919.81589597588,9.637197971343994,0.0,0.882559156607434,1017.586125808348,648.4948995209065,0.6372874816917894,0.35038212815990594,0.002352941176470588,13.552753925323486,1.49369827721355,5.0,0.00043392181396484375
FLOW-WEB_BROWSING-0016,WEB_BROWSING,PROFILE-02-TRANSPORT-AES128CBC-PFS-IPV4,5873830,24.1,True,714.0,714,AES-CBC,TRANSPORT,4,False,False,"{""pages"": 2}",714.0,723028.0,12.990174055099487,0.018219037945441077,22.84074166723714,0.3235294117647059,0.6274509803921569,17.010860900757272,54.964621487862864,55659.608326507725,0.0,0.0,0.888955891058161,1012.6442577030813,645.6554045763266,0.6375935079519703,0.3473389355742297,0.001402524544179523,11.116066932678223,1.3857798564310315,2.0,0.00024008750915527344
FLOW-WEB_BROWSING-0017,WEB_BROWSING,PROFILE-03-TUNNEL-AES128GCM-NOPFS-IPV4,2860788,29.2,True,1666.0,1666,AES-GCM,TUNNEL,4,False,False,"{""pages"": 3}",1666.0,1708540.0,25.143168926239014,0.015101002358101509,25.05118229263872,0.32533013205282113,0.6380552220888356,18.52840324608527,66.26054197414189,67952.45281182496,10.657914400100708,0.0,0.8975850726351153,1025.5342136854742,652.3143867442785,0.6360727687475669,0.34513805522208885,0.0012012012012012011,13.024972915649414,1.3303817629223873,3.0,0.0003561973571777344
FLOW-WEB_BROWSING-0018,WEB_BROWSING,PROFILE-04-TRANSPORT-AES256CBC-PFS-IPV6,9932490,54.2,False,2536.0,2536,AES-CBC,TRANSPORT,6,False,False,"{""pages"": 7}",2536.0,2685824.0,50.030237913131714,0.019735794048572668,19.057543118305805,0.32334384858044163,0.636435331230284,14.967088758099994,50.68934519966298,53684.01414887209,7.387277801831563,0.0,0.8747423509507697,1059.0788643533124,647.6558239802928,0.6115274752232546,0.34503154574132494,0.002366863905325444,9.94874095916748,1.3621038108581476,7.0,0.0003230571746826172
FLOW-WEB_BROWSING-0019,WEB_BROWSING,PROFILE-05-TUNNEL-3DESCBC-NOPFS-IPV4,6440242,46.8,True,2425.0,2425,3DES,TUNNEL,4,False,False,"{""pages"": 7}",2425.0,2467254.0,44.280097007751465,0.018267366752372716,19.373290164745235,0.3224742268041237,0.625979381443299,16.790729871216165,54.765011006536206,55719.25462512185,6.298438707987468,0.0,0.8875819027955776,1017.4243298969072,650.0765037815822,0.6389433441673767,0.3492783505154639,0.0024752475247524753,12.777436971664429,1.4603984155083447,7.0,0.0003230571746826172
FLOW-WEB_BROWSING-0020,WEB_BROWSING,PROFILE-06-TUNNEL-AES256GCM-PFS-IPV6,9954434,29.6,True,1226.0,1226,AES-GCM,TUNNEL,6,False,False,"{""pages"": 3}",1226.0,1303388.0,23.876102924346924,0.019490696264773,23.610053773693984,0.32463295269168024,0.634584013050571,14.579584030600047,51.34841326009799,54589.645727775365,10.552994012832642,0.0,0.8716268678244697,1063.1223491027733,651.645992005573,0.6129548424558401,0.3458401305057096,0.0016326530612244899,14.85188913345337,1.3554748816314643,3.0,0.0003330707550048828
FLOW-WEB_BROWSING-0021,WEB_BROWSING,PROFILE-09-TUNNEL-NATT-CHACHA-IPV4,6454113,41.9,True,1990.0,1990,CHACHA20,TUNNEL,4,False,True,"{""pages"": 4}",1990.0,2051356.0,37.77213382720947,0.01899051474470059,23.085779431105813,0.3246231155778894,0.6336683417085427,17.354682271254987,52.684341559927624,54308.71365075723,10.961403687795004,0.0,0.8910359781529876,1030.83216080402,651.8498817307583,0.6323530701858717,0.34623115577889446,0.0015082956259426848,13.400707960128784,1.36618283883237,4.0,0.0003380775451660156
FLOW-WEB_BROWSING-0022,WEB_BROWSING,PROFILE-01-TUNNEL-AES256GCM-PFS-IPV4,9717410,16.0,True,687.0,687,AES-GCM,TUNNEL,4,False,False,"{""pages"": 2}",687.0,697938.0,16.432440996170044,0.023953995621239132,23.220935314434968,0.31877729257641924,0.6215429403202329,16.87751024590164,41.80754400153459,42473.17852306121,0.0,0.0,0.8881275987265345,1015.9213973799127,649.1890448450354,0.6390150325795977,0.34934497816593885,0.0014577259475218659,14.577828168869019,1.4437362365262283,2.0,0.00030112266540527344
FLOW-WEB_BROWSING-0023,WEB_BROWSING,PROFILE-02-TRANSPORT-AES128CBC-PFS-IPV4,8852229,6.3,True,943.0,943,AES-CBC,TRANSPORT,4,False,False,"{""pages"": 2}",943.0,964774.0,6.751730918884277,0.007167442589049127,24.155510140153307,0.3255567338282078,0.6468716861081655,20.587174438378234,139.66788832808382,142892.8391239011,0.0,0.0,0.9073523954832945,1023.0901378579003,649.0470960680804,0.6343987416661309,0.34146341463414637,0.0010615711252653928,5.311382055282593,1.240935159049683,2.0,0.0003380775451660156
FLOW-WEB_BROWSING-0024,WEB_BROWSING,PROFILE-03-TUNNEL-AES128GCM-NOPFS-IPV4,4089133,35.0,True,667.0,667,AES-GCM,TUNNEL,4,False,False,"{""pages"": 4}",667.0,676266.0,26.103477954864502,0.03919441134364039,14.371603600631998,0.31334332833583206,0.6086956521739131,14.293215739484395,25.55215060434893,25907.122459671118,7.884862025578816,0.0,0.8692230571993861,1013.8920539730135,642.0184720727189,0.6332217217374575,0.3538230884557721,0.0045045045045045045,12.020915031433105,1.6200639304251698,4.0,0.00036907196044921875
FLOW-WEB_BROWSING-0025,WEB_BROWSING,PROFILE-04-TRANSPORT-AES256CBC-PFS-IPV6,1527977,59.9,True,2316.0,2316,AES-CBC,TRANSPORT,6,False,False,"{""pages"": 6}",2316.0,2441400.0,53.592427015304565,0.023150076464494414,20.223089245765347,0.32426597582037997,0.6308290155440415,14.444274345576234,43.21506095140293,45554.94378530014,9.53967456817627,0.0,0.8705021708855575,1054.1450777202072,648.0143122652637,0.6147297236038137,0.34758203799654575,0.0021598272138228943,14.134335994720459,1.4069042787029205,6.0,0.0004260540008544922
FLOW-WEB_BROWSING-0026,WEB_BROWSING,PROFILE-05-TUNNEL-3DESCBC-NOPFS-IPV4,6213824,50.1,False,2231.0,2231,3DES,TUNNEL,4,False,False,"{""pages"": 6}",2231.0,2294394.0,47.55561113357544,0.02132538615855401,20.643204839266676,0.3227252353204841,0.6378305692514568,18.3150318213961,46.913496574221476,48246.546418159705,8.582480192184448,0.0,0.896453704115335,1028.4150605109817,650.48437066099,0.6325115176140926,0.3451367099955177,0.002242152466367713,13.854361057281494,1.3589300397925608,6.0,0.00032901763916015625
FLOW-WEB_BROWSING-0027,WEB_BROWSING,PROFILE-06-TUNNEL-AES256GCM-PFS-IPV6,4938077,44.6,True,1701.0,1701,AES-GCM,TUNNEL,6,False,False,"{""pages"": 6}",1701.0,1803846.0,40.60233998298645,0.023883729401756735,17.801638038008885,0.3221634332745444,0.630217519106408,14.313044364080884,41.89413715349332,44427.14387288672,7.305129766464233,0.0,0.869392398242422,1060.4620811287477,650.5274705120378,0.6134377476464046,0.3474426807760141,0.0029411764705882353,10.658456087112427,1.4001994306436363,6.0,0.00035190582275390625
FLOW-WEB_BROWSING-0028,WEB_BROWSING,PROFILE-09-TUNNEL-NATT-CHACHA-IPV4,77882,49.8,True,1944.0,1944,CHACHA20,TUNNEL,4,False,True,"{""pages"": 6}",1944.0,2002404.0,44.98990201950073,0.023154864652342115,18.84261799338085,0.3194444444444444,0.6291152263374485,15.912195945945946,43.209696237110705,44507.8542098639,7.945289421081543,0.0,0.8817421459405794,1030.0432098765432,648.0624542703828,0.6291604546842816,0.3487654320987654,0.0025733401955738548,12.851700067520142,1.4418236194766396,6.0,0.0003180503845214844
FLOW-WEB_BROWSING-0029,WEB_BROWSING,PROFILE-01-TUNNEL-AES256GCM-PFS-IPV4,5793805,15.2,False,718.0,718,AES-GCM,TUNNEL,4,False,False,"{""pages"": 3}",718.0,724596.0,16.1983540058136,0.022591846591092885,16.536291565617937,0.31058495821727017,0.6086350974930362,13.804593004249755,44.32549132722432,44732.69319462595,6.665060997009277,0.0,0.8649067894385285,1009.1866295264624,642.0110866366782,0.6361668574007239,0.3565459610027855,0.002789400278940028,9.051254034042358,1.627772886418671,3.0,0.0003650188446044922
FLOW-WEB_BROWSING-0030,WEB_BROWSING,PROFILE-02-TRANSPORT-AES128CBC-PFS-IPV4,5247588,53.5,True,2862.0,2862,AES-CBC,TRANSPORT,4,False,False,"{""pages"": 6}",2862.0,2893756.0,48.35054898262024,0.016899877309549192,21.83202181142385,0.32110412299091545,0.6289308176100629,17.99463064340383,59.19270949806082,59849.4962495704,8.229338455200196,0.0,0.8947070865684598,1011.0957372466806,646.5699174875432,0.6394744767179226,0.3469601677148847,0.0017476406850751485,11.726600170135498,1.4156255670925388,6.0,0.0003190040588378906
FLOW-WEB_BROWSING-0031,WEB_BROWSING,PROFILE-03-TUNNEL-AES128GCM-NOPFS-IPV4,269502,30.2,True,1098.0,1098,AES-GCM,TUNNEL,4,False,False,"{""pages"": 3}",1098.0,1127864.0,30.474656105041504,0.02777999644944531,21.556900433387227,0.3205828779599271,0.6366120218579235,18.644407287421185,36.02993898324434,37009.90082094526,14.036931037902832,0.0,0.8981898526772731,1027.1985428051003,650.8035825205341,0.6335713646393061,0.3451730418943534,0.0018231540565177757,14.115299940109253,1.3373745913898927,3.0,0.00026679039001464844
FLOW-WEB_BROWSING-0032,WEB_BROWSING,PROFILE-04-TRANSPORT-AES256CBC-PFS-IPV6,5556658,59.5,True,2371.0,2371,AES-CBC,TRANSPORT,6,False,False,"{""pages"": 8}",2371.0,2489090.0,53.89684510231018,0.022741284853295435,18.321621587859582,0.32011809363137916,0.6216786166174609,13.117850579667401,43.9914432004179,46182.48053805491,6.7225755623408725,0.0,0.8583353755790268,1049.8059890341628,644.9580903587776,0.6143593169554582,0.3500632644453817,0.002953586497890295,13.153239965438843,1.4845297241271393,8.0,0.00032401084899902344
FLOW-WEB_BROWSING-0033,WEB_BROWSING,PROFILE-05-TUNNEL-3DESCBC-NOPFS-IPV4,1613915,59.5,False,3173.0,3173,3DES,TUNNEL,4,False,False,"{""pages"": 7}",3173.0,3237046.0,60.08231019973755,0.01894145970987943,20.142028701741857,0.32051686101481247,0.6268515600378191,16.93576019503546,52.81088542453982,53876.85641978095,8.676036477088928,0.0,0.8884909266040705,1020.1846832650489,648.9880779333438,0.6361476393237846,0.3479357075323038,0.0018915510718789407,10.973294973373413,1.4499710634993817,7.0,0.0003428459167480469
FLOW-WEB_BROWSING-0034,WEB_BROWSING,PROFILE-06-TUNNEL-AES256GCM-PFS-IPV6,8208902,45.8,True,1471.0,1471,AES-GCM,TUNNEL,6,False,False,"{""pages"": 5}",1471.0,1550082.0,35.50081491470337,0.024150214227689367,18.028956607429517,0.3161114887831407,0.6206662134602311,13.095755128764731,41.43566854829454,43663.27938455302,7.747796535491943,0.0,0.8581133127150693,1053.7607070020395,647.1901237403674,0.6141718128602748,0.35078178110129166,0.0027210884353741495,11.984710931777954,1.5363741843966996,5.0,0.00036406517028808594
FLOW-WEB_BROWSING-0035,WEB_BROWSING,PROFILE-09-TUNNEL-NATT-CHACHA-IPV4,8754224,16.8,True,1055.0,1055,CHACHA20,TUNNEL,4,False,True,"{""pages"": 2}",1055.0,1093978.0,7.02905011177063,0.006668927999782382,23.796771607002825,0.3241706161137441,0.6417061611374407,19.071517686775284,150.09140399117794,155636.67673503398,0.0,0.0,0.9003563142951686,1036.945971563981,652.8930324125662,0.6296307139588341,0.34312796208530805,0.0009487666034155598,5.146069049835205,1.2725016008881582,2.0,0.0003108978271484375
FLOW-WEB_BROWSING-0036,WEB_BROWSING,PROFILE-01-TUNNEL-AES256GCM-PFS-IPV4,8975484,55.5,False,3512.0,3512,AES-GCM,TUNNEL,4,False,False,"{""pages"": 6}",3512.0,3604320.0,54.653696060180664,0.015566418701276178,23.854594084962546,0.32545558086560367,0.6392369020501139,19.48933557687935,64.25914902686254,65948.33030196505,9.550395154953003,0.0,0.9023882452168509,1026.2870159453303,653.1802205651841,0.6364498531276154,0.3439635535307517,0.0014240956992309882,13.259495973587036,1.2981332837742248,6.0,0.0002970695495605469
FLOW-WEB_BROWSING-0037,WEB_BROWSING,PROFILE-02-TRANSPORT-AES128CBC-PFS-IPV4,762040,15.1,True,805.0,805,AES-CBC,TRANSPORT,4,False,False,"{""pages"": 2}",805.0,811842.0,10.329616069793701,0.01284778118133545,22.42144702971329,0.3204968944099379,0.6211180124223602,15.991251569694432,77.93126042254512,78593.62773162717,0.0,0.0,0.8822923672340184,1008.4993788819876,642.9467982682092,0.6375282045101245,0.35031055900621116,0.0012437810945273632,8.168333053588867,1.4733568033853812,2.0,0.00040984153747558594
FLOW-WEB_BROWSING-0038,WEB_BROWSING,PROFILE-03-TUNNEL-AES128GCM-NOPFS-IPV4,6449682,55.9,False,1605.0,1605,AES-GCM,TUNNEL,4,False,False,"{""pages"": 4}",1605.0,1635694.0,43.36700797080994,0.027036788011726893,21.132731485386802,0.32274143302180686,0.626791277258567,16.47349642132251,37.009701040023685,37717.47410153302,13.103943983713785,0.0,0.8855409385863126,1019.1239875389408,649.4140969845838,0.6372277612195539,0.34953271028037386,0.0018703241895261845,14.832733869552612,1.4483468738118455,4.0,0.00028514862060546875
FLOW-WEB_BROWSING-0039,WEB_BROWSING,PROFILE-04-TRANSPORT-AES256CBC-PFS-IPV6,7601663,18.5,True,917.0,917,AES-CBC,TRANSPORT,6,False,False,"{""pages"": 2}",917.0,973070.0,9.675065040588379,0.010562298079244956,25.407292421049878,0.3271537622682661,0.6412213740458015,15.719415807560138,94.7797245964802,100575.03447447871,0.0,0.0,0.8803785955789408,1061.145038167939,650.0352559098308,0.6125790844125446,0.3446019629225736,0.001091703056768559,8.123088121414185,1.2782049476588069,2.0,0.0003058910369873047
FLOW-WEB_BROWSING-0040,WEB_BROWSING,PROFILE-05-TUNNEL-3DESCBC-NOPFS-IPV4,3095033,35.4,False,1543.0,1543,3DES,TUNNEL,4,False,False,"{""pages"": 5}",1543.0,1555130.0,29.773633003234863,0.01930845201247397,19.794425003849845,0.31756318859364874,0.611147116007777,15.156523365262743,51.824377624066074,52231.785077455526,6.155485451221466,0.0,0.8762109920070991,1007.8613091380428,646.3591227538915,0.6413175274152351,0.35320803629293585,0.0025940337224383916,13.4511079788208,1.5823414215960308,5.0,0.0003371238708496094
FLOW-WEB_BROWSING-0041,WEB_BROWSING,PROFILE-06-TUNNEL-AES256GCM-PFS-IPV6,2417975,10.1,False,212.0,212,AES-GCM,TUNNEL,6,False,False,"{""pages"": 1}",212.0,224336.0,0.46725893020629883,0.0022144972995559184,5.164248592075092,0.32075471698113206,0.6320754716981132,14.433131535498074,453.7098946539132,480110.67418434087,0.0,0.0,0.8704086727052279,1058.188679245283,651.3628979129077,0.615545139244421,0.3490566037735849,0.0,0.10417294502258301,1.3703379217314122,1.0,0.0003261566162109375
FLOW-WEB_BROWSING-0042,WEB_BROWSING,PROFILE-09-TUNNEL-NATT-CHACHA-IPV4,2860657,36.0,True,1019.0,1019,CHACHA20,TUNNEL,4,False,True,"{""pages"": 5}",1019.0,1039278.0,30.318707942962646,0.029782620769118515,16.895916390821423,0.3150147203140334,0.6104023552502453,13.615486302525735,33.60961166013418,34278.43963387726,6.647463262081146,0.0,0.8631588468148079,1019.8999018645732,643.1099135702085,0.6305617957159128,0.35328753680078506,0.003929273084479371,14.460654973983765,1.6226491103366558,5.0,0.00031113624572753906
FLOW-WEB_BROWSING-0043,WEB_BROWSING,PROFILE-01-TUNNEL-AES256GCM-PFS-IPV4,2748533,44.9,True,2096.0,2096,AES-GCM,TUNNEL,4,False,False,"{""pages"": 5}",2096.0,2133968.0,40.112245082855225,0.019146656364131372,20.588576477888342,0.3220419847328244,0.6288167938931297,17.34535169615378,52.253370402741986,53199.914280342804,8.634658932685852,0.0,0.8909805582839105,1018.1145038167939,650.1541583632146,0.6385864811137271,0.34780534351145037,0.0019093078758949881,12.540980815887451,1.4301397312345054,5.0,0.00028204917907714844
FLOW-WEB_BROWSING-0044,WEB_BROWSING,PROFILE-02-TRANSPORT-AES128CBC-PFS-IPV4,7074259,22.5,False,1062.0,1062,AES-CBC,TRANSPORT,4,False,False,"{""pages"": 3}",1062.0,1079916.0,20.31994318962097,0.01915169009389347,24.341695025173625,0.3267419962335217,0.6384180790960452,19.77560600230858,52.263925646329994,53145.62102474774,9.187258005142212,0.0,0.9037332533271106,1016.8700564971751,649.7738995921125,0.6389940341348989,0.3446327683615819,0.001885014137606032,14.757047891616821,1.3003680942914908,3.0,0.0003228187561035156
FLOW-WEB_BROWSING-0045,WEB_BROWSING,PROFILE-03-TUNNEL-AES128GCM-NOPFS-IPV4,3182861,22.6,False,1635.0,1635,AES-GCM,TUNNEL,4,False,False,"{""pages"": 3}",1635.0,1668926.0,17.52510690689087,0.010725279624780214,25.244270546149117,0.3223241590214067,0.6299694189602446,18.100508148690714,93.29472331818519,95230.57456178933,6.997376918792725,0.0,0.8952907438676131,1020.7498470948012,651.6046176865991,0.6383587708008561,0.346177370030581,0.0012239902080783353,10.301307916641235,1.3836839937098961,3.0,0.0003330707550048828
FLOW-WEB_BROWSING-0046,WEB_BROWSING,PROFILE-04-TRANSPORT-AES256CBC-PFS-IPV6,7699028,16.3,False,393.0,393,AES-CBC,TRANSPORT,6,False,False,"{""pages"": 2}",393.0,409094.0,12.94921588897705,0.03303371400249248,17.492982820804613,0.3104325699745547,0.6081424936386769,11.346652984849399,30.34932797240172,31592.183148961092,0.0,0.0,0.8380127794589997,1040.9516539440203,637.8829490554974,0.6127882564369326,0.35877862595419846,0.002551020408163265,11.455406188964844,1.6341636705112765,2.0,0.00037097930908203125
FLOW-WEB_BROWSING-0047,WEB_BROWSING,PROFILE-05-TUNNEL-3DESCBC-NOPFS-IPV4,8633703,57.8,True,1481.0,1481,3DES,TUNNEL,4,False,False,"{""pages"": 5}",1481.0,1505022.0,50.774808168411255,0.03430730281649409,18.02818453960074,0.3234301147873059,0.6266036461850101,17.245344777422172,29.168007786219086,29641.116417576653,11.74598753452301,0.0,0.8903829977236213,1016.2201215395004,651.2822880006233,0.6408870226009474,0.3484132343011479,0.002702702702702703,14.655692100524902,1.4421445271040563,5.0,0.0003421306610107422
FLOW-WEB_BROWSING-0048,WEB_BROWSING,PROFILE-06-TUNNEL-AES256GCM-PFS-IPV6,4553408,50.3,False,2514.0,2514,AES-GCM,TUNNEL,6,False,False,"{""pages"": 8}",2514.0,2659684.0,41.37590193748474,0.016464744105644545,16.956368275542857,0.3198090692124105,0.6264916467780429,13.58639903477021,60.76000479212338,64280.99148191483,4.9382680143628805,0.0,0.862885966904339,1057.9490851233095,648.7362739783985,0.6132017911833487,0.3500397772474145,0.002785515320334262,9.24249815940857,1.478203351466147,8.0,0.00037980079650878906
FLOW-WEB_BROWSING-0049,WEB_BROWSING,PROFILE-09-TUNNEL-NATT-CHACHA-IPV4,7127544,14.4,True,135.0,135,CHACHA20,TUNNEL,4,False,True,"{""pages"": 2}",135.0,134438.0,14.063529968261719,0.1049517161810576,10.966775273152791,0.31851851851851853,0.5777777777777777,10.747465921006642,9.599296926494642,9559.33540891916,0.0,0.0,0.829750516966929,995.837037037037,640.7278755291599,0.6434063523441035,0.37037037037037035,0.007462686567164179,13.377143144607544,1.8160585909556541,2.0,0.0005230903625488281
FLOW-WEB_BROWSING-0050,WEB_BROWSING,PROFILE-01-TUNNEL-AES256GCM-PFS-IPV4,4423038,53.1,True,4179.0,4179,AES-GCM,TUNNEL,4,False,False,"{""pages"": 6}",4179.0,4278858.0,47.370914936065674,0.011338179735774456,24.944077054383165,0.32591529073941133,0.6374730796841349,18.909814249553307,88.2186887384422,90326.69108829703,7.614406156539917,0.0,0.8995470286697993,1023.8951902368988,653.2065195183225,0.6379622892526626,0.3455372098588179,0.0011967448539971278,12.582051038742065,1.3344987669184514,6.0,0.00034809112548828125
FLOW-WEB_BROWSING-0051,WEB_BROWSING,PROFILE-02-TRANSPORT-AES128CBC-PFS-IPV4,432353,25.8,False,1869.0,1869,AES-CBC,TRANSPORT,4,False,False,"{""pages"": 5}",1869.0,1894130.0,25.876797914505005,0.013852675543096897,18.646009939065205,0.32530765115034777,0.6313536650615302,18.118721737726098,72.22686540177945,73198.0056519382,5.315416991710663,0.0,0.8953904959004926,1013.4456928838952,647.4784649859401,0.6388881708534906,0.3467094703049759,0.0021413276231263384,8.026448965072632,1.368864603660075,5.0,0.0004260540008544922
FLOW-WEB_BROWSING-0052,WEB_BROWSING,PROFILE-03-TUNNEL-AES128GCM-NOPFS-IPV4,8067269,34.5,True,1869.0,1869,AES-GCM,TUNNEL,4,False,False,"{""pages"": 4}",1869.0,1921046.0,22.14128279685974,0.011852935116091938,22.547270974970594,0.32530765115034777,0.6399143927233815,19.34230590029226,84.41245329584413,86763.08494069993,6.1694239775339765,0.0,0.9016827290965442,1027.8469769930443,652.6493302942768,0.6349674075061208,0.3434991974317817,0.0016059957173447537,9.610780954360962,1.2957703393838043,4.0,0.00034880638122558594
FLOW-WEB_BROWSING-0053,WEB_BROWSING,PROFILE-04-TRANSPORT-AES256CBC-PFS-IPV6,3043820,7.3,True,678.0,678,AES-CBC,TRANSPORT,6,False,False,"{""pages"": 1}",678.0,721908.0,1.0414690971374512,0.001538359079966693,6.240400422916605,0.32595870206489674,0.6460176991150443,16.24741972477064,651.0034737118261,693163.1500005266,0.0,0.0,0.8840406256752938,1064.7610619469026,649.9087833568784,0.6103799308443231,0.3421828908554572,0.0,0.11111807823181152,1.2319380385567231,1.0,0.00024700164794921875
FLOW-WEB_BROWSING-0054,WEB_BROWSING,PROFILE-05-TUNNEL-3DESCBC-NOPFS-IPV4,3922720,13.7,False,709.0,709,3DES,TUNNEL,4,False,False,"{""pages"": 2}",709.0,726726.0,6.657914876937866,0.00940383457194614,20.24148422871419,0.3215796897038082,0.6361071932299013,17.763903950426027,106.48979644601374,109152.19155433819,0.0,0.0,0.8934123727512158,1025.0014104372356,650.6250753809865,0.6347552976570529,0.34837799717912554,0.0014124293785310734,5.06107497215271,1.3645728879448258,2.0,0.00026297569274902344
FLOW-WEB_BROWSING-0055,WEB_BROWSING,PROFILE-06-TUNNEL-AES256GCM-PFS-IPV6,8642388,53.4,True,2443.0,2443,AES-GCM,TUNNEL,6,False,False,"{""pages"": 6}",2443.0,2591234.0,47.10799312591553,0.019290742475804885,21.14337644235661,0.32214490380679495,0.6311911584117887,14.323497060945465,51.8595643306238,55006.24900478904,8.233392763137818,0.0,0.8694814902860953,1060.677036430618,651.0409424232112,0.6137975274868672,0.3475235366352845,0.0020475020475020475,14.30263900756836,1.401100932450326,6.0,0.00037407875061035156
FLOW-WEB_BROWSING-0056,WEB_BROWSING,PROFILE-09-TUNNEL-NATT-CHACHA-IPV4,6599028,15.9,False,1013.0,1013,CHACHA20,TUNNEL,4,False,True,"{""pages"": 2}",1013.0,1044942.0,16.38229990005493,0.01618804337950092,27.678907917613774,0.3228035538005923,0.6367226061204343,17.41567093158507,61.8350296466373,63784.81692894025,0.0,0.0,0.8913968430783719,1031.5320829220138,652.0408951371132,0.6321091761780996,0.3464955577492596,0.0009881422924901185,14.258785009384155,1.353334444421723,2.0,0.0003161430358886719
FLOW-WEB_BROWSING-0057,WEB_BROWSING,PROFILE-01-TUNNEL-AES256GCM-PFS-IPV4,8821418,32.0,False,1182.0,1182,AES-GCM,TUNNEL,4,False,False,"{""pages"": 3}",1182.0,1213416.0,21.868083000183105,0.018516581710569944,22.036773344233676,0.32318104906937395,0.637901861252115,18.547264643340423,54.05137706812723,55487.99133375522,9.594002485275269,0.0,0.8976838940643604,1026.5786802030457,651.3378579744463,0.634474366685288,0.34517766497461927,0.001693480101608806,12.125075101852417,1.3343816921849923,3.0,0.0006110668182373047
FLOW-WEB_BROWSING-0058,WEB_BROWSING,PROFILE-02-TRANSPORT-AES128CBC-PFS-IPV4,7640509,32.0,True,386.0,386,AES-CBC,TRANSPORT,4,False,False,"{""pages"": 3}",386.0,385668.0,30.740126848220825,0.07984448532005409,13.22812880512885,0.31865284974093266,0.6113989637305699,15.159725131986926,12.556877266833428,12546.077051153146,14.693686485290527,0.0,0.8762355186326064,999.139896373057,642.31842547417,0.6428713614638228,0.3549222797927461,0.005194805194805195,14.822762966156006,1.6219043174629448,3.0,0.0002570152282714844
FLOW-WEB_BROWSING-0059,WEB_BROWSING,PROFILE-03-TUNNEL-AES128GCM-NOPFS-IPV4,1791122,58.3,False,993.0,993,AES-GCM,TUNNEL,4,False,False,"{""pages"": 6}",993.0,999238.0,58.329500913619995,0.058799900114536285,14.069982116451111,0.3192346424974824,0.6062437059415912,13.223623526732336,17.023975594622883,17130.919763564736,10.889994192123414,0.0,0.859388854306982,1006.281973816717,644.6670101104905,0.6406425106328193,0.3564954682779456,0.005040322580645161,14.892091989517212,1.6569194793086404,6.0,0.0003330707550048828
FLOW-WEB_BROWSING-0060,WEB_BROWSING,PROFILE-04-TRANSPORT-AES256CBC-PFS-IPV6,7305728,15.6,False,343.0,343,AES-CBC,TRANSPORT,6,False,False,"{""pages"": 2}",343.0,365178.0,11.190945148468018,0.032722061837625785,17.39161676634091,0.3206997084548105,0.6443148688046647,15.940898125811838,30.64977939302606,32631.560172555306,0.0,0.0,0.8819425047511077,1064.6588921282798,647.7372120623606,0.6083988184868467,0.34402332361516036,0.0029239766081871343,10.540165901184082,1.2914063801593976,2.0,0.00043892860412597656
FLOW-WEB_BROWSING-0061,WEB_BROWSING,PROFILE-05-TUNNEL-3DESCBC-NOPFS-IPV4,7498225,23.9,False,1002.0,1002,3DES,TUNNEL,4,False,False,"{""pages"": 3}",1002.0,1020244.0,21.367910861968994,0.021346564297671324,19.43284988786522,0.3183632734530938,0.6227544910179641,15.740679968495668,46.892745223089555,47746.54885966645,9.205858588218689,0.0,0.8805305397532354,1018.2075848303393,647.1534267134334,0.635581031171818,0.35129740518962077,0.001998001998001998,10.435713052749634,1.5008846169280763,3.0,0.0004019737243652344
FLOW-WEB_BROWSING-0062,WEB_BROWSING,PROFILE-06-TUNNEL-AES256GCM-PFS-IPV6,8459884,41.9,True,2851.0,2851,AES-GCM,TUNNEL,6,False,False,"{""pages"": 6}",2851.0,3039674.0,39.66417193412781,0.013917253310220283,21.734845648460823,0.3254998246229393,0.6408277797264118,15.800647778649834,71.8784701905486,76635.25675131028,6.901169681549073,0.0,0.8809569710436054,1066.1781830936513,653.723562743827,0.6131466326266075,0.34338828481234657,0.0017543859649122807,9.22634506225586,1.279209483435808,6.0,0.0002651214599609375
FLOW-WEB_BROWSING-0063,WEB_BROWSING,PROFILE-09-TUNNEL-NATT-CHACHA-IPV4,2393609,13.4,True,721.0,721,CHACHA20,TUNNEL,4,False,True,"{""pages"": 2}",721.0,741602.0,5.049134016036987,0.007012686133384705,18.055957557644923,0.3259361997226075,0.6338418862690708,17.953230423226334,142.7967642985847,146877.0679575021,0.0,0.0,0.8944770914857295,1028.5742024965325,653.6595608345467,0.635500636947727,0.34674063800277394,0.001388888888888889,3.3872110843658447,1.3290286838590697,2.0,0.00038313865661621094
FLOW-WEB_BROWSING-0064,WEB_BROWSING,PROFILE-01-TUNNEL-AES256GCM-PFS-IPV4,4680784,47.2,False,3079.0,3079,AES-GCM,TUNNEL,4,False,False,"{""pages"": 7}",3079.0,3142926.0,39.10362482070923,0.012704231585675513,21.084933533254357,0.3241312114322832,0.6326729457616109,18.338464946284194,78.73950341220964,80374.28791858474,5.384793599446614,0.0,0.8965791749471671,1020.7619356934069,652.1567726814092,0.6388921352542373,0.3465410847677817,0.001949317738791423,9.71701693534851,1.376977818071634,7.0,0.00032401084899902344
FLOW-WEB_BROWSING-0065,WEB_BROWSING,PROFILE-02-TRANSPORT-AES128CBC-PFS-IPV4,6385080,14.0,True,406.0,406,AES-CBC,TRANSPORT,4,False,False,"{""pages"": 2}",406.0,407628.0,10.537739992141724,0.026019111091707958,17.826512332510713,0.32019704433497537,0.6206896551724138,17.478150498640073,38.52818538915983,38682.67771874986,0.0,0.0,0.8917640593874807,1004.0098522167488,646.5324712310539,0.6439503255905088,0.3497536945812808,0.0024691358024691358,9.344612121582031,1.410963939993872,2.0,0.000331878662109375
FLOW-WEB_BROWSING-0066,WEB_BROWSING,PROFILE-03-TUNNEL-AES128GCM-NOPFS-IPV4,2331625,34.7,True,2150.0,2150,AES-GCM,TUNNEL,4,False,False,"{""pages"": 4}",2150.0,2212632.0,29.99920392036438,0.013959610944794965,25.831434413996554,0.32558139534883723,0.6423255813953488,19.828692459757132,71.66856846292892,73756.35719779876,8.729442596435547,0.0,0.9039786100897031,1029.1311627906978,653.1405835393313,0.6346524205604737,0.3427906976744186,0.0013959981386691485,14.054291009902954,1.2754832869970811,4.0,0.0003540515899658203
FLOW-WEB_BROWSING-0067,WEB_BROWSING,PROFILE-04-TRANSPORT-AES256CBC-PFS-IPV6,6956445,8.1,False,1167.0,1167,AES-CBC,TRANSPORT,6,False,False,"{""pages"": 2}",1167.0,1238090.0,9.226944923400879,0.007913331838251183,26.281704920784446,0.32476435304198803,0.6392459297343616,15.853475266123983,126.47739958220815,134182.00826798295,0.0,0.0,0.8813301133197102,1060.916880891174,649.3418716441245,0.612057252872322,0.34361610968294776,0.0008576329331046312,7.097901105880737,1.284451838189419,2.0,0.00033402442932128906
FLOW-WEB_BROWSING-0068,WEB_BROWSING,PROFILE-05-TUNNEL-3DESCBC-NOPFS-IPV4,5584608,42.0,True,2117.0,2117,3DES,TUNNEL,4,False,False,"{""pages"": 6}",2117.0,2155950.0,40.475980043411255,0.01912853499216033,20.981679807103077,0.3230987246102976,0.6258856872933396,17.162709979612814,52.302624858730475,53264.92397930088,7.008163022994995,0.0,0.8898842737540296,1018.3986773736419,650.4786012855568,0.6387268716442978,0.3481341521020312,0.0023629489603024575,14.801002025604248,1.4234651714374909,6.0,0.0003249645233154297
FLOW-WEB_BROWSING-0069,WEB_BROWSING,PROFILE-06-TUNNEL-AES256GCM-PFS-IPV6,6784126,42.1,False,1183.0,1183,AES-GCM,TUNNEL,6,False,False,"{""pages"": 4}",1183.0,1254622.0,32.41297507286072,0.027422144731692653,19.433651632600853,0.31783601014370244,0.628909551986475,14.015702419991861,36.49772960799646,38707.40026732354,9.689148346583048,0.0,0.866806097772875,1060.5426880811497,648.1432063108807,0.6111429682133518,0.3474218089602705,0.0025380710659898475,13.256112098693848,1.4389900945388925,4.0,0.0003769397735595703
FLOW-WEB_BROWSING-0070,WEB_BROWSING,PROFILE-09-TUNNEL-NATT-CHACHA-IPV4,2096277,28.0,True,1616.0,1616,CHACHA20,TUNNEL,4,False,True,"{""pages"": 4}",1616.0,1672404.0,27.15467596054077,0.016814040842440106,21.670723551640773,0.3254950495049505,0.6410891089108911,18.806295743622538,59.510929253888186,61588.06691084134,8.12094243367513,0.0,0.8990220066443275,1034.9034653465346,653.5212811672563,0.6314804260013048,0.34220297029702973,0.0018575851393188853,10.754892110824585,1.2944141111967395,4.0,0.0003380775451660156
FLOW-WEB_BROWSING-0071,WEB_BROWSING,PROFILE-01-TUNNEL-AES256GCM-PFS-IPV4,5634634,46.4,False,1363.0,1363,AES-GCM,TUNNEL,4,False,False,"{""pages"": 4}",1363.0,1389906.0,35.03736710548401,0.025724939137653457,20.342177644081264,0.32428466617754953,0.6280264123257521,17.457266546265803,38.90132485972854,39669.24785802337,10.602511644363403,0.0,0.8916415930285932,1019.7402787967718,651.081078547651,0.6384773575050747,0.34776228906823187,0.0022026431718061676,14.387302875518799,1.4049571341419083,4.0,0.00034999847412109375
FLOW-WEB_BROWSING-0072,WEB_BROWSING,PROFILE-02-TRANSPORT-AES128CBC-PFS-IPV4,5566799,28.5,True,877.0,877,AES-CBC,TRANSPORT,4,False,False,"{""pages"": 3}",877.0,879314.0,28.91524600982666,0.033008271700715366,18.949097833473438,0.3215507411630559,0.6191562143671607,16.53857507579384,30.330020353344295,30410.047339772616,13.081829905509949,0.0,0.8859656504957274,1002.6385404789054,645.7894591593922,0.6440900016180647,0.35119726339794755,0.00228310502283105,13.854357957839966,1.480213183281253,3.0,0.0003230571746826172
FLOW-WEB_BROWSING-0073,WEB_BROWSING,PROFILE-03-TUNNEL-AES128GCM-NOPFS-IPV4,5686032,46.2,True,1986.0,1986,AES-GCM,TUNNEL,4,False,False,"{""pages"": 5}",1986.0,2037704.0,38.8428430557251,0.01956818289960962,21.02936119665435,0.324773413897281,0.6394763343403826,19.67895270955957,51.129110120771166,52460.2176281651,8.687634766101837,0.0,0.9032833031686643,1026.0342396777442,653.198651394143,0.636624613618449,0.34441087613293053,0.0020151133501259445,12.52184009552002,1.2955628543980533,5.0,0.00041794776916503906
FLOW-WEB_BROWSING-0074,WEB_BROWSING,PROFILE-04-TRANSPORT-AES256CBC-PFS-IPV6,8603173,57.3,False,2033.0,2033,AES-CBC,TRANSPORT,6,False,False,"{""pages"": 6}",2033.0,2132598.0,50.90144896507263,0.025049925671787713,18.60320594950712,0.3216920806689621,0.6232169208066897,13.05892280308524,39.939923938019845,41896.60694066564,8.9905264377594,0.0,0.8577415903044081,1048.9906542056074,645.1691858101589,0.6150380684742521,0.3536645351697,0.0024606299212598425,12.146803140640259,1.5226493348472914,6.0,0.000308990478515625
FLOW-WEB_BROWSING-0075,WEB_BROWSING,PROFILE-05-TUNNEL-3DESCBC-NOPFS-IPV4,2892868,20.6,True,2199.0,2199,3DES,TUNNEL,4,False,False,"{""pages"": 3}",2199.0,2259994.0,17.82993793487549,0.008111891690116236,28.66821151331015,0.3274215552523875,0.6425648021828103,19.839041032733977,123.33189313568725,126752.76875638671,6.949706077575684,0.0,0.9040262938751165,1027.737153251478,654.3213488042013,0.6366621530944058,0.34333788085493405,0.0009099181073703367,10.28189206123352,1.2566010443357887,3.0,0.00041604042053222656
FLOW-WEB_BROWSING-0076,WEB_BROWSING,PROFILE-06-TUNNEL-AES256GCM-PFS-IPV6,7429207,17.1,True,673.0,673,AES-GCM,TUNNEL,6,False,False,"{""pages"": 2}",673.0,708058.0,12.155941009521484,0.018089197930835542,21.758226584306122,0.3209509658246657,0.6136701337295691,12.881857036427087,55.36387511858224,58247.89701146078,0.0,0.0,0.8559270568230286,1052.0921248142645,646.8906155462539,0.614861189708511,0.3521545319465082,0.001488095238095238,10.207864999771118,1.510580579464671,2.0,0.0004191398620605469
FLOW-WEB_BROWSING-0077,WEB_BROWSING,PROFILE-09-TUNNEL-NATT-CHACHA-IPV4,2387660,49.0,True,1913.0,1913,CHACHA20,TUNNEL,4,False,True,"{""pages"": 5}",1913.0,1954014.0,44.95789098739624,0.023513541311399707,20.609813835146678,0.319916361735494,0.6199686356508103,15.116111046962374,42.55092839066454,43463.204280374266,9.792663753032684,0.0,0.875900582083854,1021.4396236278097,648.2110906350151,0.634605389922889,0.35180345007841085,0.0020920502092050207,14.986389875411987,1.528631734360104,5.0,0.0003440380096435547
FLOW-WEB_BROWSING-0078,WEB_BROWSING,PROFILE-01-TUNNEL-AES256GCM-PFS-IPV4,3816034,13.1,True,637.0,637,AES-GCM,TUNNEL,4,False,False,"{""pages"": 2}",637.0,647394.0,5.624605894088745,0.008843719959259033,16.026093705015406,0.3108320251177394,0.6185243328100472,15.49915897854121,113.2523792768243,115100.33097259088,0.0,0.0,0.878781700170221,1016.3171114599686,644.1822386430572,0.6338398039148145,0.3500784929356358,0.0015723270440251573,3.5623831748962402,1.5353945639629165,2.0,0.0003299713134765625
FLOW-WEB_BROWSING-0079,WEB_BROWSING,PROFILE-02-TRANSPORT-AES128CBC-PFS-IPV4,3063137,57.1,True,3387.0,3387,AES-CBC,TRANSPORT,4,False,False,"{""pages"": 7}",3387.0,3443966.0,57.051897048950195,0.016849349394255815,23.010672001574935,0.32388544434602895,0.6371420135813404,18.87102171755637,59.367000488940334,60365.49489397517,8.396059195200602,0.0,0.8993509227443012,1016.819013876587,647.9329746725364,0.6372156360474757,0.3454384410983171,0.0017720023626698169,13.005741119384766,1.345377315778416,7.0,0.0002918243408203125
FLOW-WEB_BROWSING-0080,WEB_BROWSING,PROFILE-03-TUNNEL-AES128GCM-NOPFS-IPV4,3366703,49.5,True,2246.0,2246,AES-GCM,TUNNEL,4,False,False,"{""pages"": 6}",2246.0,2304212.0,50.31469511985779,0.02241189092198565,21.378167612905454,0.3210151380231523,0.6362422083704363,18.150698138297873,44.63904620011435,45796.00441801331,9.016319799423218,0.0,0.8955651650108584,1025.9180765805877,650.5393614427473,0.6341045901160182,0.3455031166518255,0.0022271714922048997,13.274343967437744,1.3456997936616728,6.0,0.0003600120544433594
FLOW-WEB_BROWSING-0081,WEB_BROWSING,PROFILE-04-TRANSPORT-AES256CBC-PFS-IPV6,5753593,20.7,True,397.0,397,AES-CBC,TRANSPORT,6,False,False,"{""pages"": 2}",397.0,415470.0,10.796319961547852,0.027263434246332957,16.689097898402334,0.30730478589420657,0.6095717884130982,11.293466682447628,36.77178903681572,38482.55715648823,0.0,0.0,0.8373119599489734,1046.5239294710327,635.8163380051129,0.6075506924399592,0.35768261964735515,0.0025252525252525255,9.064635992050171,1.7009014625591443,2.0,0.0006909370422363281
FLOW-WEB_BROWSING-0082,WEB_BROWSING,PROFILE-05-TUNNEL-3DESCBC-NOPFS-IPV4,1511847,48.0,True,2461.0,2461,3DES,TUNNEL,4,False,False,"{""pages"": 6}",2461.0,2509302.0,47.16437292098999,0.019172509317475606,20.026882540248014,0.3242584315318976,0.6306379520520113,17.912150856936133,52.17921595443833,53203.3364294612,8.278756380081177,0.0,0.8942478824788727,1019.6269809020723,651.9700890226977,0.639420200950248,0.3474197480698903,0.0020325203252032522,11.43074107170105,1.3862896086588063,6.0,0.00028896331787109375
FLOW-WEB_BROWSING-0083,WEB_BROWSING,PROFILE-06-TUNNEL-AES256GCM-PFS-IPV6,620526,53.0,True,2517.0,2517,AES-GCM,TUNNEL,6,False,False,"{""pages"": 5}",2517.0,2675250.0,44.89719104766846,0.017844670527690166,23.010422111234842,0.322606277314263,0.6328963051251489,14.737505294366795,56.06141367123923,59586.13306475278,9.790702283382416,0.0,0.8729150546677881,1062.8724672228843,651.1572522883822,0.6126391193383266,0.34644417957886375,0.001589825119236884,14.369035959243774,1.3767121128652497,5.0,0.0003142356872558594
FLOW-WEB_BROWSING-0084,WEB_BROWSING,PROFILE-09-TUNNEL-NATT-CHACHA-IPV4,9555716,11.0,True,367.0,367,CHACHA20,TUNNEL,4,False,True,"{""pages"": 1}",367.0,374698.0,1.2655491828918457,0.003457784652709961,4.29496486909117,0.3106267029972752,0.6130790190735694,14.060209003215434,289.99268061742646,296075.4153732655,0.0,0.0,0.8671997181730353,1020.9754768392371,642.4030472747879,0.6292051688288893,0.3542234332425068,0.0,0.10860610008239746,1.6136539457880767,1.0,0.0002980232238769531
FLOW-WEB_BROWSING-0085,WEB_BROWSING,PROFILE-01-TUNNEL-AES256GCM-PFS-IPV4,5836545,29.2,True,1671.0,1671,AES-GCM,TUNNEL,4,False,False,"{""pages"": 3}",1671.0,1708526.0,21.11846089363098,0.012645784966246097,25.29135561796765,0.3249551166965889,0.6289646918013165,17.52060704607046,79.12508437127391,80902.01310623287,8.690345644950867,0.0,0.8920121789191385,1022.4572112507481,650.8334971310221,0.6365386149850444,0.3464991023339318,0.0011976047904191617,11.838987112045288,1.37417490620494,3.0,0.00032401084899902344
FLOW-WEB_BROWSING-0086,WEB_BROWSING,PROFILE-02-TRANSPORT-AES128CBC-PFS-IPV4,7898392,55.3,True,2260.0,2260,AES-CBC,TRANSPORT,4,False,False,"{""pages"": 8}",2260.0,2274760.0,50.73750901222229,0.022460163352024033,16.88417950715564,0.32123893805309733,0.6216814159292036,16.19005516511751,44.542982972529906,44833.892011766424,6.279190710612705,0.0,0.8836536601663473,1006.5309734513274,644.212047632589,0.6400320155311554,0.3508849557522124,0.003098716246126605,10.467472076416016,1.5117005772473533,8.0,0.00040984153747558594
FLOW-WEB_BROWSING-0087,WEB_BROWSING,PROFILE-03-TUNNEL-AES128GCM-NOPFS-IPV4,8081671,48.1,False,2399.0,2399,AES-GCM,TUNNEL,4,False,False,"{""pages"": 5}",2399.0,2454382.0,47.483299016952515,0.01980120893117286,22.091610207206305,0.32221759066277617,0.6335973322217591,17.85810218978102,50.52302703616924,51689.373965438564,10.402491390705109,0.0,0.8939447893604174,1023.0854522717799,651.1863382606117,0.636492618299518,0.346394330971238,0.0016680567139282735,13.211971998214722,1.3863041855346399,5.0,0.00030612945556640625
FLOW-WEB_BROWSING-0088,WEB_BROWSING,PROFILE-04-TRANSPORT-AES256CBC-PFS-IPV6,3946382,13.0,True,1727.0,1727,AES-CBC,TRANSPORT,6,False,False,"{""pages"": 3}",1727.0,1825162.0,13.490967988967896,0.007816319808208514,22.45398855192942,0.32310364794441226,0.629994209612044,14.319987241471932,128.01157051237814,135287.6977762091,4.727562069892883,0.0,0.8694515884069469,1056.839606253619,646.6708914044067,0.6118912345618692,0.3474232773595831,0.0011587485515643105,6.765643119812012,1.408356363030269,3.0,0.00032806396484375
FLOW-WEB_BROWSING-0089,WEB_BROWSING,PROFILE-05-TUNNEL-3DESCBC-NOPFS-IPV4,335857,44.9,True,1656.0,1656,3DES,TUNNEL,4,False,False,"{""pages"": 6}",1656.0,1693760.0,40.66077208518982,0.02456844234754672,16.96150949240085,0.3242753623188406,0.6346618357487923,18.136801193112486,40.727214833266224,41655.874031396736,7.409799480438233,0.0,0.8954893255242773,1022.8019323671498,652.0935103775005,0.6375560015498895,0.3466183574879227,0.0030211480362537764,10.569398880004883,1.3691823663810216,6.0,0.00032806396484375
FLOW-WEB_BROWSING-0090,WEB_BROWSING,PROFILE-06-TUNNEL-AES256GCM-PFS-IPV6,4995860,33.6,False,1307.0,1307,AES-GCM,TUNNEL,6,False,False,"{""pages"": 4}",1307.0,1384070.0,29.061586141586304,0.02225236304868783,19.093201005121177,0.3228768171384851,0.631981637337414,14.064543515172623,44.97345718270071,47625.41154006165,8.61555560429891,0.0,0.8672379287174782,1058.9671002295333,651.3347049888881,0.6150660439287584,0.34889058913542464,0.002297090352220521,11.414942979812622,1.4191779411730414,4.0,0.0003039836883544922
FLOW-WEB_BROWSING-0091,WEB_BROWSING,PROFILE-09-TUNNEL-NATT-CHACHA-IPV4,6517907,54.0,True,1787.0,1787,CHACHA20,TUNNEL,4,False,True,"{""pages"": 6}",1787.0,1829902.0,47.660881996154785,0.02668582418597692,18.7377678232902,0.3195299384443201,0.6222719641857862,15.46009786636923,37.494060645880886,38394.2118433233,8.437952423095703,0.0,0.878494039571518,1024.0078343592613,647.9612328773076,0.6327698003235959,0.35030777839955235,0.002799552071668533,14.381530046463013,1.5198726268856206,6.0,0.00040912628173828125
FLOW-WEB_BROWSING-0092,WEB_BROWSING,PROFILE-01-TUNNEL-AES256GCM-PFS-IPV4,4160768,56.1,True,2606.0,2606,AES-GCM,TUNNEL,4,False,False,"{""pages"": 8}",2606.0,2648684.0,53.84721398353577,0.02067071554070471,19.102514938668463,0.3207981580966999,0.6254796623177283,16.79742514648175,48.396190020096604,49188.87727060229,6.655164446149554,0.0,0.8876241937505569,1016.3791250959324,649.6370370460158,0.6391680240232196,0.34919416730621644,0.002687140115163148,13.668211936950684,1.4741713504081033,8.0,0.0003771781921386719
FLOW-WEB_BROWSING-0093,WEB_BROWSING,PROFILE-02-TRANSPORT-AES128CBC-PFS-IPV4,3223867,8.9,True,318.0,318,AES-CBC,TRANSPORT,4,False,False,"{""pages"": 1}",318.0,320396.0,0.995574951171875,0.003140614987923896,4.771022666258528,0.32075471698113206,0.6257861635220126,15.432249461483229,319.4134199797689,321820.06952150323,0.0,0.0,0.8782881184534138,1007.5345911949686,644.6235192015977,0.639802866159715,0.3553459119496855,0.0,0.11117982864379883,1.5186110827911652,1.0,0.00021219253540039062
FLOW-WEB_BROWSING-0094,WEB_BROWSING,PROFILE-03-TUNNEL-AES128GCM-NOPFS-IPV4,4133479,15.2,True,654.0,654,AES-GCM,TUNNEL,4,False,False,"{""pages"": 1}",654.0,670940.0,1.3145298957824707,0.00201306262753824,5.223254671190274,0.3211009174311927,0.6376146788990825,17.80858936981386,497.51626197189535,510402.9981764885,0.0,0.0,0.8936656034816824,1025.902140672783,650.7616917231497,0.6343311568649058,0.345565749235474,0.0,0.10944604873657227,1.368165138982537,1.0,0.0003249645233154297
FLOW-WEB_BROWSING-0095,WEB_BROWSING,PROFILE-04-TRANSPORT-AES256CBC-PFS-IPV6,7328999,46.6,True,1878.0,1878,AES-CBC,TRANSPORT,6,False,False,"{""pages"": 5}",1878.0,1970852.0,36.83273983001709,0.019623196499742722,18.922886078504796,0.32055378061767836,0.6219382321618744,13.356857717299455,50.98724690769573,53508.15630592435,7.803978085517883,0.0,0.8606937507230376,1049.4419595314164,645.448489415384,0.6150397204468377,0.3503727369542066,0.002131060202450719,9.644841194152832,1.5072037132581186,5.0,0.00041103363037109375
FLOW-WEB_BROWSING-0096,WEB_BROWSING,PROFILE-05-TUNNEL-3DESCBC-NOPFS-IPV4,8582024,22.4,True,621.0,621,3DES,TUNNEL,4,False,False,"{""pages"": 2}",621.0,634134.0,15.50920295715332,0.02501484347927955,22.196931593680635,0.32045088566827695,0.6312399355877617,16.730078845831237,40.04074237184289,40887.59440133047,0.0,0.0,0.8871973431482936,1021.1497584541063,649.0064338382049,0.6355644002900416,0.3494363929146538,0.0016129032258064516,13.83553695678711,1.4596829184057072,2.0,0.0003387928009033203
FLOW-WEB_BROWSING-0097,WEB_BROWSING,PROFILE-06-TUNNEL-AES256GCM-PFS-IPV6,9291511,5.3,True,272.0,272,AES-GCM,TUNNEL,6,False,False,"{""pages"": 1}",272.0,283828.0,1.0037338733673096,0.003703815030875681,4.034571036837856,0.3161764705882353,0.6029411764705882,11.583259443163682,270.9881645096812,282772.164545786,0.0,0.0,0.8410586693349493,1043.485294117647,644.0981609663305,0.6172565771623726,0.3602941176470588,0.0,0.12284684181213379,1.6358381303521556,1.0,0.00038886070251464844
FLOW-WEB_BROWSING-0098,WEB_BROWSING,PROFILE-09-TUNNEL-NATT-CHACHA-IPV4,7476911,27.3,True,843.0,843,CHACHA20,TUNNEL,4,False,True,"{""pages"": 3}",843.0,860194.0,18.043709993362427,0.021429584315157277,18.350047561762416,0.31791221826809013,0.6215895610913404,16.18531985455708,46.71988190400459,47672.79014772636,7.720297574996948,0.0,0.8836216016387001,1020.3962040332148,649.758235600405,0.6367705338692683,0.3499406880189798,0.0023752969121140144,10.088165044784546,1.4784275182877724,3.0,0.000347137451171875
FLOW-WEB_BROWSING-0099,WEB_BROWSING,PROFILE-01-TUNNEL-AES256GCM-PFS-IPV4,2329241,27.1,True,855.0,855,AES-GCM,TUNNEL,4,False,False,"{""pages"": 3}",855.0,875582.0,23.04623818397522,0.026986227381704003,19.279465983769228,0.3192982456140351,0.631578947368421,17.103254352230906,37.099330188928995,37992.40435728986,10.518853545188904,0.0,0.8895226260932728,1024.0725146198831,648.8614513482214,0.633608892031505,0.3473684210526316,0.00234192037470726,12.797677993774414,1.402347491111688,3.0,0.0003590583801269531
FLOW-WEB_BROWSING-0100,WEB_BROWSING,PROFILE-02-TRANSPORT-AES128CBC-PFS-IPV4,9670300,58.3,True,2727.0,2727,AES-CBC,TRANSPORT,4,False,False,"{""pages"": 5}",2727.0,2764006.0,49.251094818115234,0.018067166110827305,23.20930092635433,0.3256325632563256,0.6336633663366337,18.382387590810918,55.36932752603444,56120.7016860742,10.840955317020416,0.0,0.8968135380313935,1013.5702236890355,648.3823611209373,0.6397014690911655,0.34543454345434543,0.001467351430667645,13.419639110565186,1.3506936733067125,5.0,0.00033092498779296875
FLOW-WEB_BROWSING-0101,WEB_BROWSING,PROFILE-03-TUNNEL-AES128GCM-NOPFS-IPV4,6001764,39.4,False,1225.0,1225,AES-GCM,TUNNEL,4,False,False,"{""pages"": 4}",1225.0,1231274.0,38.420350074768066,0.03138917489768633,18.264642657093887,0.31673469387755104,0.6065306122448979,13.936120141685672,31.88414466854373,32047.44354499307,11.175468683242798,0.0,0.866096417206893,1005.1216326530612,644.8569168154174,0.6415710257009296,0.3575510204081633,0.0024509803921568627,13.60346508026123,1.6534103133431342,4.0,0.0005059242248535156
FLOW-WEB_BROWSING-0102,WEB_BROWSING,PROFILE-04-TRANSPORT-AES256CBC-PFS-IPV6,7649132,34.9,False,1374.0,1374,AES-CBC,TRANSPORT,6,False,False,"{""pages"": 4}",1374.0,1445812.0,28.20572304725647,0.02054313404752838,19.581198731507193,0.32096069868995636,0.6266375545851528,14.041426520463578,48.71351809340151,51259.526216635386,8.207088390986124,0.0,0.8670338882233651,1052.2649199417758,646.5350979445665,0.6144223623651168,0.3486171761280932,0.0021849963583394027,11.897266149520874,1.4485430393377798,4.0,0.00031685829162597656
FLOW-WEB_BROWSING-0103,WEB_BROWSING,PROFILE-05-TUNNEL-3DESCBC-NOPFS-IPV4,9369318,48.8,True,2065.0,2065,3DES,TUNNEL,4,False,False,"{""pages"": 6}",2065.0,2109478.0,45.759469985961914,0.02217028584591178,21.627216868008695,0.32300242130750606,0.6305084745762712,17.641881263366265,45.127270937218036,46099.266461065774,8.216026830673218,0.0,0.8927146905537768,1021.5389830508475,650.6031149089482,0.6368852542131171,0.3472154963680387,0.0024224806201550387,14.722774028778076,1.390255155337764,6.0,0.0002791881561279297
FLOW-WEB_BROWSING-0104,WEB_BROWSING,PROFILE-06-TUNNEL-AES256GCM-PFS-IPV6,6056021,27.1,False,874.0,874,AES-GCM,TUNNEL,6,False,False,"{""pages"": 4}",874.0,924000.0,19.07886791229248,0.02185437332450456,16.217364326289207,0.32036613272311215,0.6235697940503433,13.429383471797115,45.809845951964654,48430.54652129902,5.517654577891032,0.0,0.8613939393939394,1057.20823798627,648.6069248065184,0.6135091474901483,0.3501144164759725,0.003436426116838488,8.682376861572266,1.471916157308932,4.0,0.0002930164337158203
FLOW-WEB_BROWSING-0105,WEB_BROWSING,PROFILE-09-TUNNEL-NATT-CHACHA-IPV4,3047711,35.6,False,767.0,767,CHACHA20,TUNNEL,4,False,True,"{""pages"": 4}",767.0,775106.0,30.922178983688354,0.04036837987426678,14.694160571866524,0.318122555410691,0.6049543676662321,13.483089801562091,24.804202847561207,25066.344787955382,9.323311726252237,0.0,0.8619079196909842,1010.5684485006519,645.2699183125453,0.6385217342476026,0.35853976531942633,0.0039164490861618795,11.763426065444946,1.640029602321779,4.0,0.00031495094299316406
FLOW-WEB_BROWSING-0106,WEB_BROWSING,PROFILE-01-TUNNEL-AES256GCM-PFS-IPV4,3021422,38.3,True,1518.0,1518,AES-GCM,TUNNEL,4,False,False,"{""pages"": 4}",1518.0,1554396.0,32.60388708114624,0.021492344812884798,20.419890780251134,0.32345191040843213,0.6324110671936759,17.68489001081861,46.55886570278946,47675.174316833414,9.65605902671814,0.0,0.892961639118989,1023.9762845849802,650.2606952366007,0.6350349173371264,0.347167325428195,0.001977587343441002,11.612884998321533,1.3874330005753772,4.0,0.0003230571746826172
FLOW-WEB_BROWSING-0107,WEB_BROWSING,PROFILE-02-TRANSPORT-AES128CBC-PFS-IPV4,2426371,42.2,False,1639.0,1639,AES-CBC,TRANSPORT,4,False,False,"{""pages"": 5}",1639.0,1648150.0,38.64771294593811,0.023594452347947565,19.687890688047457,0.32031726662599147,0.6211104331909701,16.25341791763499,42.408719043548466,42645.4730272266,8.455022037029266,0.0,0.8840809392348997,1005.5826723611958,645.2411170834058,0.6416589454234761,0.350823672971324,0.002442002442002442,13.633954048156738,1.496893403791226,5.0,0.0002789497375488281
FLOW-WEB_BROWSING-0108,WEB_BROWSING,PROFILE-03-TUNNEL-AES128GCM-NOPFS-IPV4,5829625,32.4,True,2155.0,2155,AES-GCM,TUNNEL,4,False,False,"{""pages"": 4}",2155.0,2206402.0,25.9942569732666,0.012067900173289972,27.098160624065187,0.325754060324826,0.6361948955916473,18.65824408845489,82.9029274511011,84880.36423849854,7.242737929026286,0.0,0.8982615135410501,1023.8524361948956,653.3088698196408,0.6380888951611383,0.34477958236658934,0.001392757660167131,14.219949960708618,1.3188540788361829,4.0,0.0002930164337158203
FLOW-WEB_BROWSING-0109,WEB_BROWSING,PROFILE-04-TRANSPORT-AES256CBC-PFS-IPV6,1264299,18.4,True,718.0,718,AES-CBC,TRANSPORT,6,False,False,"{""pages"": 2}",718.0,753444.0,9.031463861465454,0.01259618390720426,21.78357930373641,0.32590529247910865,0.6253481894150418,14.073100468131077,79.49984753451659,83424.34975737648,0.0,0.0,0.8673132973386211,1049.3649025069637,648.5158354672108,0.6180079340541,0.34958217270194986,0.001394700139470014,7.3475868701934814,1.3901407174669556,2.0,0.00026988983154296875
FLOW-WEB_BROWSING-0110,WEB_BROWSING,PROFILE-05-TUNNEL-3DESCBC-NOPFS-IPV4,7406473,45.8,True,2084.0,2084,3DES,TUNNEL,4,False,False,"{""pages"": 5}",2084.0,2133248.0,43.53409504890442,0.02089970957700644,21.844264381681963,0.32149712092130517,0.6305182341650671,17.53193411633887,47.870525335577085,49001.7765984017,9.65226924419403,0.0,0.8920781831273251,1023.6314779270633,649.7166505452326,0.6347173416950419,0.3474088291746641,0.0019203072491598655,13.871970891952515,1.4032166832089283,5.0,0.00030422210693359375
FLOW-WEB_BROWSING-0111,WEB_BROWSING,PROFILE-06-TUNNEL-AES256GCM-PFS-IPV6,3869604,37.4,True,2423.0,2423,AES-GCM,TUNNEL,6,False,False,"{""pages"": 5}",2423.0,2588102.0,38.40058994293213,0.01585490914241624,23.76600806246751,0.3256293850598432,0.6421791167973586,15.894718976434493,63.097988952796506,67397.45414969482,8.452505469322205,0.0,0.8816198125112534,1068.139496491952,653.2596235190582,0.6115864319824637,0.34296326867519605,0.0016515276630883566,12.723510026931763,1.2976588008816128,5.0,0.0003490447998046875
FLOW-WEB_BROWSING-0112,WEB_BROWSING,PROFILE-09-TUNNEL-NATT-CHACHA-IPV4,5961856,6.1,False,724.0,724,CHACHA20,TUNNEL,4,False,True,"{""pages"": 1}",724.0,748116.0,1.6630849838256836,0.0023002558559138088,5.624498270626044,0.324585635359116,0.6353591160220995,17.524142029416133,435.3355403008594,449836.3025797206,0.0,0.0,0.8920327863593347,1033.3093922651933,651.0060114379579,0.6300204143222194,0.34668508287292815,0.0,0.1217050552368164,1.356000750791639,1.0,0.000286102294921875
FLOW-WEB_BROWSING-0113,WEB_BROWSING,PROFILE-01-TUNNEL-AES256GCM-PFS-IPV4,5535692,27.9,True,1688.0,1688,AES-GCM,TUNNEL,4,False,False,"{""pages"": 4}",1688.0,1721452.0,22.23289918899536,0.013178956247181602,19.751287734884922,0.3222748815165877,0.629739336492891,17.10187385644283,75.92352151875501,77428.1386051563,5.851481596628825,0.0,0.8895142008025783,1019.8175355450237,650.0467973497169,0.6374148067598296,0.34893364928909953,0.0017783046828689982,7.912494897842407,1.4367694923720107,4.0,0.00031280517578125
FLOW-WEB_BROWSING-0114,WEB_BROWSING,PROFILE-02-TRANSPORT-AES128CBC-PFS-IPV4,4599074,36.0,False,2294.0,2294,AES-CBC,TRANSPORT,4,False,False,"{""pages"": 7}",2294.0,2312556.0,35.869802951812744,0.01564317616738454,17.53434122392969,0.32301656495204883,0.6259808195292066,17.175327737432802,63.953515526186315,64470.83088542952,4.98196013768514,0.0,0.8899607187890801,1008.0889276373148,646.5853673360962,0.6413971521852896,0.34960767218831734,0.0026166593981683385,8.24946117401123,1.454735293205362,7.0,0.00028395652770996094
FLOW-WEB_BROWSING-0115,WEB_BROWSING,PROFILE-03-TUNNEL-AES128GCM-NOPFS-IPV4,4814659,41.0,True,1943.0,1943,AES-GCM,TUNNEL,4,False,False,"{""pages"": 5}",1943.0,1998322.0,38.52993297576904,0.019840336238810014,21.651807937149652,0.3247555326814205,0.6402470406587751,19.534784306471835,50.42832545859674,51864.14420333193,8.74606305360794,0.0,0.9026042849951109,1028.4724652599073,652.786428783694,0.6347145410633108,0.34328358208955223,0.0020597322348094747,13.025416135787964,1.2752635998509119,5.0,0.0003380775451660156
FLOW-WEB_BROWSING-0116,WEB_BROWSING,PROFILE-04-TRANSPORT-AES256CBC-PFS-IPV6,9054853,17.0,True,464.0,464,AES-CBC,TRANSPORT,6,False,False,"{""pages"": 2}",464.0,489792.0,13.70736312866211,0.029605535915036955,19.78027057657508,0.3254310344827586,0.6293103448275862,14.257367142234129,33.85042007311936,35732.03652683896,0.0,0.0,0.8689157846596106,1055.5862068965516,648.7324254342095,0.6145707675941486,0.34698275862068967,0.0021598272138228943,12.613701105117798,1.3197232908875993,2.0,0.0002720355987548828
FLOW-WEB_BROWSING-0117,WEB_BROWSING,PROFILE-05-TUNNEL-3DESCBC-NOPFS-IPV4,8247960,32.3,False,987.0,987,3DES,TUNNEL,4,False,False,"{""pages"": 3}",987.0,994562.0,25.38370704650879,0.025744124793619462,20.616629177862503,0.32016210739615,0.6099290780141844,14.22086866027976,38.883209540339756,39181.1171700703,11.185266494750977,0.0,0.8686014547107169,1007.6616008105369,646.2390132010356,0.6413254337380899,0.353596757852077,0.002028397565922921,14.927403926849365,1.5856865951166734,3.0,0.0003590583801269531
FLOW-WEB_BROWSING-0118,WEB_BROWSING,PROFILE-06-TUNNEL-AES256GCM-PFS-IPV6,925148,47.0,True,1666.0,1666,AES-GCM,TUNNEL,6,False,False,"{""pages"": 5}",1666.0,1757636.0,39.99202799797058,0.024019236034817166,18.33769873588966,0.3199279711884754,0.6218487394957983,13.344301896647407,41.65830250180216,43949.65916930225,8.827641367912292,0.0,0.8605718135040474,1055.0036014405762,648.8005157448048,0.614974692843595,0.34933973589435774,0.0024024024024024023,11.27430510520935,1.4952031168593551,5.0,0.00028705596923828125
FLOW-WEB_BROWSING-0119,WEB_BROWSING,PROFILE-09-TUNNEL-NATT-CHACHA-IPV4,3591317,43.5,False,1634.0,1634,CHACHA20,TUNNEL,4,False,True,"{""pages"": 5}",1634.0,1681496.0,32.82618308067322,0.0201017655117411,19.71700902159108,0.3237454100367197,0.6309669522643819,16.862032335507447,49.77733768145696,51224.231457784066,7.232253849506378,0.0,0.8880306584136983,1029.0673194614444,651.0915881640569,0.6327006755056622,0.34700122399020805,0.002449479485609308,11.700959205627441,1.3842181263077853,5.0,0.00031185150146484375
FLOW-WEB_BROWSING-0120,WEB_BROWSING,PROFILE-01-TUNNEL-AES256GCM-PFS-IPV4,2861291,58.5,True,1794.0,1794,AES-GCM,TUNNEL,4,False,False,"{""pages"": 7}",1794.0,1802932.0,52.72709107398987,0.029407189667590556,16.37951923570445,0.3193979933110368,0.6070234113712375,14.363453541482038,34.024255149644986,34193.655733255146,7.744954546292623,0.0,0.8698209361196096,1004.9788182831661,645.6228821114078,0.6424243679228421,0.3556298773690078,0.0033463469046291134,10.988606929779053,1.6106301741097675,7.0,0.0003368854522705078
FLOW-WEB_BROWSING-0121,WEB_BROWSING,PROFILE-02-TRANSPORT-AES128CBC-PFS-IPV4,8063164,39.4,False,2310.0,2310,AES-CBC,TRANSPORT,4,False,False,"{""pages"": 7}",2310.0,2339676.0,38.80482602119446,0.016805901265134024,18.823561965472084,0.3229437229437229,0.6341991341991342,18.308718185719474,59.52867817879977,60293.4284184682,5.579456686973572,0.0,0.8964198461667342,1012.8467532467532,647.4705441329081,0.6392581523882015,0.3471861471861472,0.00259852750108272,10.010191917419434,1.4053210815679018,7.0,0.00036406517028808594
FLOW-WEB_BROWSING-0122,WEB_BROWSING,PROFILE-03-TUNNEL-AES128GCM-NOPFS-IPV4,3677500,20.8,False,407.0,407,AES-GCM,TUNNEL,4,False,False,"{""pages"": 2}",407.0,405758.0,11.792665004730225,0.02904597291805474,17.104341134195078,0.31695331695331697,0.5995085995085995,12.879660669083943,34.51297902863737,34407.659323591746,0.0,0.0,0.8559042582031654,996.948402948403,643.3615914762738,0.6453308812909258,0.36117936117936117,0.0024630541871921183,10.0211660861969,1.7834891108736974,2.0,0.00034809112548828125
FLOW-WEB_BROWSING-0123,WEB_BROWSING,PROFILE-04-TRANSPORT-AES256CBC-PFS-IPV6,6157816,36.4,True,1466.0,1466,AES-CBC,TRANSPORT,6,False,False,"{""pages"": 5}",1466.0,1537948.0,27.9918270111084,0.019107049154340205,18.61531951778987,0.32128240109140516,0.6241473396998636,13.197928398663246,52.37242997458602,54942.751660678456,5.929386079311371,0.0,0.8591343790557288,1049.0777626193724,646.2140013670379,0.6159829370070234,0.35129604365620737,0.0027303754266211604,11.10229206085205,1.4971040473969672,5.0,0.000308990478515625
FLOW-WEB_BROWSING-0124,WEB_BROWSING,PROFILE-05-TUNNEL-3DESCBC-NOPFS-IPV4,2145438,20.8,False,798.0,798,3DES,TUNNEL,4,False,False,"{""pages"": 2}",798.0,815620.0,12.529633045196533,0.015720995037887747,23.341325912117362,0.3208020050125313,0.6340852130325815,17.430424368418674,63.68901604073138,65095.282284638255,0.0,0.0,0.891483779210907,1022.0802005012531,650.0425076395414,0.6359995109197348,0.34711779448621555,0.0012547051442910915,10.361671924591064,1.390804315657394,2.0,0.0003018379211425781
FLOW-WEB_BROWSING-0125,WEB_BROWSING,PROFILE-06-TUNNEL-AES256GCM-PFS-IPV6,7100795,49.8,True,1645.0,1645,AES-GCM,TUNNEL,6,False,False,"{""pages"": 5}",1645.0,1744610.0,43.35717797279358,0.026372979302185875,18.688702425981727,0.3209726443768997,0.6291793313069909,14.289916040034354,37.94066119875767,40238.08932155903,9.815469682216644,0.0,0.8691948343755911,1060.5531914893618,650.2341297274884,0.6131084559882829,0.34832826747720363,0.0024330900243309003,12.261507987976074,1.4133432688497758,5.0,0.0003230571746826172
FLOW-WEB_BROWSING-0126,WEB_BROWSING,PROFILE-09-TUNNEL-NATT-CHACHA-IPV4,7855642,29.0,True,1940.0,1940,CHACHA20,TUNNEL,4,False,True,"{""pages"": 5}",1940.0,1998000.0,28.53418803215027,0.014715929877333816,19.616859026149832,0.31958762886597936,0.6324742268041237,16.88335541154989,67.98861764750929,70021.26704109462,6.011081516742706,0.0,0.8881641641641641,1029.8969072164948,649.6961682366348,0.6308361193088446,0.3474226804123711,0.0020629190304280558,8.287952899932861,1.4299849112428937,5.0,0.0003001689910888672
FLOW-WEB_BROWSING-0127,WEB_BROWSING,PROFILE-01-TUNNEL-AES256GCM-PFS-IPV4,5793302,33.7,False,950.0,950,AES-GCM,TUNNEL,4,False,False,"{""pages"": 3}",950.0,962608.0,29.051345109939575,0.030612587049462143,20.183621817175833,0.3294736842105263,0.628421052631579,18.081192515065016,32.70072337115188,33134.71360300818,13.447292566299438,0.0,0.8951847481009922,1013.2715789473684,655.0759537582272,0.6464959319580929,0.3473684210526316,0.002107481559536354,14.28322696685791,1.368664443799694,3.0,0.00040602684020996094
FLOW-WEB_BROWSING-0128,WEB_BROWSING,PROFILE-02-TRANSPORT-AES128CBC-PFS-IPV4,8166660,42.3,False,2461.0,2461,AES-CBC,TRANSPORT,4,False,False,"{""pages"": 5}",2461.0,2509874.0,42.913732051849365,0.017444606525142018,24.888615058279104,0.32466477041852904,0.6407964242177976,19.836438201500965,57.347610714131385,58486.50024117017,9.557530403137207,0.0,0.9040143051005748,1019.8594067452256,648.8147751838279,0.6361806057704094,0.3429500203169443,0.0016260162601626016,14.805272817611694,1.2953606128143798,5.0,0.00024199485778808594
FLOW-WEB_BROWSING-0129,WEB_BROWSING,PROFILE-03-TUNNEL-AES128GCM-NOPFS-IPV4,671202,37.8,True,2223.0,2223,AES-GCM,TUNNEL,4,False,False,"{""pages"": 5}",2223.0,2270606.0,36.70942401885986,0.016520892897776716,21.598565914839877,0.32388663967611336,0.6338281601439496,18.480816088403856,60.556657027849575,61853.490232738375,7.994468510150909,0.0,0.8973348964989963,1021.4152046783626,652.7567561586668,0.639070921569271,0.34727845254161044,0.0018001800180018,10.680156946182251,1.3670787716394752,5.0,0.0002949237823486328
FLOW-WEB_BROWSING-0130,WEB_BROWSING,PROFILE-04-TRANSPORT-AES256CBC-PFS-IPV6,9191437,41.2,True,1996.0,1996,AES-CBC,TRANSPORT,6,False,False,"{""pages"": 6}",1996.0,2096904.0,41.58953309059143,0.02084688375468242,20.635929197264012,0.3186372745490982,0.6222444889779559,13.499806383802623,47.99284463358268,50419.03200578058,7.182992172241211,0.0,0.8620671237214483,1050.5531062124248,644.5535767583505,0.613537357556506,0.35070140280561124,0.002506265664160401,13.174757957458496,1.4945489204831925,6.0,0.0003399848937988281
FLOW-WEB_BROWSING-0131,WEB_BROWSING,PROFILE-05-TUNNEL-3DESCBC-NOPFS-IPV4,4217634,30.7,False,1273.0,1273,3DES,TUNNEL,4,False,False,"{""pages"": 4}",1273.0,1303878.0,25.189260005950928,0.019802877363168967,18.204715026069877,0.32128829536527886,0.6331500392772977,18.157209603009022,50.537411567440074,51763.25146875933,7.415923039118449,0.0,0.8956006620251281,1024.256087981147,649.8297659219439,0.6344407160935568,0.34642576590730556,0.0023584905660377358,8.045925855636597,1.3656877844353987,4.0,0.00031495094299316406
FLOW-WEB_BROWSING-0132,WEB_BROWSING,PROFILE-06-TUNNEL-AES256GCM-PFS-IPV6,2280446,22.9,True,955.0,955,AES-GCM,TUNNEL,6,False,False,"{""pages"": 3}",955.0,1005222.0,16.138437032699585,0.01691660066320711,17.814017185830938,0.3183246073298429,0.6209424083769634,12.989006095354727,59.175495003945294,62287.44443859256,6.529588937759399,0.0,0.8570305862784539,1052.5884816753926,647.9095545383575,0.6155392784719509,0.35287958115183243,0.0020964360587002098,7.379520893096924,1.5430989763238967,3.0,0.00047016143798828125
FLOW-WEB_BROWSING-0133,WEB_BROWSING,PROFILE-09-TUNNEL-NATT-CHACHA-IPV4,7654048,25.5,False,631.0,631,CHACHA20,TUNNEL,4,False,True,"{""pages"": 3}",631.0,647694.0,21.908334016799927,0.034775133359999884,15.822685013101877,0.31061806656101426,0.6212361331220285,13.706948228882833,28.801824890753057,29563.818020271647,9.769121527671814,0.0,0.8640098565063131,1026.4564183835182,642.7579203235667,0.6261911453929951,0.3549920760697306,0.0031746031746031746,10.249300003051758,1.5746306751707992,3.0,0.00031685829162597656
FLOW-WEB_BROWSING-0134,WEB_BROWSING,PROFILE-01-TUNNEL-AES256GCM-PFS-IPV4,3406790,49.3,False,3257.0,3257,AES-GCM,TUNNEL,4,False,False,"{""pages"": 8}",3257.0,3318026.0,48.16948986053467,0.014794069367486078,18.425229416351502,0.32453177770954866,0.6287995087503838,17.361663272534088,67.61541401891542,68882.31554053603,5.708694117409842,0.0,0.8910774056622823,1018.7368744243169,651.3690736407485,0.6393889236696512,0.3475591034694504,0.00214987714987715,7.67093300819397,1.412857838685722,8.0,0.0003371238708496094
FLOW-WEB_BROWSING-0135,WEB_BROWSING,PROFILE-02-TRANSPORT-AES128CBC-PFS-IPV4,8800654,8.6,True,422.0,422,AES-CBC,TRANSPORT,4,False,False,"{""pages"": 2}",422.0,421612.0,6.823541164398193,0.016207936257477892,16.41159440624618,0.31516587677725116,0.6066350710900474,14.74353995519044,61.844721066795024,61787.859095766784,0.0,0.0,0.8729637676346973,999.0805687203791,641.3686551450118,0.6419588922307595,0.35545023696682465,0.0023752969121140144,5.460134983062744,1.5824837640631733,2.0,0.00032019615173339844
FLOW-WEB_BROWSING-0136,WEB_BROWSING,PROFILE-03-TUNNEL-AES128GCM-NOPFS-IPV4,6822545,22.5,True,1479.0,1479,AES-GCM,TUNNEL,4,False,False,"{""pages"": 4}",1479.0,1520938.0,15.700030088424683,0.010622483145077593,18.53559184795159,0.32386747802569305,0.6430020283975659,19.56321994483803,94.2036411185248,96874.84619034948,4.261163791020711,0.0,0.9027389676633761,1028.3556457065586,652.5235482503238,0.6345310116929347,0.34347532116294793,0.0020297699594046007,5.6282570362091064,1.298075131750427,4.0,0.0003199577331542969
FLOW-WEB_BROWSING-0137,WEB_BROWSING,PROFILE-04-TRANSPORT-AES256CBC-PFS-IPV6,8032979,19.6,True,393.0,393,AES-CBC,TRANSPORT,6,False,False,"{""pages"": 2}",393.0,415382.0,12.827626943588257,0.03272353812139862,18.31094421209543,0.31806615776081426,0.628498727735369,13.789646087018443,30.636999479972918,32381.827272239465,0.0,0.0,0.8647702596645979,1056.9516539440203,644.3419510054506,0.609622917567786,0.3486005089058524,0.002551020408163265,11.87863802909851,1.4203129934627816,2.0,0.00033593177795410156
FLOW-WEB_BROWSING-0138,WEB_BROWSING,PROFILE-05-TUNNEL-3DESCBC-NOPFS-IPV4,1170257,17.8,False,1372.0,1372,3DES,TUNNEL,4,False,False,"{""pages"": 2}",1372.0,1410408.0,16.7762770652771,0.012236525941121151,31.82181561795697,0.32434402332361517,0.6399416909620991,19.308835387628154,81.78214955925552,84071.57288306885,0.0,0.0,0.9015206947209602,1027.9941690962098,652.5186636257956,0.6347493820898574,0.34402332361516036,0.0007293946024799417,14.419984102249146,1.2801559122598876,2.0,0.0002720355987548828
FLOW-WEB_BROWSING-0139,WEB_BROWSING,PROFILE-06-TUNNEL-AES256GCM-PFS-IPV6,691864,52.5,False,2618.0,2618,AES-GCM,TUNNEL,6,False,False,"{""pages"": 8}",2618.0,2777900.0,50.39428997039795,0.019256511261137924,19.054439729301578,0.32161955691367455,0.6321619556913675,14.669208727239909,51.95033011751602,55123.308645319994,6.271516868046352,0.0,0.8723611361100112,1061.0771581359816,651.0313174672838,0.6135569995785842,0.3460656990068755,0.0026748184944593045,13.407042980194092,1.4013417603467402,8.0,0.0002930164337158203
FLOW-WEB_BROWSING-0140,WEB_BROWSING,PROFILE-09-TUNNEL-NATT-CHACHA-IPV4,3154009,32.6,False,1369.0,1369,CHACHA20,TUNNEL,4,False,True,"{""pages"": 3}",1369.0,1407914.0,30.068377017974854,0.021979807761677524,23.46415973524416,0.32359386413440466,0.631117604090577,17.26040829031672,45.52956081339584,46823.744399584655,13.490450024604797,0.0,0.8904734238028743,1028.4251278305333,651.2000343331996,0.6332012090242375,0.34696859021183346,0.0014619883040935672,13.906562089920044,1.3747806981174262,3.0,0.00032806396484375
FLOW-WEB_BROWSING-0141,WEB_BROWSING,PROFILE-01-TUNNEL-AES256GCM-PFS-IPV4,8532238,29.3,False,752.0,752,AES-GCM,TUNNEL,4,False,False,"{""pages"": 3}",752.0,760820.0,29.54093289375305,0.039335463240683155,17.875719224710217,0.32180851063829785,0.6156914893617021,14.553602093384578,25.456203522909853,25754.772292952493,13.64401650428772,0.0,0.8714124234378696,1011.7287234042553,646.0161473053283,0.6385270402639348,0.3537234042553192,0.002663115845539281,13.680546998977661,1.5668936269135272,3.0,0.0002970695495605469
FLOW-WEB_BROWSING-0142,WEB_BROWSING,PROFILE-02-TRANSPORT-AES128CBC-PFS-IPV4,4940751,33.8,True,1791.0,1791,AES-CBC,TRANSPORT,4,False,False,"{""pages"": 4}",1791.0,1818054.0,30.96296000480652,0.01729774301944498,23.70938309357665,0.3221663874930207,0.6359575656058069,18.518745168770934,57.84330696167211,58717.06063366601,9.017263253529867,0.0,0.8975343966680858,1015.105527638191,647.1861643716993,0.6375555513696036,0.3461753210496929,0.0016759776536312849,14.66725492477417,1.3675611557274547,4.0,0.0002949237823486328
FLOW-WEB_BROWSING-0143,WEB_BROWSING,PROFILE-03-TUNNEL-AES128GCM-NOPFS-IPV4,1281234,27.6,False,1874.0,1874,AES-GCM,TUNNEL,4,False,False,"{""pages"": 3}",1874.0,1923296.0,15.930265188217163,0.00850521366162155,24.19441042591373,0.3244397011739594,0.6376734258271078,19.19802146562769,117.63771524570137,120732.20233788498,6.226722955703735,0.0,0.9009804003127964,1026.3052294557097,652.8080848373446,0.6360759607388482,0.3441835645677695,0.0010678056593699946,7.143801927566528,1.2970364497049758,3.0,0.00030493736267089844
FLOW-WEB_BROWSING-0144,WEB_BROWSING,PROFILE-04-TRANSPORT-AES256CBC-PFS-IPV6,3863964,42.2,True,1919.0,1919,AES-CBC,TRANSPORT,6,False,False,"{""pages"": 5}",1919.0,2035018.0,37.8748619556427,0.01974706045653947,21.94706229385124,0.32412714955706096,0.638353309015112,15.332407704654896,50.666851333938716,53730.04401661766,8.507889688014984,0.0,0.8775440806911781,1060.4575299635226,648.8311157162273,0.6118407360816662,0.3439291297550808,0.0020855057351407717,13.703511953353882,1.320370590785044,5.0,0.00026607513427734375
FLOW-WEB_BROWSING-0145,WEB_BROWSING,PROFILE-05-TUNNEL-3DESCBC-NOPFS-IPV4,4825202,56.5,True,2130.0,2130,3DES,TUNNEL,4,False,False,"{""pages"": 6}",2130.0,2172220.0,43.71664905548096,0.02053388870619115,19.34420324160932,0.32535211267605635,0.6305164319248826,18.017860269655053,48.72285607473732,49688.62085571169,7.7707618236541744,0.0,0.8948356980416349,1019.8215962441315,652.5472415422539,0.6398641134346433,0.3464788732394366,0.0023485204321277596,11.953360080718994,1.3551479171718201,6.0,0.0003352165222167969
FLOW-WEB_BROWSING-0146,WEB_BROWSING,PROFILE-06-TUNNEL-AES256GCM-PFS-IPV6,9821619,40.3,True,2504.0,2504,AES-GCM,TUNNEL,6,False,False,"{""pages"": 5}",2504.0,2667604.0,35.8760781288147,0.014333231373877226,23.88765902053405,0.3230830670926518,0.6365814696485623,15.096861008194447,69.79581187802283,74356.06507550368,7.639248013496399,0.0,0.8757521731111515,1065.3370607028753,651.8055053016449,0.6118303111238845,0.3454472843450479,0.0015980823012385138,13.985760927200317,1.3385281783427687,5.0,0.0003719329833984375
FLOW-WEB_BROWSING-0147,WEB_BROWSING,PROFILE-09-TUNNEL-NATT-CHACHA-IPV4,4591540,26.8,True,573.0,573,CHACHA20,TUNNEL,4,False,True,"{""pages"": 3}",573.0,578586.0,21.974934101104736,0.038417716959973314,17.134870868262507,0.3158813263525305,0.5986038394415357,12.937801117749085,26.0751635187472,26329.362233259802,9.965150475502014,0.0,0.8565053423345881,1009.7486910994764,642.9713688586222,0.6367637557009511,0.35951134380453753,0.0034965034965034965,14.963867902755737,1.6558057102314343,3.0,0.00034999847412109375
FLOW-WEB_BROWSING-0148,WEB_BROWSING,PROFILE-01-TUNNEL-AES256GCM-PFS-IPV4,9467619,45.8,False,1909.0,1909,AES-GCM,TUNNEL,4,False,False,"{""pages"": 5}",1909.0,1947542.0,36.19702696800232,0.018971188138365996,20.845898993400244,0.321634363541121,0.6291251964379256,17.069940061979253,52.73913798742449,53803.921568519996,7.80193030834198,0.0,0.8893189466517282,1020.1896280775275,649.7677545178884,0.6369088026726248,0.3473022524882137,0.0020964360587002098,14.00615119934082,1.4366826889827178,5.0,0.00034308433532714844
FLOW-WEB_BROWSING-0149,WEB_BROWSING,PROFILE-02-TRANSPORT-AES128CBC-PFS-IPV4,4592293,30.3,False,1808.0,1808,AES-CBC,TRANSPORT,4,False,False,"{""pages"": 4}",1808.0,1837984.0,27.36930799484253,0.015146268951213354,20.469162038199887,0.3202433628318584,0.6344026548672567,18.154445787652673,66.0593976413543,67154.93136861004,7.5255764325459795,0.0,0.8955855981336073,1016.5840707964602,645.589292791859,0.6350574549983465,0.34623893805309736,0.0016602102933038186,9.132626056671143,1.4014282961986253,4.0,0.0004899501800537109
FLOW-WEB_BROWSING-0150,WEB_BROWSING,PROFILE-03-TUNNEL-AES128GCM-NOPFS-IPV4,4113655,24.6,True,938.0,938,AES-GCM,TUNNEL,4,False,False,"{""pages"": 3}",938.0,955720.0,19.014729976654053,0.020293201682661743,20.745163979505534,0.32409381663113007,0.6279317697228145,17.356637984019667,49.33017724425536,50262.08634955195,8.4733145236969,0.0,0.8910475871594191,1018.8912579957356,650.2441913858509,0.6381880169086428,0.34968017057569295,0.0021344717182497333,11.844632148742676,1.4068039916119357,3.0,0.0002720355987548828
FLOW-WEB_BROWSING-0151,WEB_BROWSING,PROFILE-04-TRANSPORT-AES256CBC-PFS-IPV6,5722237,15.0,False,349.0,349,AES-CBC,TRANSPORT,6,False,False,"{""pages"": 2}",349.0,364222.0,4.611083984375,0.01325024133441092,13.535592178758643,0.3151862464183381,0.6103151862464183,11.38176502583628,75.68719224863663,78988.3682956531,0.0,0.0,0.8384721406175355,1043.6160458452723,638.7898312964478,0.6120927651884297,0.3553008595988539,0.0028735632183908046,3.3436450958251953,1.6427018892144414,2.0,0.00042700767517089844
FLOW-WEB_BROWSING-0152,WEB_BROWSING,PROFILE-05-TUNNEL-3DESCBC-NOPFS-IPV4,4652158,18.0,False,763.0,763,3DES,TUNNEL,4,False,False,"{""pages"": 2}",763.0,774490.0,12.053572177886963,0.015818336191452707,22.933820257106692,0.3237221494102228,0.6238532110091743,16.300080414581846,63.30073680562278,64253.98119080837,0.0,0.0,0.8843936009503028,1015.0589777195282,649.8077872329833,0.6401675188301543,0.35124508519003933,0.0013123359580052493,10.017312049865723,1.4876533696927183,2.0,0.00033283233642578125
FLOW-WEB_BROWSING-0153,WEB_BROWSING,PROFILE-06-TUNNEL-AES256GCM-PFS-IPV6,2944872,39.1,True,4041.0,4041,AES-GCM,TUNNEL,6,False,False,"{""pages"": 6}",4041.0,4309290.0,35.44949507713318,0.008774627494339896,25.634191673709193,0.32516703786191536,0.6401880722593417,15.689090275357268,113.9931610085657,121561.39292318786,5.564841365814209,0.0,0.8801612330569538,1066.391982182628,653.5947818425554,0.6129029407224315,0.3437268002969562,0.0012376237623762376,10.05970287322998,1.2932249367156012,6.0,0.00032806396484375
FLOW-WEB_BROWSING-0154,WEB_BROWSING,PROFILE-09-TUNNEL-NATT-CHACHA-IPV4,8738314,39.0,True,2030.0,2030,CHACHA20,TUNNEL,4,False,True,"{""pages"": 4}",2030.0,2080496.0,37.823466062545776,0.01864143226345282,22.518913147942907,0.3251231527093596,0.625615763546798,15.979482575695748,53.67038538041818,55005.42960710271,10.878671964009603,0.0,0.882210780506187,1024.8748768472906,651.1752430429751,0.6353704805859947,0.3482758620689655,0.0014785608674223755,11.772727012634277,1.4506785343507922,4.0,0.0003859996795654297
FLOW-WEB_BROWSING-0155,WEB_BROWSING,PROFILE-01-TUNNEL-AES256GCM-PFS-IPV4,5553011,25.6,True,1193.0,1193,AES-GCM,TUNNEL,4,False,False,"{""pages"": 4}",1193.0,1224446.0,24.85330104827881,0.02085008477204598,21.74114436403852,0.32271584241408213,0.6370494551550713,18.35515791470393,48.00167179734139,49266.93631648573,7.397161960601807,0.0,0.8966683708387303,1026.3587594300084,650.4783399843146,0.6337728732841524,0.3461860854987427,0.0025167785234899327,14.735740900039673,1.3500705120596384,4.0,0.00035309791564941406
FLOW-WEB_BROWSING-0156,WEB_BROWSING,PROFILE-02-TRANSPORT-AES128CBC-PFS-IPV4,8957864,43.9,True,3223.0,3223,AES-CBC,TRANSPORT,4,False,False,"{""pages"": 6}",3223.0,3280582.0,43.36128306388855,0.013457878045899612,24.465661055022853,0.32578343158547934,0.6403971455165994,20.22419905801977,74.3289813461292,75656.94020553745,7.5758482933044435,0.0,0.9057679399569954,1017.8659633881476,649.5793655791532,0.6381777060477717,0.34377908780639155,0.0015518311607697084,11.66205620765686,1.2879612014336193,6.0,0.0002720355987548828
FLOW-WEB_BROWSING-0157,WEB_BROWSING,PROFILE-03-TUNNEL-AES128GCM-NOPFS-IPV4,1555213,50.5,False,1868.0,1868,AES-GCM,TUNNEL,4,False,False,"{""pages"": 5}",1868.0,1907752.0,38.10533905029297,0.020409929860896073,21.133711515291697,0.32441113490364026,0.6343683083511777,18.333495480157282,49.02200181277847,50065.21520467438,8.535899698734283,0.0,0.8965525917414842,1021.2805139186296,652.7540309735331,0.6391525365239086,0.34582441113490364,0.0021424745581146223,12.16611099243164,1.3562078027886633,5.0,0.0003230571746826172
FLOW-WEB_BROWSING-0158,WEB_BROWSING,PROFILE-04-TRANSPORT-AES256CBC-PFS-IPV6,2460931,46.0,False,1883.0,1883,AES-CBC,TRANSPORT,6,False,False,"{""pages"": 6}",1883.0,1977602.0,45.86103105545044,0.024368241793544337,18.556165184043586,0.31970260223048325,0.620817843866171,12.62191241097136,41.058823944085994,43121.621003437256,7.9512652397155765,0.0,0.8531777374820616,1050.2400424853956,643.8043871815644,0.6130068947456999,0.35209771640998405,0.002656748140276302,14.335778951644897,1.534870629872307,6.0,0.0004990100860595703
FLOW-WEB_BROWSING-0159,WEB_BROWSING,PROFILE-05-TUNNEL-3DESCBC-NOPFS-IPV4,8522919,15.4,True,895.0,895,3DES,TUNNEL,4,False,False,"{""pages"": 2}",895.0,913602.0,15.04098105430603,0.016824363595420614,26.203619446839003,0.3240223463687151,0.6312849162011173,18.39707006369427,59.50409729050045,60740.85172379418,0.0,0.0,0.8968916442827402,1020.7843575418995,652.3357169253737,0.6390534025190504,0.3463687150837989,0.0011185682326621924,13.186940908432007,1.3471422246635636,2.0,0.00031495094299316406
FLOW-WEB_BROWSING-0160,WEB_BROWSING,PROFILE-06-TUNNEL-AES256GCM-PFS-IPV6,9797400,45.8,False,1481.0,1481,AES-GCM,TUNNEL,6,False,False,"{""pages"": 5}",1481.0,1569702.0,42.748790979385376,0.02888431822931444,19.00715484119079,0.3173531397704254,0.62525320729237,13.416542679230727,34.64425463433991,36719.213901439995,9.665789484977722,0.0,0.8612704831872546,1059.8933153274813,647.7161555751015,0.6111144831354776,0.34908845374746794,0.002702702702702703,14.451267957687378,1.4707614978468058,5.0,0.0003628730773925781
FLOW-WEB_BROWSING-0161,WEB_BROWSING,PROFILE-09-TUNNEL-NATT-CHACHA-IPV4,8633476,7.5,True,499.0,499,CHACHA20,TUNNEL,4,False,True,"{""pages"": 2}",499.0,506842.0,8.260060787200928,0.01658646744417857,16.35610651608109,0.3066132264529058,0.6012024048096193,12.489168041730984,60.41117769656211,61360.56538292773,0.0,0.0,0.8517328871719392,1015.7154308617235,638.3538002792998,0.6284770132297058,0.3587174348697395,0.002008032128514056,6.052404880523682,1.697129916113987,2.0,0.0003581047058105469
FLOW-WEB_BROWSING-0162,WEB_BROWSING,PROFILE-01-TUNNEL-AES256GCM-PFS-IPV4,2932524,8.9,True,338.0,338,AES-GCM,TUNNEL,4,False,False,"{""pages"": 1}",338.0,345440.0,0.529285192489624,0.0015705792062006647,6.098117196189316,0.3254437869822485,0.636094674556213,18.413285377093402,638.5971207887628,652653.8148084917,0.0,0.0,0.8969777674849467,1022.0118343195267,654.5707115568172,0.6404727318961446,0.34615384615384615,0.0,0.11641597747802734,1.2827853490192933,1.0,0.0002009868621826172
FLOW-WEB_BROWSING-0163,WEB_BROWSING,PROFILE-02-TRANSPORT-AES128CBC-PFS-IPV4,9358763,7.7,False,378.0,378,AES-CBC,TRANSPORT,4,False,False,"{""pages"": 1}",378.0,378676.0,1.3859140872955322,0.0036761646877865577,4.383361944827705,0.30952380952380953,0.6111111111111112,14.36086321596625,272.74417906930137,273231.9437916581,0.0,0.0,0.8697989838278634,1001.7883597883598,639.3112345949498,0.638169957105523,0.3544973544973545,0.0,0.12251091003417969,1.6276611609178981,1.0,0.0002720355987548828
FLOW-WEB_BROWSING-0164,WEB_BROWSING,PROFILE-03-TUNNEL-AES128GCM-NOPFS-IPV4,9460758,47.5,True,2047.0,2047,AES-GCM,TUNNEL,4,False,False,"{""pages"": 7}",2047.0,2071866.0,47.831568002700806,0.023378087977859632,17.42993028295921,0.3180263800683928,0.6140693698094772,15.11368974474638,42.796004510753576,43315.87038674986,6.827648957570394,0.0,0.8758819344494286,1012.1475329750855,645.8497980369334,0.6380984757612715,0.353199804592086,0.002932551319648094,11.557414054870605,1.5762024034179076,7.0,0.00039696693420410156
FLOW-WEB_BROWSING-0165,WEB_BROWSING,PROFILE-04-TRANSPORT-AES256CBC-PFS-IPV6,8176566,58.1,True,2345.0,2345,AES-CBC,TRANSPORT,6,False,False,"{""pages"": 6}",2345.0,2470086.0,56.935023069381714,0.024289685609804487,20.549095614565836,0.3215351812366738,0.6277185501066098,14.082468309601152,41.18730218379563,43384.29786864094,10.221267938613892,0.0,0.8673957101088788,1053.34157782516,646.7234284603173,0.6139731328137742,0.3488272921108742,0.0021331058020477816,13.555512189865112,1.432604576707168,6.0,0.0003218650817871094
FLOW-WEB_BROWSING-0166,WEB_BROWSING,PROFILE-05-TUNNEL-3DESCBC-NOPFS-IPV4,2837526,7.8,False,654.0,654,3DES,TUNNEL,4,False,False,"{""pages"": 2}",654.0,664188.0,6.114228010177612,0.00936328944897031,17.024983962189836,0.3211009174311927,0.6207951070336392,15.972146982163848,106.96362630104171,108629.903708924,0.0,0.0,0.8821598703981401,1015.5779816513761,648.7261046879261,0.6387752751719448,0.35015290519877673,0.0015313935681470138,4.061765193939209,1.5001397634497577,2.0,0.00035119056701660156
FLOW-WEB_BROWSING-0167,WEB_BROWSING,PROFILE-06-TUNNEL-AES256GCM-PFS-IPV6,5075888,46.4,True,1344.0,1344,AES-GCM,TUNNEL,6,False,False,"{""pages"": 6}",1344.0,1407220.0,45.01390099525452,0.033517424419400234,16.257860941699356,0.32068452380952384,0.6138392857142857,12.516665065795793,29.857443373807747,31261.898411078677,8.096254444122314,0.0,0.8520345077528745,1047.0386904761904,648.0638046763784,0.6189492428227659,0.35342261904761907,0.0037230081906180195,14.83837604522705,1.5847805865853453,6.0,0.0003979206085205078
FLOW-WEB_BROWSING-0168,WEB_BROWSING,PROFILE-09-TUNNEL-NATT-CHACHA-IPV4,3819683,28.4,False,1014.0,1014,CHACHA20,TUNNEL,4,False,True,"{""pages"": 4}",1014.0,1040528.0,24.169361114501953,0.023859191623397783,18.228730855557686,0.3185404339250493,0.626232741617357,15.092795941724148,41.953943060231985,43051.531030154896,7.0994133949279785,0.0,0.8757207879076776,1026.1617357001971,646.9779036154256,0.6304833644707702,0.3520710059171598,0.0029615004935834156,12.314126014709473,1.5318585147965498,4.0,0.0002770423889160156
FLOW-WEB_BROWSING-0169,WEB_BROWSING,PROFILE-01-TUNNEL-AES256GCM-PFS-IPV4,6383193,46.3,True,2264.0,2264,AES-GCM,TUNNEL,4,False,False,"{""pages"": 6}",2264.0,2303348.0,46.56147313117981,0.020575109647008313,19.865106139752715,0.3206713780918728,0.6263250883392226,16.83439667988107,48.62389112177631,49468.96747683799,8.096087217330933,0.0,0.8878571540210164,1017.3798586572439,650.2913866179578,0.6391824853661089,0.3480565371024735,0.002209456473707468,13.607576131820679,1.423839655911309,6.0,0.00035190582275390625
FLOW-WEB_BROWSING-0170,WEB_BROWSING,PROFILE-02-TRANSPORT-AES128CBC-PFS-IPV4,5991856,19.6,False,1166.0,1166,AES-CBC,TRANSPORT,4,False,False,"{""pages"": 3}",1166.0,1176140.0,18.54091501235962,0.015914948508463193,23.179547071679625,0.32075471698113206,0.6243567753001715,16.44963057476039,62.88794265130545,63434.841226334815,7.741318941116333,0.0,0.885384393014437,1008.696397941681,644.7347603909078,0.6391762295439306,0.3507718696397942,0.0017167381974248926,12.14521598815918,1.469094371060975,3.0,0.00036215782165527344
FLOW-WEB_BROWSING-0171,WEB_BROWSING,PROFILE-03-TUNNEL-AES128GCM-NOPFS-IPV4,5235422,30.7,True,1785.0,1785,AES-GCM,TUNNEL,4,False,False,"{""pages"": 5}",1785.0,1816322.0,20.488928079605103,0.011484825156729318,17.1639146663864,0.3204481792717087,0.6235294117647059,16.133496839920763,87.12022381379767,88648.95190920145,3.896136999130249,0.0,0.8832695964702294,1017.5473389355742,648.0996509511125,0.6369233412069754,0.35126050420168065,0.002242152466367713,6.390596866607666,1.478447259638874,5.0,0.000347137451171875
FLOW-WEB_BROWSING-0172,WEB_BROWSING,PROFILE-04-TRANSPORT-AES256CBC-PFS-IPV6,4160406,40.9,True,1612.0,1612,AES-CBC,TRANSPORT,6,False,False,"{""pages"": 5}",1612.0,1693352.0,40.08518195152283,0.024882173774998653,19.976278525418845,0.3207196029776675,0.6240694789081885,13.804616191641895,40.21436155508733,42243.83968240089,8.970677733421326,0.0,0.8649070010251856,1050.4665012406947,645.9721822897844,0.6149383931109023,0.34863523573200994,0.002482929857231533,14.572738885879517,1.4566259742361796,5.0,0.0004169940948486328
FLOW-WEB_BROWSING-0173,WEB_BROWSING,PROFILE-05-TUNNEL-3DESCBC-NOPFS-IPV4,7617670,29.0,True,1329.0,1329,3DES,TUNNEL,4,False,False,"{""pages"": 3}",1329.0,1357238.0,26.227625131607056,0.019749717719583625,22.109137961471657,0.32054176072234764,0.6290443942814146,15.977359151405985,50.67176281997468,51748.41386475305,11.24567198753357,0.0,0.8821960481507296,1021.247554552295,648.3583340918966,0.6348689220373512,0.3491346877351392,0.0015060240963855422,11.77111005783081,1.491977141252792,3.0,0.0003809928894042969
FLOW-WEB_BROWSING-0174,WEB_BROWSING,PROFILE-06-TUNNEL-AES256GCM-PFS-IPV6,829895,35.7,False,2457.0,2457,AES-GCM,TUNNEL,6,False,False,"{""pages"": 5}",2457.0,2609974.0,32.818220138549805,0.013362467483122885,25.122846554482646,0.3243793243793244,0.6361416361416361,15.307852840468872,74.86694859219052,79528.200767177,6.995486259460449,0.0,0.8773596978360704,1062.2604802604803,653.3228953380583,0.6150307833892633,0.34595034595034596,0.0016286644951140066,14.084120988845825,1.334073296632229,5.0,0.0003581047058105469
FLOW-WEB_BROWSING-0175,WEB_BROWSING,PROFILE-09-TUNNEL-NATT-CHACHA-IPV4,8393123,43.9,False,1978.0,1978,CHACHA20,TUNNEL,4,False,True,"{""pages"": 7}",1978.0,2026116.0,43.42943811416626,0.02196734350741844,16.94964992646619,0.3230535894843276,0.6243680485338726,15.301258327165064,45.54514370644818,46653.05580684224,6.255025029182434,0.0,0.8773100849112291,1024.3255813953488,649.7356786696307,0.6343058207963066,0.35085945399393326,0.0030349013657056147,11.240229845046997,1.4732457949659319,7.0,0.0003108978271484375
FLOW-WEB_BROWSING-0176,WEB_BROWSING,PROFILE-01-TUNNEL-AES256GCM-PFS-IPV4,4724921,45.6,False,1483.0,1483,AES-GCM,TUNNEL,4,False,False,"{""pages"": 5}",1483.0,1500506.0,41.96620488166809,0.02831727724808913,18.00652241247798,0.32231962238705325,0.6183412002697235,15.757940585213312,35.33795834485411,35755.10352272667,9.367667734622955,0.0,0.880653592854677,1011.8044504383007,648.7858941178929,0.6412166835566371,0.3519892110586649,0.002699055330634278,14.369588851928711,1.4999239962716286,5.0,0.00045108795166015625
FLOW-WEB_BROWSING-0177,WEB_BROWSING,PROFILE-02-TRANSPORT-AES128CBC-PFS-IPV4,7664614,22.8,False,1186.0,1186,AES-CBC,TRANSPORT,4,False,False,"{""pages"": 3}",1186.0,1187828.0,24.06983208656311,0.02031209458781697,21.62488808857623,0.3254637436762226,0.6180438448566611,17.175291489426815,49.27329761731408,49349.24330706488,10.442321538925171,0.0,0.8899604993315531,1001.5413153456998,647.4428975814151,0.6464465196405189,0.35160202360876897,0.0016877637130801688,12.76838207244873,1.443064417000606,3.0,0.0003769397735595703
FLOW-WEB_BROWSING-0178,WEB_BROWSING,PROFILE-03-TUNNEL-AES128GCM-NOPFS-IPV4,832198,30.2,True,499.0,499,AES-GCM,TUNNEL,4,False,False,"{""pages"": 4}",499.0,494270.0,29.83920192718506,0.05991807615900614,12.408337351079387,0.31462925851703405,0.5871743486973948,12.972691807542263,16.722967364129975,16564.45106025756,9.349501291910807,0.0,0.8568636575151233,990.5210420841684,643.7083080322749,0.6498683830863803,0.3587174348697395,0.006024096385542169,12.278598070144653,1.757980737353679,4.0,0.00043392181396484375
FLOW-WEB_BROWSING-0179,WEB_BROWSING,PROFILE-04-TRANSPORT-AES256CBC-PFS-IPV6,46216,42.9,False,2338.0,2338,AES-CBC,TRANSPORT,6,False,False,"{""pages"": 5}",2338.0,2477692.0,43.26229000091553,0.018511891314041733,21.57695868595046,0.3237810094097519,0.6377245508982036,14.935350261120115,54.042446665456744,57271.40195185152,9.611629009246826,0.0,0.8744928748205991,1059.748502994012,648.2497129847592,0.6117014661057012,0.34644995722840033,0.0017115960633290544,11.118793964385986,1.3500611117229513,5.0,0.0003139972686767578
FLOW-WEB_BROWSING-0180,WEB_BROWSING,PROFILE-05-TUNNEL-3DESCBC-NOPFS-IPV4,5697590,18.1,False,959.0,959,3DES,TUNNEL,4,False,False,"{""pages"": 3}",959.0,977210.0,15.01088809967041,0.015668985490261387,18.709977198218027,0.3232533889468196,0.6287799791449427,17.18471100524768,63.8869594944923,65100.07892347531,6.1835644245147705,0.0,0.8900174987975973,1018.9885297184567,650.6182307973737,0.6384941653633113,0.34932221063607927,0.0020876826722338203,7.9003729820251465,1.4049630172869974,3.0,0.00028896331787109375
FLOW-WEB_BROWSING-0181,WEB_BROWSING,PROFILE-06-TUNNEL-AES256GCM-PFS-IPV6,7414877,50.7,False,2226.0,2226,AES-GCM,TUNNEL,6,False,False,"{""pages"": 6}",2226.0,2368964.0,50.55848288536072,0.022722913656341895,20.619049534169324,0.3216531895777179,0.6347708894878706,14.982108402034731,44.0282198547643,46855.91546272321,9.135681772232056,0.0,0.8748600654125601,1064.2246181491464,651.2039826314154,0.6119046407364278,0.3454627133872417,0.0022471910112359553,12.796113967895508,1.3606193212611881,6.0,0.0003139972686767578
FLOW-WEB_BROWSING-0182,WEB_BROWSING,PROFILE-09-TUNNEL-NATT-CHACHA-IPV4,9574789,44.6,True,1271.0,1271,CHACHA20,TUNNEL,4,False,True,"{""pages"": 4}",1271.0,1306946.0,37.659873962402344,0.029653444064883735,18.63554428932825,0.3147128245476003,0.6254917387883556,15.674908775421674,33.74944911575913,34703.93983009042,11.333401997884115,0.0,0.8800593138507635,1028.28166797797,646.7043554347032,0.6289175189774542,0.3485444531864674,0.002362204724409449,12.383241891860962,1.4969112991347249,4.0,0.0003209114074707031
FLOW-WEB_BROWSING-0183,WEB_BROWSING,PROFILE-01-TUNNEL-AES256GCM-PFS-IPV4,5651456,36.5,True,945.0,945,AES-GCM,TUNNEL,4,False,False,"{""pages"": 4}",945.0,944998.0,36.65515899658203,0.038829617581125034,16.608895993168215,0.31851851851851853,0.6010582010582011,13.301682910587807,25.780818467821078,25780.76390524231,10.879493316014608,0.0,0.8601563177911488,999.9978835978836,645.4701973421348,0.6454715634195177,0.35978835978835977,0.0031779661016949155,13.704973936080933,1.674848145440739,4.0,0.0004780292510986328
FLOW-WEB_BROWSING-0184,WEB_BROWSING,PROFILE-02-TRANSPORT-AES128CBC-PFS-IPV4,6979426,14.1,True,1551.0,1551,AES-CBC,TRANSPORT,4,False,False,"{""pages"": 3}",1551.0,1576726.0,12.671046018600464,0.008174868399097073,19.975486418781475,0.31979368149580917,0.6331399097356544,18.205880919898654,122.40504830644679,124435.34635462967,4.51625657081604,0.0,0.895865229596011,1016.5867182462927,645.462554910319,0.6349311311324256,0.34558349451966475,0.0012903225806451613,4.963944911956787,1.3905789618875273,3.0,0.0003058910369873047
FLOW-WEB_BROWSING-0185,WEB_BROWSING,PROFILE-03-TUNNEL-AES128GCM-NOPFS-IPV4,9801587,39.4,True,967.0,967,AES-GCM,TUNNEL,4,False,False,"{""pages"": 3}",967.0,985230.0,30.49963688850403,0.031573123072985536,20.09751029623275,0.3247156153050672,0.6287487073422957,17.049794811666423,31.70529549368121,32303.00752765206,13.952019929885864,0.0,0.8891954162987323,1018.852119958635,651.103832325247,0.6390562669209361,0.34953464322647365,0.002070393374741201,14.41734790802002,1.4367315551174349,3.0,0.00032711029052734375
FLOW-WEB_BROWSING-0186,WEB_BROWSING,PROFILE-04-TRANSPORT-AES256CBC-PFS-IPV6,4864097,46.9,True,2809.0,2809,AES-CBC,TRANSPORT,6,False,False,"{""pages"": 8}",2809.0,2968198.0,41.48087000846863,0.014772389604155495,17.780982153809155,0.32217871128515485,0.6308294766820933,14.14881389841581,67.71796250721168,71555.82800924909,4.900617906025478,0.0,0.867976462486667,1056.6742613029548,646.5566441603639,0.6118788616684137,0.34745461018155926,0.002492877492877493,8.51002311706543,1.4156170855043442,8.0,0.0003390312194824219
FLOW-WEB_BROWSING-0187,WEB_BROWSING,PROFILE-05-TUNNEL-3DESCBC-NOPFS-IPV4,4957657,23.7,False,297.0,297,3DES,TUNNEL,4,False,False,"{""pages"": 2}",297.0,295118.0,12.377185106277466,0.04181481454823468,15.267149988474074,0.31986531986531985,0.5959595959595959,13.05189981906485,23.995762966279578,23843.709007011774,0.0,0.0,0.8576704911255837,993.6632996632997,644.4675257011698,0.6485773661154096,0.3602693602693603,0.0033783783783783786,11.002501964569092,1.7010668671467943,2.0,0.0005278587341308594
FLOW-WEB_BROWSING-0188,WEB_BROWSING,PROFILE-06-TUNNEL-AES256GCM-PFS-IPV6,6191296,26.0,False,1047.0,1047,AES-GCM,TUNNEL,6,False,False,"{""pages"": 3}",1047.0,1111710.0,26.105247974395752,0.02495721603670722,21.143167560148218,0.31996179560649474,0.6313276026743075,14.314075543433342,40.10687816591156,42585.69009152392,11.675861477851868,0.0,0.8694011927571039,1061.805157593123,649.6219224092154,0.6118089724500531,0.3467048710601719,0.0019120458891013384,14.764649868011475,1.4157473145573054,3.0,0.00043010711669921875
FLOW-WEB_BROWSING-0189,WEB_BROWSING,PROFILE-09-TUNNEL-NATT-CHACHA-IPV4,2743127,51.0,True,2997.0,2997,CHACHA20,TUNNEL,4,False,True,"{""pages"": 6}",2997.0,3086926.0,48.83557891845703,0.016300259986133856,22.944617030228994,0.3233233233233233,0.6316316316316316,17.013433079688156,61.36919160934339,63210.59498760892,8.375428771972656,0.0,0.8889717472981211,1030.0053386720053,651.2002521549083,0.6322299775596371,0.3470136803470137,0.0016688918558077437,13.30302906036377,1.3984664382147172,6.0,0.0002810955047607422
FLOW-WEB_BROWSING-0190,WEB_BROWSING,PROFILE-01-TUNNEL-AES256GCM-PFS-IPV4,3314155,9.1,False,455.0,455,AES-GCM,TUNNEL,4,False,False,"{""pages"": 1}",455.0,465030.0,1.1035878658294678,0.002430810277157418,5.226532178941677,0.3230769230769231,0.6307692307692307,17.26081834603,412.2915937083246,421380.13147732354,0.0,0.0,0.8904758832763477,1022.0439560439561,649.7677947381331,0.635753277435543,0.34945054945054943,0.0,0.10532283782958984,1.3832118706415923,1.0,0.00037407875061035156
FLOW-WEB_BROWSING-0191,WEB_BROWSING,PROFILE-02-TRANSPORT-AES128CBC-PFS-IPV4,9641716,19.1,False,1222.0,1222,AES-CBC,TRANSPORT,4,False,False,"{""pages"": 2}",1222.0,1246860.0,16.912662982940674,0.013851484834513246,29.91560862916053,0.32733224222585927,0.644026186579378,20.74806390846299,72.25355351978556,73723.4580537478,0.0,0.0,0.9080377909308183,1020.3436988543372,650.4596635083968,0.6374907437942198,0.34206219312602293,0.000819000819000819,14.482944965362549,1.2306942197282056,2.0,0.0004699230194091797
FLOW-WEB_BROWSING-0192,WEB_BROWSING,PROFILE-03-TUNNEL-AES128GCM-NOPFS-IPV4,7283693,5.7,False,266.0,266,AES-GCM,TUNNEL,4,False,False,"{""pages"": 1}",266.0,267620.0,0.7969691753387451,0.0030074308503348873,4.8781734083669335,0.3157894736842105,0.6090225563909775,16.076314446145993,333.7644770099658,335797.1779601769,0.0,0.0,0.8828787086166953,1006.0902255639098,648.9463925708924,0.645018086928695,0.3533834586466165,0.0,0.12088298797607422,1.4706202588656552,1.0,0.0003008842468261719
FLOW-WEB_BROWSING-0193,WEB_BROWSING,PROFILE-04-TRANSPORT-AES256CBC-PFS-IPV6,7387711,5.6,True,516.0,516,AES-CBC,TRANSPORT,6,False,False,"{""pages"": 1}",516.0,545192.0,1.0954639911651611,0.0021271145459517693,4.725443350063311,0.32170542635658916,0.6317829457364341,14.4620533182076,471.03328284772766,497681.35182619834,0.0,0.0,0.8706510733833218,1056.5736434108528,647.7735844179452,0.6130889109885319,0.3449612403100775,0.0,0.10324716567993164,1.3594647480834445,1.0,0.00037598609924316406
FLOW-WEB_BROWSING-0194,WEB_BROWSING,PROFILE-05-TUNNEL-3DESCBC-NOPFS-IPV4,8851016,20.2,False,391.0,391,3DES,TUNNEL,4,False,False,"{""pages"": 2}",391.0,395242.0,15.35762095451355,0.03937851526798346,17.85509013646109,0.3145780051150895,0.6112531969309463,14.510634958009575,25.459672507745186,25735.887164466043,0.0,0.0,0.8710562136615035,1010.8491048593351,642.8391431232404,0.6359397659185689,0.3554987212276215,0.002564102564102564,13.903244018554688,1.6311975374627665,2.0,0.0002548694610595703
FLOW-WEB_BROWSING-0195,WEB_BROWSING,PROFILE-06-TUNNEL-AES256GCM-PFS-IPV6,8035526,34.2,False,1860.0,1860,AES-GCM,TUNNEL,6,False,False,"{""pages"": 5}",1860.0,1983216.0,33.808128118515015,0.01818619048871168,20.783621853862282,0.3231182795698925,0.6381720430107527,14.967665577043848,55.016355637311115,58660.92299011054,7.54907613992691,0.0,0.8747468757815589,1066.2451612903226,652.0101655840765,0.6115011718271647,0.3446236559139785,0.002151694459386767,11.36365795135498,1.3164776137513756,5.0,0.00026988983154296875
FLOW-WEB_BROWSING-0196,WEB_BROWSING,PROFILE-09-TUNNEL-NATT-CHACHA-IPV4,4574844,27.5,False,1560.0,1560,CHACHA20,TUNNEL,4,False,True,"{""pages"": 3}",1560.0,1608964.0,16.700026035308838,0.01071201156851112,25.64985401213711,0.3230769230769231,0.6352564102564102,17.63866363931236,93.41302802173449,96344.99949869359,6.596930980682373,0.0,0.8926961697092042,1031.3871794871795,651.7714982948224,0.6319367849994922,0.34487179487179487,0.0012828736369467607,10.511343955993652,1.3649241990356804,3.0,0.00042700767517089844
FLOW-WEB_BROWSING-0197,WEB_BROWSING,PROFILE-01-TUNNEL-AES256GCM-PFS-IPV4,2721409,33.5,True,2548.0,2548,AES-GCM,TUNNEL,4,False,False,"{""pages"": 4}",2548.0,2608140.0,34.272446155548096,0.013456005557733842,27.49117063975651,0.32456828885400313,0.6350078492935636,18.6393126609539,74.34543739410104,76100.19979790058,9.656578302383423,0.0,0.8981634421465106,1023.6028257456829,652.4143104803163,0.6373705641199652,0.3457613814756672,0.001177856301531213,14.623456001281738,1.347864929803773,4.0,0.00033593177795410156
FLOW-WEB_BROWSING-0198,WEB_BROWSING,PROFILE-02-TRANSPORT-AES128CBC-PFS-IPV4,5418735,50.7,True,2319.0,2319,AES-CBC,TRANSPORT,4,False,False,"{""pages"": 6}",2319.0,2352838.0,41.44907307624817,0.01788139476973605,21.54765993103695,0.32470892626131953,0.635618801207417,18.872949642718382,55.94817514336338,56764.55045621423,7.3083656311035154,0.0,0.8993606869661235,1014.5916343251401,648.7284714743637,0.6393986009019955,0.34540750323415265,0.0021570319240724763,13.212207078933716,1.3470425939390553,6.0,0.00027298927307128906
FLOW-WEB_BROWSING-0199,WEB_BROWSING,PROFILE-03-TUNNEL-AES128GCM-NOPFS-IPV4,4281302,44.8,True,1319.0,1319,AES-GCM,TUNNEL,4,False,False,"{""pages"": 5}",1319.0,1340474.0,45.00627303123474,0.03414739987195352,16.9018961230757,0.32297194844579225,0.624715693707354,16.68062150469558,29.30702569138757,29784.159178648264,10.377691209316254,0.0,0.8868818044960216,1016.2805155420773,649.8599768754317,0.6394494108044576,0.34874905231235787,0.0030349013657056147,12.42147707939148,1.4556324379291241,5.0,0.0003180503845214844
FLOW-WEB_BROWSING-0200,WEB_BROWSING,PROFILE-04-TRANSPORT-AES256CBC-PFS-IPV6,733180,34.7,True,2705.0,2705,AES-CBC,TRANSPORT,6,False,False,"{""pages"": 5}",2705.0,2873078.0,35.774511098861694,0.013230218601650036,23.127832664954646,0.32532347504621073,0.6399260628465804,15.500562830232024,75.61249383743696,80310.75510886348,7.61558723449707,0.0,0.8787920133041985,1062.136044362292,649.0876286750089,0.6111153388685928,0.344547134935305,0.0014792899408284023,11.316566944122314,1.299571649949978,5.0,0.00030303001403808594
FLOW-ICMP-0001,ICMP,PROFILE-01-TUNNEL-AES256GCM-PFS-IPV4,2587900,17.3,True,67.0,67,AES-GCM,TUNNEL,4,False,False,"{""ident"": 931, ""interval"": 0.5, ""payload"": 1000}",67.0,73566.0,16.553485870361328,0.25081039197517163,0.7830391784320583,0.0,0.0,0.9705882352941176,4.0474858603626265,4444.139474678163,0.0,0.0,0.014925373134328361,1098.0,0.0,0.0,0.5074626865671642,0.0,0.49962592124938965,-0.0,1.0,0.43682003021240234
FLOW-ICMP-0002,ICMP,PROFILE-02-TRANSPORT-AES128CBC-PFS-IPV4,5869709,50.4,True,49.0,49,AES-CBC,TRANSPORT,4,False,False,"{""ident"": 1980, ""interval"": 2.0, ""payload"": 100}",49.0,9114.0,48.019837856292725,1.000413288672765,0.9801289338848168,1.0,0.0,0.96,1.020411608773869,189.79655923193965,1.980940153201421,0.0,0.02040816326530614,186.0,0.0,0.0,0.5102040816326531,0.5,1.995466947555542,-0.0,25.0,1.9741239547729492
FLOW-ICMP-0003,ICMP,PROFILE-03-TUNNEL-AES128GCM-NOPFS-IPV4,6122061,7.7,False,76.0,76,AES-GCM,TUNNEL,4,False,False,"{""ident"": 18687, ""interval"": 0.2, ""payload"": 100}",76.0,15048.0,7.441344976425171,0.09921793301900228,0.5800578874226732,1.0,0.0,1.0,10.213207456551823,2022.2150763972609,0.0,0.0,0.0,198.0,0.0,0.0,0.5,0.0,0.1674211025238037,-0.0,1.0,0.04839587211608887
FLOW-ICMP-0004,ICMP,PROFILE-04-TRANSPORT-AES256CBC-PFS-IPV6,6386023,24.9,True,241.0,241,AES-CBC,TRANSPORT,6,False,False,"{""ident"": 59007, ""interval"": 0.2, ""payload"": 100}",241.0,55430.0,24.63147497177124,0.1026311457157135,0.7059837121582326,1.0,0.0,0.9435483870967742,9.784229335685202,2250.3727472075966,0.0,0.0,0.029045643153526944,230.0,0.0,0.0,0.5145228215767634,0.0,0.205733060836792,-0.0,1.0,0.16276001930236816
FLOW-ICMP-0005,ICMP,PROFILE-05-TUNNEL-3DESCBC-NOPFS-IPV4,5061957,17.7,False,33.0,33,3DES,TUNNEL,4,False,False,"{""ident"": 24274, ""interval"": 1.0, ""payload"": 56}",33.0,4950.0,16.05687403678894,0.5017773136496544,0.8846129283579054,1.0,0.0,0.9411764705882353,2.055194549349492,308.27918240242377,0.9455415457487106,0.0,0.03030303030303031,150.0,0.0,0.0,0.5151515151515151,0.0,0.9996600151062012,-0.0,1.0,0.9366631507873535
FLOW-ICMP-0006,ICMP,PROFILE-06-TUNNEL-AES256GCM-PFS-IPV6,4816459,17.5,False,172.0,172,AES-GCM,TUNNEL,6,False,False,"{""ident"": 55239, ""interval"": 0.2, ""payload"": 56}",172.0,33368.0,17.240033864974976,0.10081891149108173,0.5558522734782725,1.0,0.0,0.9770114942528736,9.97677854620906,1935.4950379645577,0.0,0.0,0.011627906976744172,194.0,0.0,0.0,0.5058139534883721,0.0,0.19898605346679688,-0.0,1.0,0.14750289916992188
FLOW-ICMP-0007,ICMP,PROFILE-09-TUNNEL-NATT-CHACHA-IPV4,4889736,55.1,False,217.0,217,CHACHA20,TUNNEL,4,False,True,"{""ident"": 7424, ""interval"": 0.5, ""payload"": 1000}",217.0,240002.0,54.547903060913086,0.252536588244968,0.7979645511675454,0.0,0.0,0.9727272727272728,3.9781547561540234,4399.83916030635,0.0,0.0,0.013824884792626705,1106.0,0.0,0.0,0.5069124423963134,0.0,0.5014240741729736,-0.0,1.0,0.44155406951904297
FLOW-ICMP-0008,ICMP,PROFILE-01-TUNNEL-AES256GCM-PFS-IPV4,9807625,56.4,True,111.0,111,AES-GCM,TUNNEL,4,False,False,"{""ident"": 51256, ""interval"": 1.0, ""payload"": 56}",111.0,17094.0,55.0212140083313,0.5001928546211937,0.9599744980812452,1.0,0.0,0.9821428571428571,2.0174036869341414,310.6801677878578,0.9803566672585228,0.0,0.009009009009009033,154.0,0.0,0.0,0.5045045045045045,0.0,0.9973421096801758,-0.0,1.0,0.9718170166015625
FLOW-ICMP-0009,ICMP,PROFILE-02-TRANSPORT-AES128CBC-PFS-IPV4,298631,31.3,False,30.0,30,AES-CBC,TRANSPORT,4,False,False,"{""ident"": 24985, ""interval"": 2.0, ""payload"": 1000}",30.0,32940.0,28.022807121276855,0.966303693837133,1.0046997015909254,0.0,0.0,1.0,1.0705565602391747,1175.4711031426139,1.9712199143001012,0.0,0.0,1098.0,0.0,0.0,0.5,0.4827586206896552,1.980201005935669,-0.0,15.0,0.030822038650512695
FLOW-ICMP-0010,ICMP,PROFILE-03-TUNNEL-AES128GCM-NOPFS-IPV4,3696416,33.0,True,130.0,130,AES-GCM,TUNNEL,4,False,False,"{""ident"": 55250, ""interval"": 0.5, ""payload"": 1000}",130.0,142740.0,32.52991986274719,0.2521699214166449,0.8775800539702955,0.0,0.0,0.9696969696969697,3.996320942335741,4387.960394684644,0.0,0.0,0.015384615384615372,1098.0,0.0,0.0,0.5076923076923077,0.0,0.505098819732666,-0.0,1.0,0.4595479965209961
FLOW-ICMP-0011,ICMP,PROFILE-04-TRANSPORT-AES256CBC-PFS-IPV6,5926508,39.9,False,77.0,77,AES-CBC,TRANSPORT,6,False,False,"{""ident"": 26963, ""interval"": 1.0, ""payload"": 56}",77.0,15246.0,38.0098671913147,0.500129831464667,0.9725449036287064,1.0,0.0,0.9743589743589743,2.025789766968578,401.10637385977844,0.9865180379466006,0.0,0.012987012987012997,198.0,0.0,0.0,0.5064935064935064,0.013157894736842105,1.003152847290039,-0.0,2.0,0.97918701171875
FLOW-ICMP-0012,ICMP,PROFILE-05-TUNNEL-3DESCBC-NOPFS-IPV4,3753169,12.6,True,49.0,49,3DES,TUNNEL,4,False,False,"{""ident"": 14453, ""interval"": 0.5, ""payload"": 56}",49.0,7350.0,12.033740997314453,0.2507029374440511,0.8660728067154321,1.0,0.0,0.96,4.071884213806433,610.782632070965,0.0,0.0,0.02040816326530614,150.0,0.0,0.0,0.5102040816326531,0.0,0.5,-0.0,1.0,0.4608480930328369
FLOW-ICMP-0013,ICMP,PROFILE-06-TUNNEL-AES256GCM-PFS-IPV6,8445183,42.1,False,82.0,82,AES-GCM,TUNNEL,6,False,False,"{""ident"": 10977, ""interval"": 1.0, ""payload"": 32}",82.0,13940.0,41.04027581214905,0.5066700717549265,0.9112808185708459,1.0,0.0,0.9523809523809523,1.9980372543141085,339.66633323339846,0.9626808166503906,0.0,0.024390243902439053,170.0,0.0,0.0,0.5121951219512195,0.012345679012345678,1.0,-0.0,2.0,0.9521529674530029
FLOW-ICMP-0014,ICMP,PROFILE-09-TUNNEL-NATT-CHACHA-IPV4,1160082,23.5,False,21.0,21,CHACHA20,TUNNEL,4,False,True,"{""ident"": 36584, ""interval"": 2.0, ""payload"": 100}",21.0,4326.0,20.018604040145874,1.0009302020072937,0.986369628947207,1.0,0.0,0.9090909090909091,1.0490241955875648,216.09898429103833,1.9882112264633178,0.0,0.04761904761904763,206.0,0.0,0.0,0.5238095238095238,0.5,2.0,-0.0,11.0,1.9818089008331299
FLOW-ICMP-0015,ICMP,PROFILE-01-TUNNEL-AES256GCM-PFS-IPV4,5133043,38.8,False,383.0,383,AES-GCM,TUNNEL,4,False,False,"{""ident"": 32044, ""interval"": 0.2, ""payload"": 32}",383.0,49790.0,38.42125201225281,0.1005791937493529,0.7930782220022758,1.0,0.0,0.9844559585492227,9.968441420853715,1295.8973847109828,0.0,0.0,0.007832898172323789,130.0,0.0,0.0,0.5039164490861618,0.0,0.20334601402282715,-0.0,1.0,0.16875290870666504
FLOW-ICMP-0016,ICMP,PROFILE-02-TRANSPORT-AES128CBC-PFS-IPV4,9268298,51.7,True,100.0,100,AES-CBC,TRANSPORT,4,False,False,"{""ident"": 18662, ""interval"": 1.0, ""payload"": 56}",100.0,15400.0,50.02271604537964,0.5052799600543398,0.9281029415413696,1.0,0.0,0.9607843137254902,1.9990917708123233,307.8601327050978,0.9694884967803955,0.0,0.019999999999999983,154.0,0.0,0.0,0.51,0.010101010101010102,1.0,-0.0,2.0,0.9603831768035889
FLOW-ICMP-0017,ICMP,PROFILE-03-TUNNEL-AES128GCM-NOPFS-IPV4,331031,36.3,True,70.0,70,AES-GCM,TUNNEL,4,False,False,"{""ident"": 26332, ""interval"": 1.0, ""payload"": 32}",70.0,9100.0,35.052475929260254,0.508006897525511,0.8877987433490897,1.0,0.0,0.9444444444444444,1.9970058646147475,259.6107623999172,0.9524509838649204,0.0,0.028571428571428584,130.0,0.0,0.0,0.5142857142857142,0.0,0.9984450340270996,-0.0,1.0,0.9402549266815186
FLOW-ICMP-0018,ICMP,PROFILE-04-TRANSPORT-AES256CBC-PFS-IPV6,1079424,38.7,True,150.0,150,AES-CBC,TRANSPORT,6,False,False,"{""ident"": 27454, ""interval"": 0.5, ""payload"": 100}",150.0,34500.0,38.05420994758606,0.25539738219856417,0.7758898814503883,1.0,0.0,0.948051948051948,3.9417452157488593,906.6013996222376,0.0,0.0,0.026666666666666675,230.0,0.0,0.0,0.5133333333333333,0.0,0.5002579689025879,-0.0,1.0,0.4389328956604004
FLOW-ICMP-0019,ICMP,PROFILE-05-TUNNEL-3DESCBC-NOPFS-IPV4,5398128,40.9,True,402.0,402,3DES,TUNNEL,4,False,False,"{""ident"": 7510, ""interval"": 0.2, ""payload"": 100}",402.0,79596.0,40.64324712753296,0.10135473099135402,0.5810997818037063,1.0,0.0,0.9705882352941176,9.89094199925953,1958.406515853387,0.0,0.0,0.014925373134328361,198.0,0.0,0.0,0.5074626865671642,0.0,0.20177793502807617,-0.0,1.0,0.14868402481079102
FLOW-ICMP-0020,ICMP,PROFILE-06-TUNNEL-AES256GCM-PFS-IPV6,3042722,8.4,True,16.0,16,AES-GCM,TUNNEL,6,False,False,"{""ident"": 18125, ""interval"": 1.0, ""payload"": 56}",16.0,3104.0,7.046434164047241,0.4697622776031494,0.9529211247185981,1.0,0.0,1.0,2.270652024485832,440.5064927502514,0.9483127253396171,0.0,0.0,194.0,0.0,0.0,0.5,0.0,0.9523739814758301,-0.0,1.0,0.05232596397399902
FLOW-ICMP-0021,ICMP,PROFILE-09-TUNNEL-NATT-CHACHA-IPV4,6213296,23.1,True,45.0,45,CHACHA20,TUNNEL,4,False,True,"{""ident"": 2932, ""interval"": 1.0, ""payload"": 100}",45.0,9270.0,22.064074993133545,0.5014562498439442,0.8787494541202733,1.0,0.0,0.9565217391304348,2.039514460225694,420.139978806493,0.9419979724017057,0.0,0.022222222222222206,206.0,0.0,0.0,0.5111111111111111,0.022727272727272728,1.0041639804840088,-0.0,2.0,0.9338598251342773
FLOW-ICMP-0022,ICMP,PROFILE-01-TUNNEL-AES256GCM-PFS-IPV4,8244112,48.2,False,94.0,94,AES-GCM,TUNNEL,4,False,False,"{""ident"": 37486, ""interval"": 1.0, ""payload"": 32}",94.0,12220.0,47.00938606262207,0.5054772694905599,0.9722393164922799,1.0,0.0,0.9583333333333334,1.99960067282693,259.9480874675009,0.991654355475243,0.0,0.02127659574468083,130.0,0.0,0.0,0.5106382978723404,0.03225806451612903,1.000797986984253,-0.0,4.0,0.9806489944458008
FLOW-ICMP-0023,ICMP,PROFILE-02-TRANSPORT-AES128CBC-PFS-IPV4,1457685,47.1,True,46.0,46,AES-CBC,TRANSPORT,4,False,False,"{""ident"": 1847, ""interval"": 2.0, ""payload"": 100}",46.0,8556.0,44.05808615684509,0.9790685812632243,0.96240388192806,1.0,0.0,1.0,1.0440762187499877,194.1981766874977,1.9425025528127497,0.0,0.0,186.0,0.0,0.0,0.5,0.4888888888888889,1.9477038383483887,-0.0,23.0,0.06043291091918945
FLOW-ICMP-0024,ICMP,PROFILE-03-TUNNEL-AES128GCM-NOPFS-IPV4,8563500,31.8,False,62.0,62,AES-GCM,TUNNEL,4,False,False,"{""ident"": 38237, ""interval"": 1.0, ""payload"": 32}",62.0,8060.0,30.004611015319824,0.4918788691036037,1.0009278848830099,1.0,0.0,1.0,2.0663490677597487,268.6253788087673,0.9923433224360149,0.0,0.0,130.0,0.0,0.0,0.5,0.01639344262295082,1.0015828609466553,-0.0,2.0,0.012601137161254883
FLOW-ICMP-0025,ICMP,PROFILE-04-TRANSPORT-AES256CBC-PFS-IPV6,3125279,35.3,False,138.0,138,AES-CBC,TRANSPORT,6,False,False,"{""ident"": 1240, ""interval"": 0.5, ""payload"": 56}",138.0,27324.0,34.560994148254395,0.2522700302792292,0.7575600358540485,1.0,0.0,0.9714285714285714,3.9929406951671873,790.6022576431031,0.0,0.0,0.01449275362318841,198.0,0.0,0.0,0.5072463768115942,0.0,0.5060021877288818,-0.0,1.0,0.43111586570739746
FLOW-ICMP-0026,ICMP,PROFILE-05-TUNNEL-3DESCBC-NOPFS-IPV4,9912604,13.7,True,26.0,26,3DES,TUNNEL,4,False,False,"{""ident"": 41027, ""interval"": 1.0, ""payload"": 1000}",26.0,28444.0,12.028966903686523,0.48115867614746094,0.9830012200858635,0.0,0.0,1.0,2.1614491259454516,2364.625343784324,0.9734410444895426,0.0,0.0,1094.0,0.0,0.0,0.5,0.0,0.9819130897521973,-0.0,1.0,0.029834985733032227
FLOW-ICMP-0027,ICMP,PROFILE-06-TUNNEL-AES256GCM-PFS-IPV6,8527485,14.9,True,27.0,27,AES-GCM,TUNNEL,6,False,False,"{""ident"": 61441, ""interval"": 1.0, ""payload"": 1000}",27.0,30726.0,13.04011583328247,0.5015429166647104,0.9221432837903119,0.0,0.0,0.9285714285714286,2.070533754852662,2356.267413022329,0.9639866352081299,0.0,0.03703703703703702,1138.0,0.0,0.0,0.5185185185185185,0.0,0.9918441772460938,-0.0,1.0,0.9543139934539795
FLOW-ICMP-0028,ICMP,PROFILE-09-TUNNEL-NATT-CHACHA-IPV4,7761598,13.4,True,12.0,12,CHACHA20,TUNNEL,4,False,True,"{""ident"": 34103, ""interval"": 2.0, ""payload"": 56}",12.0,1944.0,10.02381706237793,0.9112560965798118,1.0659801381197405,1.0,0.0,1.0,1.197148743370349,193.93809642599652,1.9753478050231934,0.0,0.0,162.0,0.0,0.0,0.5,0.45454545454545453,1.9792571067810059,-0.0,6.0,0.02635502815246582
FLOW-ICMP-0029,ICMP,PROFILE-01-TUNNEL-AES256GCM-PFS-IPV4,9106682,37.5,True,72.0,72,AES-GCM,TUNNEL,4,False,False,"{""ident"": 30054, ""interval"": 1.0, ""payload"": 56}",72.0,11088.0,36.004220962524414,0.5071017036975269,0.9758174303115862,1.0,0.0,0.9459459459459459,1.9997655295733905,307.9638915543021,0.9950131509039137,0.0,0.027777777777777776,154.0,0.0,0.0,0.5138888888888888,0.028169014084507043,1.0025620460510254,-0.0,3.0,0.9861531257629395
FLOW-ICMP-0030,ICMP,PROFILE-02-TRANSPORT-AES128CBC-PFS-IPV4,562458,20.7,True,82.0,82,AES-CBC,TRANSPORT,4,False,False,"{""ident"": 51814, ""interval"": 0.5, ""payload"": 1000}",82.0,90036.0,20.032124996185303,0.24731018513809017,0.896267027983871,0.0,0.0,1.0,4.093424936975741,4494.580580799364,0.0,0.0,0.0,1098.0,0.0,0.0,0.5,0.0,0.48345088958740234,-0.0,1.0,0.03516387939453125
FLOW-ICMP-0031,ICMP,PROFILE-03-TUNNEL-AES128GCM-NOPFS-IPV4,5113387,27.9,True,109.0,109,AES-GCM,TUNNEL,4,False,False,"{""ident"": 8433, ""interval"": 0.5, ""payload"": 56}",109.0,16786.0,27.02594304084778,0.2502402133411831,0.8769220673338641,1.0,0.0,0.9818181818181818,4.033161759989441,621.1069110383738,0.0,0.0,0.009174311926605507,154.0,0.0,0.0,0.5045871559633027,0.0,0.5061600208282471,-0.0,1.0,0.45922088623046875
FLOW-ICMP-0032,ICMP,PROFILE-04-TRANSPORT-AES256CBC-PFS-IPV6,5668349,58.2,True,54.0,54,AES-CBC,TRANSPORT,6,False,False,"{""ident"": 24972, ""interval"": 2.0, ""payload"": 56}",54.0,10692.0,56.04517602920532,1.05745615149444,0.9075877845948204,1.0,0.0,0.8620689655172413,0.963508437762073,190.77467067689045,1.9642618979726518,0.0,0.07407407407407411,198.0,0.0,0.0,0.5370370370370371,0.5283018867924528,2.0,-0.0,29.0,1.9506769180297852
FLOW-ICMP-0033,ICMP,PROFILE-05-TUNNEL-3DESCBC-NOPFS-IPV4,5505015,10.0,False,12.0,12,3DES,TUNNEL,4,False,False,"{""ident"": 32308, ""interval"": 2.0, ""payload"": 100}",12.0,2376.0,10.024841070175171,0.9113491881977428,1.0643039180006029,1.0,0.0,1.0,1.1970264581750936,237.01123871866855,1.973873996734619,0.0,0.0,198.0,0.0,0.0,0.5,0.45454545454545453,1.9790921211242676,-0.0,6.0,0.03058004379272461
FLOW-ICMP-0034,ICMP,PROFILE-06-TUNNEL-AES256GCM-PFS-IPV6,1445178,59.1,False,232.0,232,AES-GCM,TUNNEL,6,False,False,"{""ident"": 37378, ""interval"": 0.5, ""payload"": 56}",232.0,45008.0,58.5,0.2532467532467532,0.8701342655908609,1.0,0.0,0.9661016949152542,3.965811965811966,769.3675213675214,0.0,0.0,0.017241379310344838,194.0,0.0,0.0,0.5086206896551724,0.0,0.5013101100921631,-0.0,1.0,0.45705699920654297
FLOW-ICMP-0035,ICMP,PROFILE-09-TUNNEL-NATT-CHACHA-IPV4,4887024,47.3,True,94.0,94,CHACHA20,TUNNEL,4,False,True,"{""ident"": 8001, ""interval"": 1.0, ""payload"": 56}",94.0,15228.0,46.01142406463623,0.49474649531866915,0.9992238435463683,1.0,0.0,1.0,2.04297089061947,330.96128428035416,0.9944454690684443,0.0,0.0,162.0,0.0,0.0,0.5,0.021505376344086023,1.0048880577087402,-0.0,3.0,0.010735034942626953
FLOW-ICMP-0036,ICMP,PROFILE-01-TUNNEL-AES256GCM-PFS-IPV4,4852821,24.5,True,45.0,45,AES-GCM,TUNNEL,4,False,False,"{""ident"": 15745, ""interval"": 1.0, ""payload"": 56}",45.0,6930.0,23.034142017364502,0.523503227667375,0.8917597875743891,1.0,0.0,0.875,1.9536217136317182,300.85774389928457,0.9694965922314188,0.0,0.06666666666666667,154.0,0.0,0.0,0.5333333333333333,0.045454545454545456,1.0,-0.0,3.0,0.9570951461791992
FLOW-ICMP-0037,ICMP,PROFILE-02-TRANSPORT-AES128CBC-PFS-IPV4,8255620,59.1,True,56.0,56,AES-CBC,TRANSPORT,4,False,False,"{""ident"": 2028, ""interval"": 2.0, ""payload"": 32}",56.0,6832.0,56.0358510017395,1.0188336545770817,0.9453055300126685,1.0,0.0,0.9310344827586207,0.9993602131296554,121.92194600181796,1.9645587291036333,0.0,0.03571428571428573,122.0,0.0,0.0,0.5178571428571429,0.509090909090909,2.0012409687042236,-0.0,29.0,1.9564268589019775
FLOW-ICMP-0038,ICMP,PROFILE-03-TUNNEL-AES128GCM-NOPFS-IPV4,4437967,27.3,False,26.0,26,AES-GCM,TUNNEL,4,False,False,"{""ident"": 31354, ""interval"": 2.0, ""payload"": 56}",26.0,4004.0,24.01419711112976,0.9605678844451905,1.013541979591977,1.0,0.0,1.0,1.0826928703749952,166.73470203774926,1.9738953908284504,0.0,0.0,154.0,0.0,0.0,0.5,0.48,1.976722002029419,-0.0,13.0,0.02923583984375
FLOW-ICMP-0039,ICMP,PROFILE-04-TRANSPORT-AES256CBC-PFS-IPV6,6384989,50.3,True,99.0,99,AES-CBC,TRANSPORT,6,False,False,"{""ident"": 32777, ""interval"": 1.0, ""payload"": 1000}",99.0,113058.0,49.04105997085571,0.500418979294446,0.9312797557321418,0.0,0.0,0.98,2.018716562383318,2305.3743142417493,0.9664303575243268,0.0,0.01010101010101011,1142.0,0.0,0.0,0.5050505050505051,0.0,0.9942779541015625,-0.0,1.0,0.9532649517059326
FLOW-ICMP-0040,ICMP,PROFILE-05-TUNNEL-3DESCBC-NOPFS-IPV4,4951104,42.8,True,162.0,162,3DES,TUNNEL,4,False,False,"{""ident"": 27199, ""interval"": 0.5, ""payload"": 32}",162.0,20412.0,42.060567140579224,0.26124575863713806,0.7533816203105761,1.0,0.0,0.9058823529411765,3.8515885784075774,485.3001608793548,0.0,0.0,0.04938271604938272,126.0,0.0,0.0,0.5246913580246914,0.0,0.5159311294555664,-0.0,1.0,0.434128999710083
FLOW-ICMP-0041,ICMP,PROFILE-06-TUNNEL-AES256GCM-PFS-IPV6,7613917,21.8,True,20.0,20,AES-GCM,TUNNEL,6,False,False,"{""ident"": 25267, ""interval"": 2.0, ""payload"": 56}",20.0,3880.0,18.062024116516113,0.9506328482376901,0.9878493561803414,1.0,0.0,1.0,1.1072956093393642,214.81534821183664,1.9405048423343234,0.0,0.0,194.0,0.0,0.0,0.5,0.47368421052631576,1.9486589431762695,-0.0,10.0,0.06580495834350586
FLOW-ICMP-0042,ICMP,PROFILE-09-TUNNEL-NATT-CHACHA-IPV4,4446013,17.4,True,171.0,171,CHACHA20,TUNNEL,4,False,True,"{""ident"": 23684, ""interval"": 0.2, ""payload"": 32}",171.0,23598.0,17.01668095588684,0.1000981232699226,0.884826925471286,1.0,0.0,0.9883720930232558,10.048963158167654,1386.7569158271363,0.0,0.0,0.005847953216374279,138.0,0.0,0.0,0.5029239766081871,0.0,0.202009916305542,-0.0,1.0,0.17887401580810547
FLOW-ICMP-0043,ICMP,PROFILE-01-TUNNEL-AES256GCM-PFS-IPV4,7166456,35.6,True,140.0,140,AES-GCM,TUNNEL,4,False,False,"{""ident"": 28551, ""interval"": 0.5, ""payload"": 56}",140.0,21560.0,35.03286910057068,0.2520350295005085,0.8801453417360635,1.0,0.0,0.971830985915493,3.99624705581763,615.422046595915,0.0,0.0,0.014285714285714266,154.0,0.0,0.0,0.5071428571428571,0.0,0.5005760192871094,-0.0,1.0,0.4589390754699707
FLOW-ICMP-0044,ICMP,PROFILE-02-TRANSPORT-AES128CBC-PFS-IPV4,195877,29.2,True,287.0,287,AES-CBC,TRANSPORT,4,False,False,"{""ident"": 12305, ""interval"": 0.2, ""payload"": 32}",287.0,35014.0,29.003741025924683,0.10141168190882756,0.8855711362430042,1.0,0.0,0.9657534246575342,9.895275224788007,1207.223577424137,0.0,0.0,0.01742160278745646,122.0,0.0,0.0,0.5087108013937283,0.0,0.20523691177368164,-0.0,1.0,0.18173789978027344
FLOW-ICMP-0045,ICMP,PROFILE-03-TUNNEL-AES128GCM-NOPFS-IPV4,6439214,31.2,False,30.0,30,AES-GCM,TUNNEL,4,False,False,"{""ident"": 16840, ""interval"": 2.0, ""payload"": 32}",30.0,3900.0,28.026923894882202,0.9664456515476622,1.0054980093699772,1.0,0.0,1.0,1.0703993100533622,139.15191030693708,1.9723063196454729,0.0,0.0,130.0,0.0,0.0,0.5,0.4827586206896552,1.9834702014923096,-0.0,15.0,0.031213045120239258
FLOW-ICMP-0046,ICMP,PROFILE-04-TRANSPORT-AES256CBC-PFS-IPV6,935448,30.2,True,59.0,59,AES-CBC,TRANSPORT,6,False,False,"{""ident"": 33730, ""interval"": 1.0, ""payload"": 100}",59.0,13570.0,29.016484022140503,0.5002842072782845,0.9553222280122294,1.0,0.0,0.9666666666666667,2.0333269859636034,467.66520677162873,0.9781988078150256,0.0,0.016949152542372878,230.0,0.0,0.0,0.5084745762711864,0.017241379310344827,1.002406120300293,-0.0,2.0,0.9685330390930176
FLOW-ICMP-0047,ICMP,PROFILE-05-TUNNEL-3DESCBC-NOPFS-IPV4,6528470,35.4,True,68.0,68,3DES,TUNNEL,4,False,False,"{""ident"": 11079, ""interval"": 1.0, ""payload"": 56}",68.0,10200.0,34.05266499519348,0.5082487312715445,0.8817977576282539,1.0,0.0,0.9428571428571428,1.996906850303733,299.53602754555993,0.9496832595152014,0.0,0.029411764705882363,150.0,0.0,0.0,0.5147058823529411,0.029850746268656716,1.0,-0.0,3.0,0.9390408992767334
FLOW-ICMP-0048,ICMP,PROFILE-06-TUNNEL-AES256GCM-PFS-IPV6,875154,35.8,True,142.0,142,AES-GCM,TUNNEL,6,False,False,"{""ident"": 34326, ""interval"": 0.5, ""payload"": 56}",142.0,27548.0,35.03074312210083,0.24844498668156617,0.8595141504735986,1.0,0.0,1.0,4.053582292132777,786.3949646737587,0.0,0.0,0.0,194.0,0.0,0.0,0.5,0.0,0.47324490547180176,-0.0,1.0,0.04055190086364746
FLOW-ICMP-0049,ICMP,PROFILE-09-TUNNEL-NATT-CHACHA-IPV4,8269081,34.9,True,33.0,33,CHACHA20,TUNNEL,4,False,True,"{""ident"": 19329, ""interval"": 2.0, ""payload"": 1000}",33.0,36498.0,32.02125000953674,1.0006640627980232,0.9821068311299739,0.0,0.0,0.9411764705882353,1.0305656396977556,1139.8055975057177,1.9834167659282684,0.0,0.03030303030303031,1106.0,0.0,0.0,0.5151515151515151,0.5,1.9985389709472656,-0.0,17.0,1.9751179218292236
FLOW-ICMP-0050,ICMP,PROFILE-01-TUNNEL-AES256GCM-PFS-IPV4,6699238,19.2,True,18.0,18,AES-GCM,TUNNEL,4,False,False,"{""ident"": 7701, ""interval"": 2.0, ""payload"": 56}",18.0,2772.0,16.048240900039673,0.944014170590569,1.008340678057847,1.0,0.0,1.0,1.1216182578587477,172.72921171024714,1.9536409378051758,0.0,0.0,154.0,0.0,0.0,0.5,0.47058823529411764,1.9580869674682617,-0.0,9.0,0.04824090003967285
FLOW-ICMP-0051,ICMP,PROFILE-02-TRANSPORT-AES128CBC-PFS-IPV4,6638673,27.7,False,53.0,53,AES-CBC,TRANSPORT,4,False,False,"{""ident"": 9408, ""interval"": 1.0, ""payload"": 32}",53.0,6466.0,26.058908939361572,0.5011328642184918,0.8951826371150143,1.0,0.0,0.9629629629629629,2.0338533790240287,248.13011224093148,0.949673395890456,0.0,0.018867924528301917,122.0,0.0,0.0,0.5094339622641509,0.0,0.9990761280059814,-0.0,1.0,0.9391191005706787
FLOW-ICMP-0052,ICMP,PROFILE-03-TUNNEL-AES128GCM-NOPFS-IPV4,6580329,48.3,True,191.0,191,AES-GCM,TUNNEL,4,False,False,"{""ident"": 10062, ""interval"": 0.5, ""payload"": 32}",191.0,24830.0,47.506919145584106,0.2500364165557058,0.9656393044058945,1.0,0.0,0.9895833333333334,4.020466985339207,522.6607080940969,0.0,0.0,0.005235602094240819,130.0,0.0,0.0,0.5026178010471204,0.0,0.5038988590240479,-0.0,1.0,0.48267483711242676
FLOW-ICMP-0053,ICMP,PROFILE-04-TRANSPORT-AES256CBC-PFS-IPV6,3217609,56.3,False,53.0,53,AES-CBC,TRANSPORT,6,False,False,"{""ident"": 27787, ""interval"": 2.0, ""payload"": 56}",53.0,10494.0,54.04792904853821,1.039383250933427,0.9199799564365089,1.0,0.0,0.8928571428571429,0.9806111155971008,194.16100088822594,1.9594482669123896,0.0,0.056603773584905634,198.0,0.0,0.0,0.5283018867924528,0.5192307692307693,2.0,-0.0,28.0,1.947826862335205
FLOW-ICMP-0054,ICMP,PROFILE-05-TUNNEL-3DESCBC-NOPFS-IPV4,1952609,18.9,False,16.0,16,3DES,TUNNEL,4,False,False,"{""ident"": 58390, ""interval"": 2.0, ""payload"": 1000}",16.0,17504.0,16.027589082717896,1.0685059388478597,0.9106922905952192,0.0,0.0,0.7777777777777778,0.9982786504835188,1092.1168436289695,1.9787100851535797,0.0,0.125,1094.0,0.0,0.0,0.5625,0.5333333333333333,1.9973251819610596,-0.0,9.0,1.9677479267120361
FLOW-ICMP-0055,ICMP,PROFILE-06-TUNNEL-AES256GCM-PFS-IPV6,6492766,54.8,False,216.0,216,AES-GCM,TUNNEL,6,False,False,"{""ident"": 5871, ""interval"": 0.5, ""payload"": 56}",216.0,41904.0,54.00624895095825,0.25119185558585233,0.9543169149506826,1.0,0.0,0.981651376146789,3.999537168303325,775.9102106508451,0.0,0.0,0.009259259259259259,194.0,0.0,0.0,0.5046296296296297,0.0,0.5015809535980225,-0.0,1.0,0.4822201728820801
FLOW-ICMP-0056,ICMP,PROFILE-09-TUNNEL-NATT-CHACHA-IPV4,5476464,26.4,True,26.0,26,CHACHA20,TUNNEL,4,False,True,"{""ident"": 11147, ""interval"": 2.0, ""payload"": 32}",26.0,3588.0,24.047866821289062,0.9619146728515625,0.9920623051706561,1.0,0.0,1.0,1.0811769789486174,149.2024230949092,1.9551550149917603,0.0,0.0,138.0,0.0,0.0,0.5,0.48,1.96337890625,-0.0,13.0,0.0478668212890625
FLOW-ICMP-0057,ICMP,PROFILE-01-TUNNEL-AES256GCM-PFS-IPV4,516581,23.6,False,45.0,45,AES-GCM,TUNNEL,4,False,False,"{""ident"": 37931, ""interval"": 1.0, ""payload"": 32}",45.0,5850.0,22.047288179397583,0.5010747313499451,0.898490505830689,1.0,0.0,0.9565217391304348,2.04106734732351,265.3387551520563,0.9512189626693726,0.0,0.022222222222222206,130.0,0.0,0.0,0.5111111111111111,0.022727272727272728,1.0,-0.0,2.0,0.9418771266937256
FLOW-ICMP-0058,ICMP,PROFILE-02-TRANSPORT-AES128CBC-PFS-IPV4,7114255,16.0,False,32.0,32,AES-CBC,TRANSPORT,4,False,False,"{""ident"": 15006, ""interval"": 1.0, ""payload"": 56}",32.0,4928.0,15.024271965026855,0.48465393435570503,0.9674713853476088,1.0,0.0,1.0,2.1298868973144818,328.0025821864302,0.9689103603363037,0.0,0.0,154.0,0.0,0.0,0.5,0.0,0.9754660129547119,-0.0,1.0,0.037225961685180664
FLOW-ICMP-0059,ICMP,PROFILE-03-TUNNEL-AES128GCM-NOPFS-IPV4,5631488,36.4,False,72.0,72,AES-GCM,TUNNEL,4,False,False,"{""ident"": 13474, ""interval"": 1.0, ""payload"": 56}",72.0,11088.0,35.00650691986084,0.4930493932374766,1.0002276652091426,1.0,0.0,1.0,2.0567604806965476,316.74111402726834,0.9931998457227434,0.0,0.0,154.0,0.0,0.0,0.5,0.014084507042253521,1.0005459785461426,-0.0,2.0,0.010805130004882812
FLOW-ICMP-0060,ICMP,PROFILE-04-TRANSPORT-AES256CBC-PFS-IPV6,7028325,49.4,True,48.0,48,AES-CBC,TRANSPORT,6,False,False,"{""ident"": 59959, ""interval"": 2.0, ""payload"": 56}",48.0,9504.0,46.05521893501282,0.9798982752130386,0.9621822674366555,1.0,0.0,1.0,1.0422271592657373,206.36097753461596,1.9430111698482349,0.0,0.0,198.0,0.0,0.0,0.5,0.48936170212765956,1.9516870975494385,-0.0,24.0,0.05940079689025879
FLOW-ICMP-0061,ICMP,PROFILE-05-TUNNEL-3DESCBC-NOPFS-IPV4,9060708,19.6,False,37.0,37,3DES,TUNNEL,4,False,False,"{""ident"": 50766, ""interval"": 1.0, ""payload"": 32}",37.0,4662.0,18.05958080291748,0.5016550223032633,0.8836382923666442,1.0,0.0,0.9473684210526315,2.0487740221535344,258.14552679134533,0.9448232650756836,0.0,0.027027027027027056,126.0,0.0,0.0,0.5135135135135135,0.027777777777777776,1.000722885131836,-0.0,2.0,0.9301598072052002
FLOW-ICMP-0062,ICMP,PROFILE-06-TUNNEL-AES256GCM-PFS-IPV6,2862261,42.9,True,80.0,80,AES-GCM,TUNNEL,6,False,False,"{""ident"": 45403, ""interval"": 1.0, ""payload"": 56}",80.0,15520.0,41.02452301979065,0.5192977597441855,0.9107731616804865,1.0,0.0,0.9047619047619048,1.95005314166376,378.31030948276947,0.9745770896353373,0.0,0.05,194.0,0.0,0.0,0.525,0.0379746835443038,1.0044260025024414,-0.0,4.0,0.9659969806671143
FLOW-ICMP-0063,ICMP,PROFILE-09-TUNNEL-NATT-CHACHA-IPV4,2153666,24.1,True,48.0,48,CHACHA20,TUNNEL,4,False,True,"{""ident"": 19846, ""interval"": 1.0, ""payload"": 100}",48.0,9888.0,23.042806148529053,0.490272471245299,0.9258568610475203,1.0,0.0,1.0,2.0830796253981463,429.11440283201813,0.9539524886919104,0.0,0.0,206.0,0.0,0.0,0.5,0.0,0.9600920677185059,-0.0,1.0,0.05007600784301758
FLOW-ICMP-0064,ICMP,PROFILE-01-TUNNEL-AES256GCM-PFS-IPV4,5406477,51.8,False,509.0,509,AES-GCM,TUNNEL,4,False,False,"{""ident"": 10047, ""interval"": 0.2, ""payload"": 56}",509.0,78386.0,51.41281199455261,0.10120632282392246,0.8546596194553836,1.0,0.0,0.9728682170542635,9.900255991715266,1524.639422724151,0.0,0.0,0.013752455795677824,154.0,0.0,0.0,0.5068762278978389,0.0,0.20525598526000977,-0.0,1.0,0.1760849952697754
FLOW-ICMP-0065,ICMP,PROFILE-02-TRANSPORT-AES128CBC-PFS-IPV4,2005217,52.2,False,103.0,103,AES-CBC,TRANSPORT,4,False,False,"{""ident"": 59946, ""interval"": 1.0, ""payload"": 56}",103.0,15862.0,51.02858018875122,0.5002801979289335,0.9435729126409478,1.0,0.0,0.9807692307692307,2.018476697156967,310.8454113621729,0.972312754275752,0.0,0.009708737864077692,154.0,0.0,0.0,0.5048543689320388,0.00980392156862745,1.001918077468872,-0.0,2.0,0.9622149467468262
FLOW-ICMP-0066,ICMP,PROFILE-03-TUNNEL-AES128GCM-NOPFS-IPV4,5239445,56.9,False,111.0,111,AES-GCM,TUNNEL,4,False,False,"{""ident"": 27827, ""interval"": 1.0, ""payload"": 56}",111.0,17094.0,55.041550159454346,0.5003777287223122,0.9098875373126102,1.0,0.0,0.9821428571428571,2.0166583186417366,310.5653810708274,0.9556377584284003,0.0,0.009009009009009033,154.0,0.0,0.0,0.5045045045045045,0.0,0.9957571029663086,-0.0,1.0,0.9450480937957764
FLOW-ICMP-0067,ICMP,PROFILE-04-TRANSPORT-AES256CBC-PFS-IPV6,180266,12.7,True,24.0,24,AES-CBC,TRANSPORT,6,False,False,"{""ident"": 57575, ""interval"": 1.0, ""payload"": 100}",24.0,5520.0,11.06668496131897,0.48116021570952044,0.9160236056201932,1.0,0.0,1.0,2.16867111369723,498.79435615036294,0.9414960254322399,0.0,0.0,230.0,0.0,0.0,0.5,0.0,0.9473059177398682,-0.0,1.0,0.0632469654083252
FLOW-ICMP-0068,ICMP,PROFILE-05-TUNNEL-3DESCBC-NOPFS-IPV4,9484373,13.2,True,26.0,26,3DES,TUNNEL,4,False,False,"{""ident"": 28106, ""interval"": 1.0, ""payload"": 32}",26.0,3276.0,12.048295021057129,0.48193180084228515,0.9347091441948489,1.0,0.0,1.0,2.1579816857538017,271.90569240497905,0.9507871270179749,0.0,0.0,126.0,0.0,0.0,0.5,0.0,0.9569790363311768,-0.0,1.0,0.05039215087890625
FLOW-ICMP-0069,ICMP,PROFILE-06-TUNNEL-AES256GCM-PFS-IPV6,3894438,49.3,False,97.0,97,AES-GCM,TUNNEL,6,False,False,"{""ident"": 17862, ""interval"": 1.0, ""payload"": 100}",97.0,23086.0,48.019635915756226,0.5002045407891273,0.9558366959306615,1.0,0.0,0.9795918367346939,2.0200069856875427,480.76166259363515,0.9783076097567877,0.0,0.010309278350515476,238.0,0.0,0.0,0.5051546391752577,0.0,0.9971539974212646,-0.0,1.0,0.9673051834106445
FLOW-ICMP-0070,ICMP,PROFILE-09-TUNNEL-NATT-CHACHA-IPV4,8159501,23.8,True,45.0,45,CHACHA20,TUNNEL,4,False,True,"{""ident"": 58457, ""interval"": 1.0, ""payload"": 56}",45.0,7290.0,22.051235914230347,0.5011644525961443,0.9110594072202919,1.0,0.0,0.9565217391304348,2.0407019441010155,330.5937149443645,0.9576988653703169,0.0,0.022222222222222206,162.0,0.0,0.0,0.5111111111111111,0.022727272727272728,1.0017390251159668,-0.0,2.0,0.950268030166626
FLOW-ICMP-0071,ICMP,PROFILE-01-TUNNEL-AES256GCM-PFS-IPV4,6713623,8.1,True,16.0,16,AES-GCM,TUNNEL,4,False,False,"{""ident"": 45101, ""interval"": 1.0, ""payload"": 32}",16.0,2080.0,7.051614046096802,0.4701076030731201,0.9484386094434937,1.0,0.0,1.0,2.268984078738157,294.9679302359604,0.9467565332140241,0.0,0.0,130.0,0.0,0.0,0.5,0.0,0.9508390426635742,-0.0,1.0,0.05415201187133789
FLOW-ICMP-0072,ICMP,PROFILE-02-TRANSPORT-AES128CBC-PFS-IPV4,1803106,50.1,True,99.0,99,AES-CBC,TRANSPORT,4,False,False,"{""ident"": 22470, ""interval"": 1.0, ""payload"": 56}",99.0,15246.0,49.04142618179321,0.5004227161407471,0.9144826834053357,1.0,0.0,0.98,2.0187014878607683,310.88002913055834,0.9580224776754573,0.0,0.01010101010101011,154.0,0.0,0.0,0.5050505050505051,0.0,0.9979958534240723,-0.0,1.0,0.9461948871612549
FLOW-ICMP-0073,ICMP,PROFILE-03-TUNNEL-AES128GCM-NOPFS-IPV4,1331947,30.2,False,119.0,119,AES-GCM,TUNNEL,4,False,False,"{""ident"": 36464, ""interval"": 0.5, ""payload"": 56}",119.0,18326.0,29.527852058410645,0.25023603439331055,0.8700091773304702,1.0,0.0,0.9833333333333333,4.030093342536384,620.6343747506031,0.0,0.0,0.00840336134453784,154.0,0.0,0.0,0.5042016806722689,0.0,0.5059909820556641,-0.0,1.0,0.4593009948730469
FLOW-ICMP-0074,ICMP,PROFILE-04-TRANSPORT-AES256CBC-PFS-IPV6,8341775,48.7,True,190.0,190,AES-CBC,TRANSPORT,6,False,False,"{""ident"": 57941, ""interval"": 0.5, ""payload"": 56}",190.0,37620.0,48.007972955703735,0.2540104389190674,0.956211926506361,1.0,0.0,0.9587628865979382,3.9576759505199326,783.6198382029467,0.0,0.0,0.021052631578947347,198.0,0.0,0.0,0.5105263157894737,0.0,0.5067660808563232,-0.0,1.0,0.4820671081542969
FLOW-ICMP-0075,ICMP,PROFILE-05-TUNNEL-3DESCBC-NOPFS-IPV4,6000018,39.6,True,38.0,38,3DES,TUNNEL,4,False,False,"{""ident"": 16511, ""interval"": 2.0, ""payload"": 100}",38.0,7524.0,36.05544996261597,0.9744716206112424,0.9668037125535162,1.0,0.0,1.0,1.0539322082902929,208.67857724147797,1.942405515246921,0.0,0.0,198.0,0.0,0.0,0.5,0.4864864864864865,1.949666976928711,-0.0,19.0,0.06487894058227539
FLOW-ICMP-0076,ICMP,PROFILE-06-TUNNEL-AES256GCM-PFS-IPV6,1731669,22.2,True,22.0,22,AES-GCM,TUNNEL,6,False,False,"{""ident"": 25110, ""interval"": 2.0, ""payload"": 32}",22.0,3740.0,20.022019863128662,0.953429517291841,1.0215961098955044,1.0,0.0,1.0,1.0987902394659925,186.79434070921872,1.9749857664108277,0.0,0.0,170.0,0.0,0.0,0.5,0.47619047619047616,1.9817121028900146,-0.0,11.0,0.027853012084960938
FLOW-ICMP-0077,ICMP,PROFILE-09-TUNNEL-NATT-CHACHA-IPV4,2005191,6.3,True,62.0,62,CHACHA20,TUNNEL,4,False,True,"{""ident"": 13341, ""interval"": 0.2, ""payload"": 56}",62.0,10044.0,6.06005597114563,0.0993451798548464,0.3946565149010989,1.0,0.0,1.0,10.230928607789599,1657.410434461915,0.0,0.0,0.0,162.0,0.0,0.0,0.5,0.0,0.14658904075622559,-0.0,1.0,0.0656881332397461
FLOW-ICMP-0078,ICMP,PROFILE-01-TUNNEL-AES256GCM-PFS-IPV4,6320321,54.3,False,209.0,209,AES-GCM,TUNNEL,4,False,False,"{""ident"": 47002, ""interval"": 0.5, ""payload"": 56}",209.0,32186.0,53.536144971847534,0.2573853123646516,0.8388553562973166,1.0,0.0,0.9351851851851852,3.903904551026312,601.201300858052,0.0,0.0,0.03349282296650716,154.0,0.0,0.0,0.5167464114832536,0.0,0.5001649856567383,-0.0,1.0,0.45624589920043945
FLOW-ICMP-0079,ICMP,PROFILE-02-TRANSPORT-AES128CBC-PFS-IPV4,7430664,51.7,True,48.0,48,AES-CBC,TRANSPORT,4,False,False,"{""ident"": 11262, ""interval"": 2.0, ""payload"": 32}",48.0,5856.0,48.02786898612976,1.021869552896378,0.9501528188644729,1.0,0.0,0.92,0.9994197330275509,121.92920742936121,1.9723260502020519,0.0,0.04166666666666665,122.0,0.0,0.0,0.5208333333333334,0.5106382978723404,2.0089199542999268,-0.0,25.0,1.9606750011444092
FLOW-ICMP-0080,ICMP,PROFILE-03-TUNNEL-AES128GCM-NOPFS-IPV4,8168651,6.5,False,64.0,64,AES-GCM,TUNNEL,4,False,False,"{""ident"": 44066, ""interval"": 0.2, ""payload"": 100}",64.0,12672.0,6.249485969543457,0.09919818999275329,0.5196703578803756,1.0,0.0,1.0,10.240842256771302,2027.6867668407176,0.0,0.0,0.0,198.0,0.0,0.0,0.5,0.0,0.16005516052246094,-0.0,1.0,0.05271005630493164
FLOW-ICMP-0081,ICMP,PROFILE-04-TRANSPORT-AES256CBC-PFS-IPV6,6346266,50.1,True,100.0,100,AES-CBC,TRANSPORT,6,False,False,"{""ident"": 50222, ""interval"": 1.0, ""payload"": 100}",100.0,23000.0,49.00311994552612,0.4949810095507689,1.0019951570882573,1.0,0.0,1.0,2.040686391216806,469.3578699798654,0.9959808223101557,0.0,0.0,230.0,0.0,0.0,0.5,0.050505050505050504,1.001366138458252,-0.0,6.0,0.007458925247192383
FLOW-ICMP-0082,ICMP,PROFILE-05-TUNNEL-3DESCBC-NOPFS-IPV4,1762874,27.3,True,53.0,53,3DES,TUNNEL,4,False,False,"{""ident"": 36128, ""interval"": 1.0, ""payload"": 56}",53.0,7950.0,26.00200605392456,0.5000385779600877,0.9896555492382118,1.0,0.0,0.9629629629629629,2.038304271219895,305.74564068298423,0.9948930098460271,0.0,0.018867924528301917,150.0,0.0,0.0,0.5094339622641509,0.057692307692307696,1.0031390190124512,-0.0,4.0,0.9867892265319824
FLOW-ICMP-0083,ICMP,PROFILE-06-TUNNEL-AES256GCM-PFS-IPV6,4157572,23.6,True,232.0,232,AES-GCM,TUNNEL,6,False,False,"{""ident"": 36722, ""interval"": 0.2, ""payload"": 1000}",232.0,264016.0,23.40402102470398,0.10131610833205186,0.9434343337653865,0.0,0.0,0.9661016949152542,9.912826507680613,11280.796565740538,0.0,0.0,0.017241379310344838,1138.0,0.0,0.0,0.5086206896551724,0.0,0.20314788818359375,-0.0,1.0,0.18614411354064941
FLOW-ICMP-0084,ICMP,PROFILE-09-TUNNEL-NATT-CHACHA-IPV4,2152017,59.4,False,585.0,585,CHACHA20,TUNNEL,4,False,True,"{""ident"": 54753, ""interval"": 0.2, ""payload"": 56}",585.0,94770.0,59.205896854400635,0.10137996036712438,0.444101827824212,1.0,0.0,0.9696969696969697,9.880772542617406,1600.6851519040197,0.0,0.0,0.015384615384615372,162.0,0.0,0.0,0.5076923076923077,0.0,0.2051241397857666,-0.0,1.0,0.13637208938598633
FLOW-ICMP-0085,ICMP,PROFILE-01-TUNNEL-AES256GCM-PFS-IPV4,433384,27.8,True,54.0,54,AES-GCM,TUNNEL,4,False,False,"{""ident"": 22913, ""interval"": 1.0, ""payload"": 56}",54.0,8316.0,26.03558897972107,0.49123752791926545,0.957174336517018,1.0,0.0,1.0,2.07408405632998,319.4089446748169,0.9703830113777747,0.0,0.0,154.0,0.0,0.0,0.5,0.0,0.9805479049682617,-0.0,1.0,0.035913944244384766
FLOW-ICMP-0086,ICMP,PROFILE-02-TRANSPORT-AES128CBC-PFS-IPV4,6802270,32.7,False,128.0,128,AES-CBC,TRANSPORT,4,False,False,"{""ident"": 28511, ""interval"": 0.5, ""payload"": 32}",128.0,15616.0,32.01236295700073,0.2520658500551239,0.9476660292040409,1.0,0.0,0.9692307692307692,3.9984552271861546,487.81153771671086,0.0,0.0,0.015625,122.0,0.0,0.0,0.5078125,0.0,0.5042150020599365,-0.0,1.0,0.48049092292785645
FLOW-ICMP-0087,ICMP,PROFILE-03-TUNNEL-AES128GCM-NOPFS-IPV4,9474291,53.9,True,528.0,528,AES-GCM,TUNNEL,4,False,False,"{""ident"": 33947, ""interval"": 0.2, ""payload"": 1000}",528.0,579744.0,53.64563298225403,0.10179436998530177,0.5617471514492393,0.0,0.0,0.9628252788104089,9.842366855372223,10806.918807198701,0.0,0.0,0.018939393939393943,1098.0,0.0,0.0,0.509469696969697,0.0,0.2077951431274414,-0.0,1.0,0.14636492729187012
FLOW-ICMP-0088,ICMP,PROFILE-04-TRANSPORT-AES256CBC-PFS-IPV6,2203263,10.1,True,12.0,12,AES-CBC,TRANSPORT,6,False,False,"{""ident"": 423, ""interval"": 2.0, ""payload"": 56}",12.0,2376.0,10.05099606513977,0.9137269150127064,1.029561955312892,1.0,0.0,1.0,1.193911521030242,236.3944811639879,1.944246196746826,0.0,0.0,198.0,0.0,0.0,0.5,0.45454545454545453,1.9514689445495605,-0.0,6.0,0.06077289581298828
FLOW-ICMP-0089,ICMP,PROFILE-05-TUNNEL-3DESCBC-NOPFS-IPV4,8794239,28.7,True,113.0,113,3DES,TUNNEL,4,False,False,"{""ident"": 26371, ""interval"": 0.5, ""payload"": 56}",113.0,16950.0,28.05011510848999,0.2504474563258035,0.8202103797953209,1.0,0.0,0.9824561403508771,4.028503967379373,604.2755951069058,0.0,0.0,0.008849557522123921,150.0,0.0,0.0,0.504424778761062,0.0,0.5037741661071777,-0.0,1.0,0.4448869228363037
FLOW-ICMP-0090,ICMP,PROFILE-06-TUNNEL-AES256GCM-PFS-IPV6,8697034,15.4,True,29.0,29,AES-GCM,TUNNEL,6,False,False,"{""ident"": 30571, ""interval"": 1.0, ""payload"": 1000}",29.0,33002.0,14.006006002426147,0.5002145000866481,0.9848489593326822,0.0,0.0,0.9333333333333333,2.070540309277075,2356.274871957311,0.9928408520562308,0.0,0.03448275862068965,1138.0,0.0,0.0,0.5172413793103449,0.0,0.9992268085479736,-0.0,1.0,0.9861171245574951
FLOW-ICMP-0091,ICMP,PROFILE-09-TUNNEL-NATT-CHACHA-IPV4,225656,58.1,False,56.0,56,CHACHA20,TUNNEL,4,False,True,"{""ident"": 5859, ""interval"": 2.0, ""payload"": 32}",56.0,7728.0,56.00128793716431,1.0182052352211692,0.9780206661022957,1.0,0.0,0.9310344827586207,0.9999770016510022,137.9968262278383,1.996083915233612,0.0,0.03571428571428573,138.0,0.0,0.0,0.5178571428571429,0.509090909090909,2.0021209716796875,-0.0,29.0,1.9917950630187988
FLOW-ICMP-0092,ICMP,PROFILE-01-TUNNEL-AES256GCM-PFS-IPV4,5561571,12.3,False,121.0,121,AES-GCM,TUNNEL,4,False,False,"{""ident"": 23035, ""interval"": 0.2, ""payload"": 100}",121.0,23958.0,12.015830993652344,0.10013192494710287,0.8826984784074625,1.0,0.0,0.9836065573770492,10.070048427272422,1993.8695885999393,0.0,0.0,0.008264462809917364,198.0,0.0,0.0,0.5041322314049587,0.0,0.20000004768371582,-0.0,1.0,0.18011188507080078
FLOW-ICMP-0093,ICMP,PROFILE-02-TRANSPORT-AES128CBC-PFS-IPV4,9988696,58.5,True,116.0,116,AES-CBC,TRANSPORT,4,False,False,"{""ident"": 50609, ""interval"": 1.0, ""payload"": 32}",116.0,14152.0,57.04887294769287,0.4960771560668945,0.9155034452964582,1.0,0.0,1.0,2.033344288963577,248.06800325355638,0.9541960222679272,0.0,0.0,122.0,0.0,0.0,0.5,0.0,0.9614689350128174,-0.0,1.0,0.05158090591430664
FLOW-ICMP-0094,ICMP,PROFILE-03-TUNNEL-AES128GCM-NOPFS-IPV4,8882753,57.1,False,225.0,225,AES-GCM,TUNNEL,4,False,False,"{""ident"": 28335, ""interval"": 0.5, ""payload"": 1000}",225.0,247050.0,56.555389165878296,0.25247941591909956,0.7826157417925044,0.0,0.0,0.9736842105263158,3.9784007027176433,4368.283971583972,0.0,0.0,0.013333333333333317,1098.0,0.0,0.0,0.5066666666666667,0.0,0.5000488758087158,-0.0,1.0,0.43936896324157715
FLOW-ICMP-0095,ICMP,PROFILE-04-TRANSPORT-AES256CBC-PFS-IPV6,3110567,54.4,True,215.0,215,AES-CBC,TRANSPORT,6,False,False,"{""ident"": 61022, ""interval"": 0.5, ""payload"": 56}",215.0,42570.0,53.51987600326538,0.25009287851993167,0.9632316125442937,1.0,0.0,0.9907407407407407,4.017199142742451,795.4054302630054,0.0,0.0,0.004651162790697695,198.0,0.0,0.0,0.5023255813953489,0.0,0.5001859664916992,-0.0,1.0,0.4802827835083008
FLOW-ICMP-0096,ICMP,PROFILE-05-TUNNEL-3DESCBC-NOPFS-IPV4,9789548,26.6,False,264.0,264,3DES,TUNNEL,4,False,False,"{""ident"": 6915, ""interval"": 0.2, ""payload"": 56}",264.0,39600.0,26.439157962799072,0.10052911772927405,0.597863324686261,1.0,0.0,0.9849624060150376,9.985189406238213,1497.778410935732,0.0,0.0,0.007575757575757576,150.0,0.0,0.0,0.5037878787878788,0.0,0.20157909393310547,-0.0,1.0,0.15087485313415527
FLOW-ICMP-0097,ICMP,PROFILE-06-TUNNEL-AES256GCM-PFS-IPV6,5325984,57.7,True,227.0,227,AES-GCM,TUNNEL,6,False,False,"{""ident"": 21089, ""interval"": 0.5, ""payload"": 100}",227.0,54026.0,57.04444098472595,0.252409030905867,0.8136450789409119,1.0,0.0,0.9739130434782609,3.979353572082174,947.0861501555574,0.0,0.0,0.013215859030836984,238.0,0.0,0.0,0.5066079295154186,0.0,0.5015420913696289,-0.0,1.0,0.4463479518890381
FLOW-ICMP-0098,ICMP,PROFILE-09-TUNNEL-NATT-CHACHA-IPV4,3825776,33.6,True,133.0,133,CHACHA20,TUNNEL,4,False,True,"{""ident"": 26368, ""interval"": 0.5, ""payload"": 32}",133.0,18354.0,33.04860806465149,0.25036824291402643,0.8150022102587035,1.0,0.0,0.9850746268656716,4.024375239641505,555.3637830705277,0.0,0.0,0.007518796992481225,138.0,0.0,0.0,0.5037593984962406,0.0,0.5,-0.0,1.0,0.44439077377319336
FLOW-ICMP-0099,ICMP,PROFILE-01-TUNNEL-AES256GCM-PFS-IPV4,2583009,32.5,False,64.0,64,AES-GCM,TUNNEL,4,False,False,"{""ident"": 30443, ""interval"": 1.0, ""payload"": 100}",64.0,12672.0,31.01877212524414,0.49236146230546257,0.9752366761128091,1.0,0.0,1.0,2.0632667128662585,408.52680914751915,0.9802039515587592,0.0,0.0,198.0,0.0,0.0,0.5,0.0,0.986962080001831,-0.0,1.0,0.025223970413208008
FLOW-ICMP-0100,ICMP,PROFILE-02-TRANSPORT-AES128CBC-PFS-IPV4,1505401,8.8,False,16.0,16,AES-CBC,TRANSPORT,4,False,False,"{""ident"": 62771, ""interval"": 1.0, ""payload"": 32}",16.0,1952.0,7.009951114654541,0.4673300743103027,1.0445346295480207,1.0,0.0,1.0,2.2824695548234932,278.46128568846615,0.9891684055328369,0.0,0.0,122.0,0.0,0.0,0.5,0.0,0.9958019256591797,-0.0,1.0,0.013080120086669922
FLOW-ICMP-0101,ICMP,PROFILE-03-TUNNEL-AES128GCM-NOPFS-IPV4,3311663,39.1,True,36.0,36,AES-GCM,TUNNEL,4,False,False,"{""ident"": 37860, ""interval"": 2.0, ""payload"": 56}",36.0,5544.0,36.0468270778656,1.0299093450818744,0.924827205472799,1.0,0.0,0.8947368421052632,0.9987009375952993,153.7999443896761,1.9554990265104506,0.0,0.05555555555555555,154.0,0.0,0.0,0.5277777777777778,0.5142857142857142,1.9993038177490234,-0.0,19.0,1.9425809383392334
FLOW-ICMP-0102,ICMP,PROFILE-04-TRANSPORT-AES256CBC-PFS-IPV6,2242590,40.5,True,78.0,78,AES-CBC,TRANSPORT,6,False,False,"{""ident"": 62060, ""interval"": 1.0, ""payload"": 56}",78.0,15444.0,39.03885102272034,0.5069980652301342,0.9174611589461643,1.0,0.0,0.95,1.9980096226347581,395.6059052816821,0.9661138241107647,0.0,0.025641025641025664,198.0,0.0,0.0,0.5128205128205128,0.0,0.998211145401001,-0.0,1.0,0.9580190181732178
FLOW-ICMP-0103,ICMP,PROFILE-05-TUNNEL-3DESCBC-NOPFS-IPV4,9292860,54.5,True,51.0,51,3DES,TUNNEL,4,False,False,"{""ident"": 64536, ""interval"": 2.0, ""payload"": 32}",51.0,6426.0,52.01971888542175,1.040394377708435,0.9471078130107795,1.0,0.0,0.8888888888888888,0.9803974549022886,123.53007931768836,1.9870932744099543,0.0,0.05882352941176473,126.0,0.0,0.0,0.5294117647058824,0.52,2.0,-0.0,27.0,1.9777369499206543
FLOW-ICMP-0104,ICMP,PROFILE-06-TUNNEL-AES256GCM-PFS-IPV6,7592665,21.6,True,41.0,41,AES-GCM,TUNNEL,6,False,False,"{""ident"": 12316, ""interval"": 1.0, ""payload"": 1000}",41.0,46658.0,19.997668027877808,0.4999417006969452,0.9860755992275894,0.0,0.0,0.9523809523809523,2.0502390550160063,2333.1720446082154,0.9929194211959839,0.0,0.024390243902439053,1138.0,0.0,0.0,0.5121951219512195,0.0,0.9976108074188232,-0.0,1.0,0.9900751113891602
FLOW-ICMP-0105,ICMP,PROFILE-09-TUNNEL-NATT-CHACHA-IPV4,3152513,46.4,False,92.0,92,CHACHA20,TUNNEL,4,False,True,"{""ident"": 15380, ""interval"": 1.0, ""payload"": 56}",92.0,14904.0,45.04510807991028,0.49500118769132173,0.9065847011242882,1.0,0.0,1.0,2.042397141922525,330.8683369914491,0.9487130906846788,0.0,0.0,162.0,0.0,0.0,0.5,0.0,0.956165075302124,-0.0,1.0,0.056738853454589844
FLOW-ICMP-0106,ICMP,PROFILE-01-TUNNEL-AES256GCM-PFS-IPV4,6387289,36.9,False,361.0,361,AES-GCM,TUNNEL,4,False,False,"{""ident"": 12915, ""interval"": 0.2, ""payload"": 56}",361.0,55594.0,36.616910219192505,0.10171363949775696,0.8100036333436774,1.0,0.0,0.9619565217391305,9.858832922794898,1518.2602701104142,0.0,0.0,0.019390581717451498,154.0,0.0,0.0,0.5096952908587258,0.0,0.207230806350708,-0.0,1.0,0.173583984375
FLOW-ICMP-0107,ICMP,PROFILE-02-TRANSPORT-AES128CBC-PFS-IPV4,2457864,6.8,True,12.0,12,AES-CBC,TRANSPORT,4,False,False,"{""ident"": 10565, ""interval"": 2.0, ""payload"": 100}",12.0,2232.0,10.019740104675293,0.9108854640613903,1.075386390330402,1.0,0.0,1.0,1.1976358542873484,222.7602688974468,1.983926773071289,0.0,0.0,186.0,0.0,0.0,0.5,0.45454545454545453,1.9888200759887695,-0.0,6.0,0.021488189697265625
FLOW-ICMP-0108,ICMP,PROFILE-03-TUNNEL-AES128GCM-NOPFS-IPV4,9840390,20.6,True,39.0,39,AES-GCM,TUNNEL,4,False,False,"{""ident"": 5171, ""interval"": 1.0, ""payload"": 56}",39.0,6006.0,19.02237892150879,0.5005889189870734,0.9537274972334593,1.0,0.0,0.95,2.0502167557971585,315.7333803927624,0.9779896108727706,0.0,0.025641025641025664,154.0,0.0,0.0,0.5128205128205128,0.02631578947368421,1.000817060470581,-0.0,2.0,0.9665992259979248
FLOW-ICMP-0109,ICMP,PROFILE-04-TRANSPORT-AES256CBC-PFS-IPV6,1092859,53.9,True,209.0,209,AES-CBC,TRANSPORT,6,False,False,"{""ident"": 13268, ""interval"": 0.5, ""payload"": 32}",209.0,34694.0,53.0164361000061,0.2548867120192601,0.9200964228941407,1.0,0.0,0.9532710280373832,3.9421736988461196,654.4008340084558,0.0,0.0,0.02392344497607656,166.0,0.0,0.0,0.5119617224880383,0.0,0.5011799335479736,-0.0,1.0,0.4755568504333496
FLOW-ICMP-0110,ICMP,PROFILE-05-TUNNEL-3DESCBC-NOPFS-IPV4,1620325,49.0,True,95.0,95,3DES,TUNNEL,4,False,False,"{""ident"": 20410, ""interval"": 1.0, ""payload"": 56}",95.0,14250.0,48.03478002548218,0.5110082981434274,0.9084393612246449,1.0,0.0,0.9387755102040817,1.9777336327886386,296.6600449182958,0.9654011925061544,0.0,0.031578947368421026,150.0,0.0,0.0,0.5157894736842106,0.010638297872340425,1.001824140548706,-0.0,2.0,0.9545650482177734
FLOW-ICMP-0111,ICMP,PROFILE-06-TUNNEL-AES256GCM-PFS-IPV6,8717988,21.1,False,41.0,41,AES-GCM,TUNNEL,6,False,False,"{""ident"": 15326, ""interval"": 1.0, ""payload"": 1000}",41.0,46658.0,20.046326875686646,0.5011581718921662,0.9130495209307959,0.0,0.0,0.9523809523809523,2.045262468992621,2327.5086897136025,0.9586858153343201,0.0,0.024390243902439053,1138.0,0.0,0.0,0.5121951219512195,0.025,1.0,-0.0,2.0,0.9511620998382568
FLOW-ICMP-0112,ICMP,PROFILE-09-TUNNEL-NATT-CHACHA-IPV4,4104439,57.6,False,56.0,56,CHACHA20,TUNNEL,4,False,True,"{""ident"": 56213, ""interval"": 2.0, ""payload"": 32}",56.0,7728.0,54.01197600364685,0.9820359273390337,1.005279219602503,1.0,0.0,1.0,1.036807096193239,143.079379274667,1.9873673297740795,0.0,0.0,138.0,0.0,0.0,0.5,0.4909090909090909,1.9958610534667969,-0.0,28.0,0.016832828521728516
FLOW-ICMP-0113,ICMP,PROFILE-01-TUNNEL-AES256GCM-PFS-IPV4,6769015,23.7,True,46.0,46,AES-GCM,TUNNEL,4,False,False,"{""ident"": 23624, ""interval"": 1.0, ""payload"": 32}",46.0,5980.0,22.05744504928589,0.49016544553968644,0.9124897473121856,1.0,0.0,1.0,2.0854636562492197,271.1102753123986,0.9474738511172208,0.0,0.0,130.0,0.0,0.0,0.5,0.0,0.9552409648895264,-0.0,1.0,0.061151981353759766
FLOW-ICMP-0114,ICMP,PROFILE-02-TRANSPORT-AES128CBC-PFS-IPV4,9245587,41.2,True,40.0,40,AES-CBC,TRANSPORT,4,False,False,"{""ident"": 65122, ""interval"": 2.0, ""payload"": 56}",40.0,6160.0,38.03589105606079,0.9752792578477126,0.9917797336877991,1.0,0.0,1.0,1.051638305016815,161.9522989725895,1.9676679184562282,0.0,0.0,154.0,0.0,0.0,0.5,0.48717948717948717,1.9703998565673828,-0.0,20.0,0.0351409912109375
FLOW-ICMP-0115,ICMP,PROFILE-03-TUNNEL-AES128GCM-NOPFS-IPV4,7153075,49.4,False,48.0,48,AES-GCM,TUNNEL,4,False,False,"{""ident"": 1181, ""interval"": 2.0, ""payload"": 56}",48.0,7392.0,46.0234580039978,0.9792225107233575,1.003516103432558,1.0,0.0,1.0,1.042946403458656,160.61374613263303,1.9830187818278437,0.0,0.0,154.0,0.0,0.0,0.5,0.48936170212765956,1.9942560195922852,-0.0,24.0,0.021317005157470703
FLOW-ICMP-0116,ICMP,PROFILE-04-TRANSPORT-AES256CBC-PFS-IPV6,8692263,35.6,False,68.0,68,AES-CBC,TRANSPORT,6,False,False,"{""ident"": 34019, ""interval"": 1.0, ""payload"": 56}",68.0,13464.0,34.05408310890198,0.5082698971477907,0.8762501316583885,1.0,0.0,0.9428571428571428,1.9968236931395849,395.37109124163777,0.9469351628247429,0.0,0.029411764705882363,198.0,0.0,0.0,0.5147058823529411,0.014925373134328358,1.0050182342529297,-0.0,2.0,0.9356498718261719
FLOW-ICMP-0117,ICMP,PROFILE-05-TUNNEL-3DESCBC-NOPFS-IPV4,6446258,37.8,True,369.0,369,3DES,TUNNEL,4,False,False,"{""ident"": 24432, ""interval"": 0.2, ""payload"": 56}",369.0,55350.0,37.43721413612366,0.10173156015250993,0.652262781642436,1.0,0.0,0.9627659574468085,9.85650264088286,1478.475396132429,0.0,0.0,0.018970189701897032,150.0,0.0,0.0,0.5094850948509485,0.0,0.20878195762634277,-0.0,1.0,0.15583205223083496
FLOW-ICMP-0118,ICMP,PROFILE-06-TUNNEL-AES256GCM-PFS-IPV6,986644,13.3,True,26.0,26,AES-GCM,TUNNEL,6,False,False,"{""ident"": 63703, ""interval"": 1.0, ""payload"": 100}",26.0,6188.0,12.008835077285767,0.48035340309143065,1.0189720778718414,1.0,0.0,1.0,2.1650726180075504,515.2872830857971,0.9898040493329366,0.0,0.0,238.0,0.0,0.0,0.5,0.0,0.9931941032409668,-0.0,1.0,0.01215505599975586
FLOW-ICMP-0119,ICMP,PROFILE-09-TUNNEL-NATT-CHACHA-IPV4,8882530,35.2,False,69.0,69,CHACHA20,TUNNEL,4,False,True,"{""ident"": 45188, ""interval"": 1.0, ""payload"": 56}",69.0,11178.0,34.018709897994995,0.50027514555875,0.9660195949471795,1.0,0.0,0.9714285714285714,2.028295611647129,328.5838890868349,0.9835401002098533,0.0,0.01449275362318841,162.0,0.0,0.0,0.5072463768115942,0.0,0.9964659214019775,-0.0,1.0,0.9756739139556885
FLOW-ICMP-0120,ICMP,PROFILE-01-TUNNEL-AES256GCM-PFS-IPV4,7311903,40.0,True,39.0,39,AES-GCM,TUNNEL,4,False,False,"{""ident"": 1981, ""interval"": 2.0, ""payload"": 56}",39.0,6006.0,38.01177191734314,1.0003097872985036,0.9870501054492593,1.0,0.0,0.95,1.0259979483409973,158.0036840445136,1.9876617757897628,0.0,0.025641025641025664,154.0,0.0,0.0,0.5128205128205128,0.5,2.0,-0.0,20.0,1.9827001094818115
FLOW-ICMP-0121,ICMP,PROFILE-02-TRANSPORT-AES128CBC-PFS-IPV4,4798547,21.7,True,42.0,42,AES-CBC,TRANSPORT,4,False,False,"{""ident"": 22994, ""interval"": 1.0, ""payload"": 1000}",42.0,46116.0,20.01558518409729,0.4881850044901778,1.0071448899947304,0.0,0.0,1.0,2.0983648298911435,2304.0045832204755,0.9919926762580872,0.0,0.0,1098.0,0.0,0.0,0.5,0.0,0.996600866317749,-0.0,1.0,0.014079093933105469
FLOW-ICMP-0122,ICMP,PROFILE-03-TUNNEL-AES128GCM-NOPFS-IPV4,6532397,41.3,False,81.0,81,AES-GCM,TUNNEL,4,False,False,"{""ident"": 3311, ""interval"": 1.0, ""payload"": 1000}",81.0,88938.0,40.01816010475159,0.5002270013093948,0.9623862605043795,0.0,0.0,0.975609756097561,2.024081061897256,2222.4410059631873,0.9816249787807465,0.0,0.01234567901234569,1098.0,0.0,0.0,0.5061728395061729,0.0125,1.0030779838562012,-0.0,2.0,0.9728388786315918
FLOW-ICMP-0123,ICMP,PROFILE-04-TRANSPORT-AES256CBC-PFS-IPV6,48168,37.5,True,147.0,147,AES-CBC,TRANSPORT,6,False,False,"{""ident"": 57880, ""interval"": 0.5, ""payload"": 56}",147.0,29106.0,37.043416023254395,0.25372202755653694,0.8172007487773537,1.0,0.0,0.96,3.968316526416441,785.7266722304553,0.0,0.0,0.02040816326530614,198.0,0.0,0.0,0.5102040816326531,0.0,0.5102050304412842,-0.0,1.0,0.44778895378112793
FLOW-ICMP-0124,ICMP,PROFILE-05-TUNNEL-3DESCBC-NOPFS-IPV4,7528128,47.6,True,93.0,93,3DES,TUNNEL,4,False,False,"{""ident"": 20604, ""interval"": 1.0, ""payload"": 1000}",93.0,101742.0,46.0174298286438,0.5001894546591718,0.9636870995025939,0.0,0.0,0.9787234042553191,2.020973364794738,2210.9448610854433,0.982205022936282,0.0,0.010752688172043027,1094.0,0.0,0.0,0.5053763440860215,0.010869565217391304,1.0001139640808105,-0.0,2.0,0.9737050533294678
FLOW-ICMP-0125,ICMP,PROFILE-06-TUNNEL-AES256GCM-PFS-IPV6,1620164,9.8,True,17.0,17,AES-GCM,TUNNEL,6,False,False,"{""ident"": 6974, ""interval"": 1.0, ""payload"": 1000}",17.0,19346.0,8.019934177398682,0.5012458860874176,0.956937139672897,0.0,0.0,0.8888888888888888,2.1197181453070306,2412.2392493594007,0.980865865945816,0.0,0.05882352941176473,1138.0,0.0,0.0,0.5294117647058824,0.0625,1.0,-0.0,2.0,0.9692039489746094
FLOW-ICMP-0126,ICMP,PROFILE-09-TUNNEL-NATT-CHACHA-IPV4,6699355,31.6,False,126.0,126,CHACHA20,TUNNEL,4,False,True,"{""ident"": 25616, ""interval"": 0.5, ""payload"": 56}",126.0,20412.0,31.03164505958557,0.24825316047668458,0.8744372016142761,1.0,0.0,1.0,4.060371268041396,657.7801454227063,0.0,0.0,0.0,162.0,0.0,0.0,0.5,0.0,0.4773550033569336,-0.0,1.0,0.037670135498046875
FLOW-ICMP-0127,ICMP,PROFILE-01-TUNNEL-AES256GCM-PFS-IPV4,9191098,32.4,True,32.0,32,AES-GCM,TUNNEL,4,False,False,"{""ident"": 43781, ""interval"": 2.0, ""payload"": 56}",32.0,4928.0,30.002493143081665,0.9678223594542472,1.0290598371455881,1.0,0.0,1.0,1.066578028945536,164.25301645761255,1.9964292844136555,0.0,0.0,154.0,0.0,0.0,0.5,0.4838709677419355,2.0010879039764404,-0.0,16.0,0.008887052536010742
FLOW-ICMP-0128,ICMP,PROFILE-02-TRANSPORT-AES128CBC-PFS-IPV4,5067699,36.7,True,70.0,70,AES-CBC,TRANSPORT,4,False,False,"{""ident"": 35085, ""interval"": 1.0, ""payload"": 56}",70.0,10780.0,35.04377102851868,0.5078807395437489,0.9051084839107265,1.0,0.0,0.9444444444444444,1.997501922468158,307.61529606009634,0.960887725012643,0.0,0.028571428571428584,154.0,0.0,0.0,0.5142857142857142,0.014492753623188406,1.005629062652588,-0.0,2.0,0.950218915939331
FLOW-ICMP-0129,ICMP,PROFILE-03-TUNNEL-AES128GCM-NOPFS-IPV4,7655740,47.8,True,473.0,473,AES-GCM,TUNNEL,4,False,False,"{""ident"": 60072, ""interval"": 0.2, ""payload"": 1000}",473.0,519354.0,47.446497201919556,0.10052223983457532,0.5031464733111363,0.0,0.0,0.9873949579831933,9.969123705529599,10946.0978286715,0.0,0.0,0.006342494714587715,1098.0,0.0,0.0,0.5031712473572939,0.0,0.20186901092529297,-0.0,1.0,0.1403059959411621
FLOW-ICMP-0130,ICMP,PROFILE-04-TRANSPORT-AES256CBC-PFS-IPV6,1020631,54.7,False,106.0,106,AES-CBC,TRANSPORT,6,False,False,"{""ident"": 23489, ""interval"": 1.0, ""payload"": 32}",106.0,17596.0,53.059906005859375,0.5053324381510417,0.8909223995811291,1.0,0.0,0.9629629629629629,1.9977419482856695,331.6251634154211,0.9512147273657456,0.0,0.018867924528301917,166.0,0.0,0.0,0.5094339622641509,0.009523809523809525,1.0035040378570557,-0.0,2.0,0.9419078826904297
FLOW-ICMP-0131,ICMP,PROFILE-05-TUNNEL-3DESCBC-NOPFS-IPV4,3886574,31.1,False,304.0,304,3DES,TUNNEL,4,False,False,"{""ident"": 61825, ""interval"": 0.2, ""payload"": 56}",304.0,45600.0,30.816169023513794,0.10170352813040856,0.8446482319169413,1.0,0.0,0.9612903225806452,9.864951083570368,1479.7426625355552,0.0,0.0,0.01973684210526315,150.0,0.0,0.0,0.5098684210526315,0.0,0.20000004768371582,-0.0,1.0,0.1779170036315918
FLOW-ICMP-0132,ICMP,PROFILE-06-TUNNEL-AES256GCM-PFS-IPV6,4496405,33.3,False,63.0,63,AES-GCM,TUNNEL,6,False,False,"{""ident"": 48956, ""interval"": 1.0, ""payload"": 32}",63.0,10710.0,32.00925588607788,0.5162783207431916,0.9443392064097614,1.0,0.0,0.9090909090909091,1.9681807107362732,334.59072082516644,0.9883226528763771,0.0,0.04761904761904763,170.0,0.0,0.0,0.5238095238095238,0.04838709677419355,1.0057179927825928,-0.0,4.0,0.9815359115600586
FLOW-ICMP-0133,ICMP,PROFILE-09-TUNNEL-NATT-CHACHA-IPV4,8592348,48.9,True,93.0,93,CHACHA20,TUNNEL,4,False,True,"{""ident"": 34432, ""interval"": 1.0, ""payload"": 100}",93.0,19158.0,47.00476288795471,0.5109213357386382,0.9653198285914979,1.0,0.0,0.9375,1.9785229046189248,407.57571835149855,0.9935061627245964,0.0,0.03225806451612903,206.0,0.0,0.0,0.5161290322580645,0.03260869565217391,1.0047399997711182,-0.0,4.0,0.9869849681854248
FLOW-ICMP-0134,ICMP,PROFILE-01-TUNNEL-AES256GCM-PFS-IPV4,7180236,5.5,False,12.0,12,AES-GCM,TUNNEL,4,False,False,"{""ident"": 30985, ""interval"": 1.0, ""payload"": 1000}",12.0,13176.0,5.014699935913086,0.4558818123557351,1.0611445982924448,0.0,0.0,1.0,2.392964714411176,2627.4752564234714,0.9858081817626954,0.0,0.0,1098.0,0.0,0.0,0.5,0.0,0.988062858581543,-0.0,1.0,0.015075922012329102
FLOW-ICMP-0135,ICMP,PROFILE-02-TRANSPORT-AES128CBC-PFS-IPV4,1790862,48.6,True,96.0,96,AES-CBC,TRANSPORT,4,False,False,"{""ident"": 5519, ""interval"": 1.0, ""payload"": 32}",96.0,11712.0,47.027244091033936,0.4950236220108835,0.9563521013451342,1.0,0.0,1.0,2.041369887934876,249.04712632805487,0.9734390695044335,0.0,0.0,122.0,0.0,0.0,0.5,0.0,0.9826431274414062,-0.0,1.0,0.03186297416687012
FLOW-ICMP-0136,ICMP,PROFILE-03-TUNNEL-AES128GCM-NOPFS-IPV4,7609896,39.2,False,37.0,37,AES-GCM,TUNNEL,4,False,False,"{""ident"": 16289, ""interval"": 2.0, ""payload"": 32}",37.0,4810.0,36.020150899887085,1.0005597472190857,0.9852358714214415,1.0,0.0,0.9473684210526315,1.0272028038648773,133.53636450243405,1.986340257856581,0.0,0.027027027027027056,130.0,0.0,0.0,0.5135135135135135,0.5,2.0016469955444336,-0.0,19.0,1.9807090759277344
FLOW-ICMP-0137,ICMP,PROFILE-04-TRANSPORT-AES256CBC-PFS-IPV6,9569355,48.0,False,48.0,48,AES-CBC,TRANSPORT,6,False,False,"{""ident"": 8537, ""interval"": 2.0, ""payload"": 32}",48.0,7968.0,46.066696882247925,0.9801424868563389,0.961091227764978,1.0,0.0,1.0,1.0419674786471849,172.96660145543268,1.942404145779817,0.0,0.0,166.0,0.0,0.0,0.5,0.48936170212765956,1.950300931930542,-0.0,24.0,0.06219887733459473
FLOW-ICMP-0138,ICMP,PROFILE-05-TUNNEL-3DESCBC-NOPFS-IPV4,6152878,18.7,False,17.0,17,3DES,TUNNEL,4,False,False,"{""ident"": 7111, ""interval"": 2.0, ""payload"": 100}",17.0,3366.0,16.003185033798218,1.0001990646123886,0.9549308315899406,1.0,0.0,0.8888888888888888,1.0622885359443475,210.33313011698078,1.9553187191486359,0.0,0.05882352941176473,198.0,0.0,0.0,0.5294117647058824,0.5,1.958380937576294,-0.0,9.0,1.9532361030578613
FLOW-ICMP-0139,ICMP,PROFILE-06-TUNNEL-AES256GCM-PFS-IPV6,8944549,9.9,True,97.0,97,AES-GCM,TUNNEL,6,False,False,"{""ident"": 3586, ""interval"": 0.2, ""payload"": 56}",97.0,18818.0,9.629303932189941,0.10030524929364522,0.6724969154268005,1.0,0.0,0.9795918367346939,10.073417630503622,1954.2430203177025,0.0,0.0,0.010309278350515476,194.0,0.0,0.0,0.5051546391752577,0.0,0.20000004768371582,-0.0,1.0,0.16095280647277832
FLOW-ICMP-0140,ICMP,PROFILE-09-TUNNEL-NATT-CHACHA-IPV4,5049837,20.8,True,207.0,207,CHACHA20,TUNNEL,4,False,True,"{""ident"": 30123, ""interval"": 0.2, ""payload"": 56}",207.0,33534.0,20.643038034439087,0.10020892249727711,0.5329104386558642,1.0,0.0,0.9903846153846154,10.027593789957603,1624.4701939731317,0.0,0.0,0.004830917874396118,162.0,0.0,0.0,0.5024154589371981,0.0,0.19894886016845703,-0.0,1.0,0.14362406730651855
FLOW-ICMP-0141,ICMP,PROFILE-01-TUNNEL-AES256GCM-PFS-IPV4,6426471,12.5,True,24.0,24,AES-GCM,TUNNEL,4,False,False,"{""ident"": 42827, ""interval"": 1.0, ""payload"": 56}",24.0,3696.0,11.054117918014526,0.4806138225223707,0.9261782911492099,1.0,0.0,1.0,2.1711366006769297,334.3550365042472,0.9455330805345015,0.0,0.0,154.0,0.0,0.0,0.5,0.0,0.9518959522247314,-0.0,1.0,0.05941200256347656
FLOW-ICMP-0142,ICMP,PROFILE-02-TRANSPORT-AES128CBC-PFS-IPV4,6441467,41.0,True,40.0,40,AES-CBC,TRANSPORT,4,False,False,"{""ident"": 16280, ""interval"": 2.0, ""payload"": 100}",40.0,7440.0,38.05352997779846,0.9757315378922683,0.9751369178420498,1.0,0.0,1.0,1.0511508399703566,195.51405623448633,1.95191626799734,0.0,0.0,186.0,0.0,0.0,0.5,0.48717948717948717,1.9595849514007568,-0.0,20.0,0.05329012870788574
FLOW-ICMP-0143,ICMP,PROFILE-03-TUNNEL-AES128GCM-NOPFS-IPV4,3419843,41.4,True,158.0,158,AES-GCM,TUNNEL,4,False,False,"{""ident"": 2477, ""interval"": 0.5, ""payload"": 56}",158.0,24332.0,40.52287197113037,0.2581074647842699,0.8846453909380678,1.0,0.0,0.926829268292683,3.8990326281060144,600.4510247283263,0.0,0.0,0.03797468354430378,154.0,0.0,0.0,0.5189873417721519,0.0,0.5025279521942139,-0.0,1.0,0.47026586532592773
FLOW-ICMP-0144,ICMP,PROFILE-04-TRANSPORT-AES256CBC-PFS-IPV6,5257713,48.5,False,91.0,91,AES-CBC,TRANSPORT,6,False,False,"{""ident"": 55059, ""interval"": 1.0, ""payload"": 1000}",91.0,103922.0,47.0463981628418,0.5227377573649089,0.8651329316507601,0.0,0.0,0.8958333333333334,1.9342607203429583,2208.925742631658,0.9551609678471342,0.0,0.05494505494505492,1142.0,0.0,0.0,0.5274725274725275,0.044444444444444446,1.0022060871124268,-0.0,5.0,0.9430141448974609
FLOW-ICMP-0145,ICMP,PROFILE-05-TUNNEL-3DESCBC-NOPFS-IPV4,1017931,36.3,False,354.0,354,3DES,TUNNEL,4,False,False,"{""ident"": 38292, ""interval"": 0.2, ""payload"": 1000}",354.0,387276.0,36.03426003456116,0.10208005675513075,0.6957597843722513,0.0,0.0,0.9558011049723757,9.823984165637695,10747.438677207638,0.0,0.0,0.02259887005649717,1094.0,0.0,0.0,0.5112994350282486,0.0,0.20901894569396973,-0.0,1.0,0.16150689125061035
FLOW-ICMP-0146,ICMP,PROFILE-06-TUNNEL-AES256GCM-PFS-IPV6,4854210,30.7,True,60.0,60,AES-GCM,TUNNEL,6,False,False,"{""ident"": 51214, ""interval"": 1.0, ""payload"": 56}",60.0,11640.0,29.040127992630005,0.4922055591971187,0.9375805975298713,1.0,0.0,1.0,2.066106596197758,400.824679662365,0.9615699258343927,0.0,0.0,194.0,0.0,0.0,0.5,0.0,0.9684150218963623,-0.0,1.0,0.04281902313232422
FLOW-ICMP-0147,ICMP,PROFILE-09-TUNNEL-NATT-CHACHA-IPV4,6001045,53.0,False,105.0,105,CHACHA20,TUNNEL,4,False,True,"{""ident"": 28522, ""interval"": 1.0, ""payload"": 1000}",105.0,116130.0,52.029338121414185,0.5002820973212903,0.9419474189099154,0.0,0.0,0.9811320754716981,2.0180921724388456,2232.009942717363,0.9715030147479131,0.0,0.009523809523809521,1106.0,0.0,0.0,0.5047619047619047,0.009615384615384616,1.0,-0.0,2.0,0.9597210884094238
FLOW-ICMP-0148,ICMP,PROFILE-01-TUNNEL-AES256GCM-PFS-IPV4,6637682,14.4,True,28.0,28,AES-GCM,TUNNEL,4,False,False,"{""ident"": 28111, ""interval"": 1.0, ""payload"": 56}",28.0,4312.0,13.019016981124878,0.48218581411573624,1.005283345003062,1.0,0.0,1.0,2.1507000137256695,331.20780211375313,0.9852064939645621,0.0,0.0,154.0,0.0,0.0,0.5,0.0,0.9947109222412109,-0.0,1.0,0.018763065338134766
FLOW-ICMP-0149,ICMP,PROFILE-02-TRANSPORT-AES128CBC-PFS-IPV4,2515794,5.6,False,11.0,11,AES-CBC,TRANSPORT,4,False,False,"{""ident"": 58957, ""interval"": 2.0, ""payload"": 1000}",11.0,12078.0,10.023530006408691,1.0023530006408692,0.9713659863766257,0.0,0.0,0.8333333333333334,1.097417775271485,1204.9647172480904,1.975958251953125,0.0,0.09090909090909088,1098.0,0.0,0.0,0.5454545454545454,0.5,2.0,-0.0,6.0,1.9622361660003662
FLOW-ICMP-0150,ICMP,PROFILE-03-TUNNEL-AES128GCM-NOPFS-IPV4,4199129,38.1,True,151.0,151,AES-GCM,TUNNEL,4,False,False,"{""ident"": 2316, ""interval"": 0.5, ""payload"": 56}",151.0,23254.0,37.53960609436035,0.250264040629069,0.8379146956892657,1.0,0.0,0.9868421052631579,4.022418339192031,619.4524242355727,0.0,0.0,0.006622516556291411,154.0,0.0,0.0,0.5033112582781457,0.0,0.5,-0.0,1.0,0.4516441822052002
FLOW-ICMP-0151,ICMP,PROFILE-04-TRANSPORT-AES256CBC-PFS-IPV6,1723027,11.0,False,12.0,12,AES-CBC,TRANSPORT,6,False,False,"{""ident"": 17894, ""interval"": 2.0, ""payload"": 100}",12.0,2760.0,10.032907962799072,0.9120825420726429,1.0468912012598557,1.0,0.0,1.0,1.1960639970479836,275.0947193210362,1.9580654144287108,0.0,0.0,230.0,0.0,0.0,0.5,0.45454545454545453,1.9634809494018555,-0.0,6.0,0.04100799560546875
FLOW-ICMP-0152,ICMP,PROFILE-05-TUNNEL-3DESCBC-NOPFS-IPV4,9277365,17.6,True,70.0,70,3DES,TUNNEL,4,False,False,"{""ident"": 750, ""interval"": 0.5, ""payload"": 1000}",70.0,76580.0,17.05108904838562,0.24711723258529883,0.8095854960979187,0.0,0.0,1.0,4.105309625758334,4491.208730579618,0.0,0.0,0.0,1094.0,0.0,0.0,0.5,0.0,0.45797204971313477,-0.0,1.0,0.055490970611572266
FLOW-ICMP-0153,ICMP,PROFILE-06-TUNNEL-AES256GCM-PFS-IPV6,3587688,21.1,True,20.0,20,AES-GCM,TUNNEL,6,False,False,"{""ident"": 15280, ""interval"": 2.0, ""payload"": 100}",20.0,4760.0,18.025282859802246,0.9486990978843287,1.0173895434902498,1.0,0.0,1.0,1.109552629800974,264.0735258926318,1.9661021762424045,0.0,0.0,238.0,0.0,0.0,0.5,0.47368421052631576,1.9701790809631348,-0.0,10.0,0.037154197692871094
FLOW-ICMP-0154,ICMP,PROFILE-09-TUNNEL-NATT-CHACHA-IPV4,1949882,21.6,False,20.0,20,CHACHA20,TUNNEL,4,False,True,"{""ident"": 12040, ""interval"": 2.0, ""payload"": 56}",20.0,3240.0,18.05756902694702,0.9503983698393169,0.9984046968111034,1.0,0.0,1.0,1.1075687967829069,179.42614507883093,1.9506026638878717,0.0,0.0,162.0,0.0,0.0,0.5,0.47368421052631576,1.958292007446289,-0.0,10.0,0.05282306671142578
FLOW-ICMP-0155,ICMP,PROFILE-01-TUNNEL-AES256GCM-PFS-IPV4,6406375,53.6,True,105.0,105,AES-GCM,TUNNEL,4,False,False,"{""ident"": 5532, ""interval"": 1.0, ""payload"": 1000}",105.0,115290.0,52.03241300582886,0.5003116635175852,0.9493708911119878,0.0,0.0,0.9811320754716981,2.0179729121583794,2215.7342575499006,0.9752774651233966,0.0,0.009523809523809521,1098.0,0.0,0.0,0.5047619047619047,0.009615384615384616,1.0013659000396729,-0.0,2.0,0.9648251533508301
FLOW-ICMP-0156,ICMP,PROFILE-02-TRANSPORT-AES128CBC-PFS-IPV4,5239077,21.3,False,83.0,83,AES-CBC,TRANSPORT,4,False,False,"{""ident"": 47829, ""interval"": 0.5, ""payload"": 56}",83.0,12782.0,20.5544171333313,0.25066362357721095,0.7858904855121576,1.0,0.0,0.9761904761904762,4.038061476596491,621.8614673958597,0.0,0.0,0.01204819277108435,154.0,0.0,0.0,0.5060240963855421,0.0,0.5,-0.0,1.0,0.4357290267944336
FLOW-ICMP-0157,ICMP,PROFILE-03-TUNNEL-AES128GCM-NOPFS-IPV4,2871273,39.4,False,78.0,78,AES-GCM,TUNNEL,4,False,False,"{""ident"": 6294, ""interval"": 1.0, ""payload"": 1000}",78.0,85644.0,38.02107787132263,0.49378023209509914,0.9680106996238066,0.0,0.0,1.0,2.0514936547559435,2252.540032922026,0.9780000573710391,0.0,0.0,1098.0,0.0,0.0,0.5,0.0,0.9900970458984375,-0.0,1.0,0.027769088745117188
FLOW-ICMP-0158,ICMP,PROFILE-04-TRANSPORT-AES256CBC-PFS-IPV6,5065853,59.6,True,118.0,118,AES-CBC,TRANSPORT,6,False,False,"{""ident"": 29436, ""interval"": 1.0, ""payload"": 56}",118.0,23364.0,58.00545406341553,0.49577311165312415,0.995767741353546,1.0,0.0,1.0,2.0342914628509647,402.789709644491,0.9936807689995601,0.0,0.0,198.0,0.0,0.0,0.5,0.0,0.9995620250701904,-0.0,1.0,0.013396024703979492
FLOW-ICMP-0159,ICMP,PROFILE-05-TUNNEL-3DESCBC-NOPFS-IPV4,6099009,20.7,True,40.0,40,3DES,TUNNEL,4,False,False,"{""ident"": 53114, ""interval"": 1.0, ""payload"": 56}",40.0,6000.0,19.034330129623413,0.48805974691342086,0.9567691065927751,1.0,0.0,1.0,2.101466126078553,315.219918911783,0.967145417865954,0.0,0.0,150.0,0.0,0.0,0.5,0.0,0.9731590747833252,-0.0,1.0,0.03704714775085449
FLOW-ICMP-0160,ICMP,PROFILE-06-TUNNEL-AES256GCM-PFS-IPV6,5311223,13.8,True,54.0,54,AES-GCM,TUNNEL,6,False,False,"{""ident"": 40083, ""interval"": 0.5, ""payload"": 100}",54.0,12852.0,13.024052858352661,0.24573684638401247,0.9169256239046845,1.0,0.0,1.0,4.146174818798313,986.7896068739985,0.0,0.0,0.0,238.0,0.0,0.0,0.5,0.0,0.4811270236968994,-0.0,1.0,0.026788949966430664
FLOW-ICMP-0161,ICMP,PROFILE-09-TUNNEL-NATT-CHACHA-IPV4,3831268,30.4,False,59.0,59,CHACHA20,TUNNEL,4,False,True,"{""ident"": 46724, ""interval"": 1.0, ""payload"": 32}",59.0,8142.0,29.04283905029297,0.500738604315396,0.9142238308710516,1.0,0.0,0.9666666666666667,2.0314818361190774,280.34449338443267,0.9584888178726723,0.0,0.016949152542372878,138.0,0.0,0.0,0.5084745762711864,0.0,0.9959921836853027,-0.0,1.0,0.9493260383605957
FLOW-ICMP-0162,ICMP,PROFILE-01-TUNNEL-AES256GCM-PFS-IPV4,6250713,16.9,True,32.0,32,AES-GCM,TUNNEL,4,False,False,"{""ident"": 22268, ""interval"": 1.0, ""payload"": 1000}",32.0,35136.0,15.017299890518188,0.48442902872639315,1.0030129639900272,0.0,0.0,1.0,2.1308757388673154,2339.7015612763125,0.9862491130828858,0.0,0.0,1098.0,0.0,0.0,0.5,0.0,0.9910159111022949,-0.0,1.0,0.018648862838745117
FLOW-ICMP-0163,ICMP,PROFILE-02-TRANSPORT-AES128CBC-PFS-IPV4,7825870,41.6,True,81.0,81,AES-CBC,TRANSPORT,4,False,False,"{""ident"": 12842, ""interval"": 1.0, ""payload"": 56}",81.0,12474.0,40.04215908050537,0.5005269885063172,0.9164900335438884,1.0,0.0,0.975609756097561,2.0228679436877584,311.5216633279148,0.9592253565788269,0.0,0.01234567901234569,154.0,0.0,0.0,0.5061728395061729,0.0125,1.0,-0.0,2.0,0.9511079788208008
FLOW-ICMP-0164,ICMP,PROFILE-03-TUNNEL-AES128GCM-NOPFS-IPV4,3630386,59.8,False,116.0,116,AES-GCM,TUNNEL,4,False,False,"{""ident"": 55737, ""interval"": 1.0, ""payload"": 100}",116.0,22968.0,58.00267505645752,0.5043710874474567,0.9705990332809641,1.0,0.0,0.9661016949152542,1.999907760928098,395.9817366637634,0.9896611427438671,0.0,0.017241379310344838,198.0,0.0,0.0,0.5086206896551724,0.02608695652173913,1.0017549991607666,-0.0,4.0,0.9735500812530518
FLOW-ICMP-0165,ICMP,PROFILE-04-TRANSPORT-AES256CBC-PFS-IPV6,8963611,16.1,True,63.0,63,AES-CBC,TRANSPORT,6,False,False,"{""ident"": 18063, ""interval"": 0.5, ""payload"": 1000}",63.0,71946.0,15.522327184677124,0.2503601158818891,0.9347355429121814,0.0,0.0,0.96875,4.058669763267875,4635.000869651913,0.0,0.0,0.015873015873015872,1142.0,0.0,0.0,0.5079365079365079,0.0,0.5,-0.0,1.0,0.4792039394378662
FLOW-ICMP-0166,ICMP,PROFILE-05-TUNNEL-3DESCBC-NOPFS-IPV4,8423999,59.9,True,115.0,115,3DES,TUNNEL,4,False,False,"{""ident"": 30534, ""interval"": 1.0, ""payload"": 56}",115.0,17250.0,58.038485050201416,0.509109517984223,0.906971857120093,1.0,0.0,0.9491525423728814,1.9814438626461168,297.21657939691755,0.9627786874771118,0.0,0.026086956521739115,150.0,0.0,0.0,0.5130434782608696,0.008771929824561403,1.0051989555358887,-0.0,2.0,0.9529998302459717
FLOW-ICMP-0167,ICMP,PROFILE-06-TUNNEL-AES256GCM-PFS-IPV6,5019186,52.6,True,207.0,207,AES-GCM,TUNNEL,6,False,False,"{""ident"": 50136, ""interval"": 0.5, ""payload"": 56}",207.0,40158.0,52.04881405830383,0.25266414591409625,0.8176821262891035,1.0,0.0,0.9714285714285714,3.977035860377598,771.544956913254,0.0,0.0,0.01449275362318841,194.0,0.0,0.0,0.5072463768115942,0.0,0.4976158142089844,-0.0,1.0,0.44743800163269043
FLOW-ICMP-0168,ICMP,PROFILE-09-TUNNEL-NATT-CHACHA-IPV4,5018532,15.0,True,30.0,30,CHACHA20,TUNNEL,4,False,True,"{""ident"": 25870, ""interval"": 1.0, ""payload"": 56}",30.0,4860.0,14.045912981033325,0.48434182693218364,0.9413754187931413,1.0,0.0,1.0,2.1358526170929597,346.00812396905945,0.9562876394816807,0.0,0.0,162.0,0.0,0.0,0.5,0.0,0.9595389366149902,-0.0,1.0,0.048689842224121094
FLOW-ICMP-0169,ICMP,PROFILE-01-TUNNEL-AES256GCM-PFS-IPV4,7342924,36.0,False,356.0,356,AES-GCM,TUNNEL,4,False,False,"{""ident"": 4592, ""interval"": 0.2, ""payload"": 56}",356.0,54824.0,35.847740173339844,0.10097954978405589,0.529219528313598,1.0,0.0,0.9777777777777777,9.930890992809614,1529.3572128926805,0.0,0.0,0.01123595505617979,154.0,0.0,0.0,0.5056179775280899,0.0,0.2001631259918213,-0.0,1.0,0.14078497886657715
FLOW-ICMP-0170,ICMP,PROFILE-02-TRANSPORT-AES128CBC-PFS-IPV4,4185648,54.4,False,211.0,211,AES-CBC,TRANSPORT,4,False,False,"{""ident"": 3051, ""interval"": 0.5, ""payload"": 32}",211.0,25742.0,53.524198055267334,0.2548771335965111,0.8833881628816712,1.0,0.0,0.9537037037037037,3.9421422023386192,480.94134868531154,0.0,0.0,0.023696682464454968,122.0,0.0,0.0,0.5118483412322274,0.0,0.5052599906921387,-0.0,1.0,0.4678199291229248
FLOW-ICMP-0171,ICMP,PROFILE-03-TUNNEL-AES128GCM-NOPFS-IPV4,1866428,17.8,True,33.0,33,AES-GCM,TUNNEL,4,False,False,"{""ident"": 37606, ""interval"": 1.0, ""payload"": 1000}",33.0,36234.0,16.051734924316406,0.5016167163848877,0.8883416891650984,0.0,0.0,0.9411764705882353,2.055852539030473,2257.3260878554593,0.9471007436513901,0.0,0.03030303030303031,1098.0,0.0,0.0,0.5151515151515151,0.03125,1.0,-0.0,2.0,0.9316589832305908
FLOW-ICMP-0172,ICMP,PROFILE-04-TRANSPORT-AES256CBC-PFS-IPV6,1451308,27.4,True,272.0,272,AES-CBC,TRANSPORT,6,False,False,"{""ident"": 20927, ""interval"": 0.2, ""payload"": 56}",272.0,53856.0,27.00876808166504,0.09966335085485255,0.9312207638386848,1.0,0.0,1.0,10.070803643378603,1994.0191213889634,0.0,0.0,0.0,198.0,0.0,0.0,0.5,0.0,0.20424199104309082,-0.0,1.0,0.013839006423950195
FLOW-ICMP-0173,ICMP,PROFILE-05-TUNNEL-3DESCBC-NOPFS-IPV4,2485384,40.9,False,79.0,79,3DES,TUNNEL,4,False,False,"{""ident"": 51381, ""interval"": 1.0, ""payload"": 56}",79.0,11850.0,39.05210494995117,0.5006680121788611,0.8825420767008271,1.0,0.0,0.975,2.022938330756964,303.4407496135446,0.942474854298127,0.0,0.012658227848101276,150.0,0.0,0.0,0.5063291139240507,0.0,0.9982550144195557,-0.0,1.0,0.9352879524230957
FLOW-ICMP-0174,ICMP,PROFILE-06-TUNNEL-AES256GCM-PFS-IPV6,9090891,11.3,True,21.0,21,AES-GCM,TUNNEL,6,False,False,"{""ident"": 25714, ""interval"": 1.0, ""payload"": 56}",21.0,4074.0,9.994972944259644,0.4997486472129822,0.8831018208860868,1.0,0.0,0.9090909090909091,2.101056212669471,407.6049052578774,0.9410712003707886,0.0,0.04761904761904763,194.0,0.0,0.0,0.5238095238095238,0.0,0.9452219009399414,-0.0,1.0,0.9341030120849609
FLOW-ICMP-0175,ICMP,PROFILE-09-TUNNEL-NATT-CHACHA-IPV4,9172493,22.4,False,44.0,44,CHACHA20,TUNNEL,4,False,True,"{""ident"": 44955, ""interval"": 1.0, ""payload"": 56}",44.0,7128.0,21.0306179523468,0.4890841384266698,0.9560780594543868,1.0,0.0,1.0,2.0921876903331817,338.9344058339754,0.9676837353479295,0.0,0.0,162.0,0.0,0.0,0.5,0.0,0.9739758968353271,-0.0,1.0,0.03658103942871094
FLOW-ICMP-0176,ICMP,PROFILE-01-TUNNEL-AES256GCM-PFS-IPV4,5315583,41.2,True,78.0,78,AES-GCM,TUNNEL,4,False,False,"{""ident"": 28739, ""interval"": 1.0, ""payload"": 100}",78.0,15444.0,40.03997302055359,0.519999649617579,0.8955444592710723,1.0,0.0,0.9024390243902439,1.9480532606742895,385.7145456135093,0.9678026556968689,0.0,0.05128205128205127,198.0,0.0,0.0,0.5256410256410257,0.05194805194805195,1.0020811557769775,-0.0,5.0,0.956866979598999
FLOW-ICMP-0177,ICMP,PROFILE-02-TRANSPORT-AES128CBC-PFS-IPV4,4032686,41.6,False,80.0,80,AES-CBC,TRANSPORT,4,False,False,"{""ident"": 64290, ""interval"": 1.0, ""payload"": 100}",80.0,14880.0,40.0136559009552,0.5065019734298126,0.9583482577525214,1.0,0.0,0.9512195121951219,1.9993174379772245,371.87304346376374,0.9857857525348663,0.0,0.025000000000000022,186.0,0.0,0.0,0.5125,0.012658227848101266,1.001814842224121,-0.0,2.0,0.9740500450134277
FLOW-ICMP-0178,ICMP,PROFILE-03-TUNNEL-AES128GCM-NOPFS-IPV4,3878288,53.7,True,105.0,105,AES-GCM,TUNNEL,4,False,False,"{""ident"": 64023, ""interval"": 1.0, ""payload"": 32}",105.0,13650.0,52.042396068573,0.5004076545055096,0.9175858275069043,1.0,0.0,0.9811320754716981,2.0175858133366513,262.2861557337647,0.9595482853742746,0.0,0.009523809523809521,130.0,0.0,0.0,0.5047619047619047,0.009615384615384616,1.0010390281677246,-0.0,2.0,0.9505410194396973
FLOW-ICMP-0179,ICMP,PROFILE-04-TRANSPORT-AES256CBC-PFS-IPV6,7563870,10.0,True,19.0,19,AES-CBC,TRANSPORT,6,False,False,"{""ident"": 17403, ""interval"": 1.0, ""payload"": 32}",19.0,3154.0,9.00390911102295,0.5002171728346083,0.9727456166569177,1.0,0.0,0.9,2.1101945572439678,350.29229650249863,0.9867832925584581,0.0,0.05263157894736841,166.0,0.0,0.0,0.5263157894736842,0.0,0.9997799396514893,-0.0,1.0,0.981590986251831
FLOW-ICMP-0180,ICMP,PROFILE-05-TUNNEL-3DESCBC-NOPFS-IPV4,578469,32.2,True,63.0,63,3DES,TUNNEL,4,False,False,"{""ident"": 32566, ""interval"": 1.0, ""payload"": 56}",63.0,9450.0,31.029332876205444,0.5004731109065395,0.9470889394225359,1.0,0.0,0.96875,2.0303369154388418,304.55053731582626,0.974443297232351,0.0,0.015873015873015872,150.0,0.0,0.0,0.5079365079365079,0.016129032258064516,1.0015389919281006,-0.0,2.0,0.9634788036346436
FLOW-ICMP-0181,ICMP,PROFILE-06-TUNNEL-AES256GCM-PFS-IPV6,1762875,55.8,False,53.0,53,AES-GCM,TUNNEL,6,False,False,"{""ident"": 31346, ""interval"": 2.0, ""payload"": 1000}",53.0,60314.0,52.03622317314148,1.00069659948349,0.9606905423625153,0.0,0.0,0.9629629629629629,1.018521267841667,1159.0772028038173,1.9620355459359975,0.0,0.018867924528301917,1138.0,0.0,0.0,0.5094339622641509,0.5,2.0014519691467285,-0.0,27.0,1.952059030532837
FLOW-ICMP-0182,ICMP,PROFILE-09-TUNNEL-NATT-CHACHA-IPV4,1225029,31.6,True,61.0,61,CHACHA20,TUNNEL,4,False,True,"{""ident"": 5896, ""interval"": 1.0, ""payload"": 56}",61.0,9882.0,30.021235942840576,0.5003539323806763,0.9559370852919923,1.0,0.0,0.967741935483871,2.031895026445345,329.1669942841459,0.978648567199707,0.0,0.016393442622950803,162.0,0.0,0.0,0.5081967213114754,0.016666666666666666,1.0004658699035645,-0.0,2.0,0.9725689888000488
FLOW-ICMP-0183,ICMP,PROFILE-01-TUNNEL-AES256GCM-PFS-IPV4,5153520,50.3,False,100.0,100,AES-GCM,TUNNEL,4,False,False,"{""ident"": 15600, ""interval"": 1.0, ""payload"": 32}",100.0,13000.0,49.02616882324219,0.4952138264973958,0.9564989013267565,1.0,0.0,1.0,2.0397269947920607,265.1645093229679,0.973684447152274,0.0,0.0,130.0,0.0,0.0,0.5,0.0,0.9859640598297119,-0.0,1.0,0.031138896942138672
FLOW-ICMP-0184,ICMP,PROFILE-02-TRANSPORT-AES128CBC-PFS-IPV4,4062421,42.6,False,416.0,416,AES-CBC,TRANSPORT,4,False,False,"{""ident"": 11719, ""interval"": 0.2, ""payload"": 100}",416.0,77376.0,42.44922113418579,0.10228727984141155,0.5012353466148939,1.0,0.0,0.9530516431924883,9.799944236549988,1822.7896279982979,0.0,0.0,0.024038461538461543,186.0,0.0,0.0,0.5120192307692307,0.0,0.2020740509033203,-0.0,1.0,0.14123106002807617
FLOW-ICMP-0185,ICMP,PROFILE-03-TUNNEL-AES128GCM-NOPFS-IPV4,4787413,51.1,False,49.0,49,AES-GCM,TUNNEL,4,False,False,"{""ident"": 7076, ""interval"": 2.0, ""payload"": 32}",49.0,6370.0,48.051759004592896,1.0010783125956852,0.9473944046735765,1.0,0.0,0.96,1.0197337415955257,132.56538640741832,1.9494661390781403,0.0,0.02040816326530614,130.0,0.0,0.0,0.5102040816326531,0.5,1.9969239234924316,-0.0,25.0,1.9412899017333984
FLOW-ICMP-0186,ICMP,PROFILE-04-TRANSPORT-AES256CBC-PFS-IPV6,3313775,34.2,False,33.0,33,AES-CBC,TRANSPORT,6,False,False,"{""ident"": 944, ""interval"": 2.0, ""payload"": 1000}",33.0,37686.0,32.00544500350952,1.0001701563596725,0.9897780318821209,0.0,0.0,0.9411764705882353,1.0310745561069818,1177.4871430741732,1.9901028275489807,0.0,0.03030303030303031,1142.0,0.0,0.0,0.5151515151515151,0.5,2.0097458362579346,-0.0,17.0,1.9793059825897217
FLOW-ICMP-0187,ICMP,PROFILE-05-TUNNEL-3DESCBC-NOPFS-IPV4,1652584,37.1,False,72.0,72,3DES,TUNNEL,4,False,False,"{""ident"": 55630, ""interval"": 1.0, ""payload"": 32}",72.0,9072.0,36.02312707901001,0.50736798702831,0.9494858473162997,1.0,0.0,0.9459459459459459,1.998715987151294,251.83821438106304,0.9823471175299751,0.0,0.027777777777777776,126.0,0.0,0.0,0.5138888888888888,0.014084507042253521,1.0,-0.0,2.0,0.9709210395812988
FLOW-ICMP-0188,ICMP,PROFILE-06-TUNNEL-AES256GCM-PFS-IPV6,9238642,28.1,True,275.0,275,AES-GCM,TUNNEL,6,False,False,"{""ident"": 20062, ""interval"": 0.2, ""payload"": 56}",275.0,53350.0,27.83258891105652,0.10157879164619167,0.7349760529231043,1.0,0.0,0.9642857142857143,9.88050378205227,1916.8177337181403,0.0,0.0,0.018181818181818174,194.0,0.0,0.0,0.509090909090909,0.0,0.20301008224487305,-0.0,1.0,0.16571807861328125
FLOW-ICMP-0189,ICMP,PROFILE-09-TUNNEL-NATT-CHACHA-IPV4,8746172,20.1,True,40.0,40,CHACHA20,TUNNEL,4,False,True,"{""ident"": 38916, ""interval"": 1.0, ""payload"": 56}",40.0,6480.0,19.05353617668152,0.4885522096585005,0.9149499129877301,1.0,0.0,1.0,2.0993478391141696,340.09434993649546,0.9471524012716193,0.0,0.0,162.0,0.0,0.0,0.5,0.0,0.9579839706420898,-0.0,1.0,0.058802127838134766
FLOW-ICMP-0190,ICMP,PROFILE-01-TUNNEL-AES256GCM-PFS-IPV4,20689,10.6,False,41.0,41,AES-GCM,TUNNEL,4,False,False,"{""ident"": 22221, ""interval"": 0.5, ""payload"": 32}",41.0,5330.0,10.014140844345093,0.2503535211086273,0.9228201664086761,1.0,0.0,0.9523809523809523,4.094210440744138,532.247357296738,0.0,0.0,0.024390243902439053,130.0,0.0,0.0,0.5121951219512195,0.0,0.5008540153503418,-0.0,1.0,0.4731020927429199
FLOW-ICMP-0191,ICMP,PROFILE-02-TRANSPORT-AES128CBC-PFS-IPV4,6058564,14.5,False,14.0,14,AES-CBC,TRANSPORT,4,False,False,"{""ident"": 16803, ""interval"": 2.0, ""payload"": 56}",14.0,2156.0,12.008972883224487,0.9237671448634222,1.0684601726656804,1.0,0.0,1.0,1.1657949548338815,179.53242304441775,1.9898571968078613,0.0,0.0,154.0,0.0,0.0,0.5,0.46153846153846156,1.991347074508667,-0.0,7.0,0.012217998504638672
FLOW-ICMP-0192,ICMP,PROFILE-03-TUNNEL-AES128GCM-NOPFS-IPV4,9145800,26.0,False,26.0,26,AES-GCM,TUNNEL,4,False,False,"{""ident"": 3157, ""interval"": 2.0, ""payload"": 1000}",26.0,28548.0,24.035873889923096,0.9614349555969238,1.0100550062592812,0.0,0.0,1.0,1.0817164426420274,1187.724654020946,1.972188373406728,0.0,0.0,1098.0,0.0,0.0,0.5,0.48,1.9754509925842285,-0.0,13.0,0.031222105026245117
FLOW-ICMP-0193,ICMP,PROFILE-04-TRANSPORT-AES256CBC-PFS-IPV6,6758626,25.1,False,99.0,99,AES-CBC,TRANSPORT,6,False,False,"{""ident"": 16438, ""interval"": 0.5, ""payload"": 56}",99.0,19602.0,24.50198483467102,0.25002025341501044,0.9876774530019427,1.0,0.0,0.98,4.040488991729034,800.0168203623488,0.0,0.0,0.01010101010101011,198.0,0.0,0.0,0.5050505050505051,0.0,0.5035951137542725,-0.0,1.0,0.48993706703186035
FLOW-ICMP-0194,ICMP,PROFILE-05-TUNNEL-3DESCBC-NOPFS-IPV4,8939226,34.6,False,66.0,66,3DES,TUNNEL,4,False,False,"{""ident"": 55532, ""interval"": 1.0, ""payload"": 56}",66.0,9900.0,33.02106499671936,0.5080163845649133,0.9370110987529766,1.0,0.0,0.9411764705882353,1.9987241479509246,299.80862219263867,0.9767451936548407,0.0,0.03030303030303031,150.0,0.0,0.0,0.5151515151515151,0.015384615384615385,1.0008840560913086,-0.0,2.0,0.9685959815979004
FLOW-ICMP-0195,ICMP,PROFILE-06-TUNNEL-AES256GCM-PFS-IPV6,6483895,52.0,True,508.0,508,AES-GCM,TUNNEL,6,False,False,"{""ident"": 12493, ""interval"": 0.2, ""payload"": 56}",508.0,98552.0,51.85160708427429,0.10227141436740492,0.5151455019774042,1.0,0.0,0.9538461538461539,9.797189104946137,1900.6546863595504,0.0,0.0,0.02362204724409446,194.0,0.0,0.0,0.5118110236220472,0.0,0.20931196212768555,-0.0,1.0,0.14150309562683105
FLOW-ICMP-0196,ICMP,PROFILE-09-TUNNEL-NATT-CHACHA-IPV4,3477401,55.3,True,110.0,110,CHACHA20,TUNNEL,4,False,True,"{""ident"": 44389, ""interval"": 1.0, ""payload"": 100}",110.0,22660.0,54.064038038253784,0.4960003489748054,0.8908621533826195,1.0,0.0,1.0,2.0346241973669805,419.13258465759793,0.9419314199023776,0.0,0.0,206.0,0.0,0.0,0.5,0.0,0.9505748748779297,-0.0,1.0,0.06262493133544922
FLOW-ICMP-0197,ICMP,PROFILE-01-TUNNEL-AES256GCM-PFS-IPV4,1362084,33.4,False,65.0,65,AES-GCM,TUNNEL,4,False,False,"{""ident"": 34385, ""interval"": 1.0, ""payload"": 56}",65.0,10010.0,32.054574966430664,0.5008527338504791,0.8867467973690722,1.0,0.0,0.9696969696969697,2.0277916668079867,312.2799166884299,0.9449071288108826,0.0,0.015384615384615372,154.0,0.0,0.0,0.5076923076923077,0.015625,1.00423002243042,-0.0,2.0,0.9344050884246826
FLOW-ICMP-0198,ICMP,PROFILE-02-TRANSPORT-AES128CBC-PFS-IPV4,5576037,55.0,True,216.0,216,AES-CBC,TRANSPORT,4,False,False,"{""ident"": 55243, ""interval"": 0.5, ""payload"": 32}",216.0,26352.0,54.50819206237793,0.2535264747087346,0.8632787109200295,1.0,0.0,0.9636363636363636,3.962707105618446,483.4502668854504,0.0,0.0,0.018518518518518524,122.0,0.0,0.0,0.5092592592592593,0.0,0.5078680515289307,-0.0,1.0,0.45825695991516113
FLOW-ICMP-0199,ICMP,PROFILE-03-TUNNEL-AES128GCM-NOPFS-IPV4,7435607,59.7,True,118.0,118,AES-GCM,TUNNEL,4,False,False,"{""ident"": 16612, ""interval"": 1.0, ""payload"": 1000}",118.0,129564.0,58.03129982948303,0.4959940156366071,0.9338072328465179,0.0,0.0,1.0,2.033385437629809,2232.65721051753,0.9631250233485781,0.0,0.0,1098.0,0.0,0.0,0.5,0.0,0.9702029228210449,-0.0,1.0,0.04362320899963379
FLOW-ICMP-0200,ICMP,PROFILE-04-TRANSPORT-AES256CBC-PFS-IPV6,9035665,40.0,True,79.0,79,AES-CBC,TRANSPORT,6,False,False,"{""ident"": 13404, ""interval"": 1.0, ""payload"": 100}",79.0,18170.0,39.02938103675842,0.5003766799584414,0.9446354725320278,1.0,0.0,0.975,2.0241161376757852,465.5467116654306,0.9730282563429612,0.0,0.012658227848101276,230.0,0.0,0.0,0.5063291139240507,0.01282051282051282,1.0032849311828613,-0.0,2.0,0.9633641242980957
FLOW-VIDEO_STREAMING-0001,VIDEO_STREAMING,PROFILE-01-TUNNEL-AES256GCM-PFS-IPV4,9120465,24.4,True,11333.0,11333,AES-GCM,TUNNEL,4,False,False,"{""bitrate_bps"": 2011824, ""segment_seconds"": 6.0, ""segments"": 4}",11333.0,11817478.0,28.23844814300537,0.002491920944493944,45.83970754999715,0.3330980322950675,0.6654901614753375,27.13564656752806,401.33225248807344,418488.9318334292,6.080803394317627,0.0,0.928915797431567,1042.7493161563575,659.7393957530704,0.6326922353542395,0.33380393540986497,0.00035298270384751147,6.170398950576782,0.9357778966620535,5.0,0.0003809928894042969
FLOW-VIDEO_STREAMING-0002,VIDEO_STREAMING,PROFILE-02-TRANSPORT-AES128CBC-PFS-IPV4,3583011,46.7,True,13552.0,13552,AES-CBC,TRANSPORT,4,False,False,"{""bitrate_bps"": 1940728, ""segment_seconds"": 4.0, ""segments"": 11}",13552.0,13989968.0,49.98875308036804,0.0036889346233021946,31.271789816091186,0.33389905548996457,0.6649203069657615,27.740761436753743,271.1009810189133,279862.31177857175,4.050422430038452,0.0,0.9304124212435654,1032.3175914994097,656.2638505361623,0.6357189453518458,0.3339728453364817,0.0008117482104641724,4.173435926437378,0.9450048701126527,12.0,0.000431060791015625
FLOW-VIDEO_STREAMING-0003,VIDEO_STREAMING,PROFILE-03-TUNNEL-AES128GCM-NOPFS-IPV4,5841812,5.8,False,2528.0,2528,AES-GCM,TUNNEL,4,False,False,"{""bitrate_bps"": 1043833, ""segment_seconds"": 6.0, ""segments"": 1}",2528.0,2631992.0,6.716753005981445,0.0026579948579269668,45.91423841895906,0.3326740506329114,0.6641613924050633,26.83232874394603,376.37233314203297,391854.81402340415,0.0,0.0,0.9281411189699664,1041.136075949367,659.8505588118813,0.6337793628082593,0.33425632911392406,0.0003957261574990107,6.13601279258728,0.9542337229057369,2.0,0.00019884109497070312
FLOW-VIDEO_STREAMING-0004,VIDEO_STREAMING,PROFILE-04-TRANSPORT-AES256CBC-PFS-IPV6,2443653,51.4,False,12026.0,12026,AES-CBC,TRANSPORT,6,False,False,"{""bitrate_bps"": 1975107, ""segment_seconds"": 4.0, ""segments"": 13}",12026.0,12946460.0,55.371968030929565,0.004604737466189569,28.761331145090857,0.3324463662065525,0.6647264260768335,20.212785549733415,217.18570655250218,233808.91921284777,4.0301016844235935,0.0,0.9057172385347037,1076.539165142192,655.8261057087261,0.609198556767884,0.33385997006485946,0.001081081081081081,4.109622955322266,0.9492830272086993,14.0,0.00022983551025390625
FLOW-VIDEO_STREAMING-0005,VIDEO_STREAMING,PROFILE-05-TUNNEL-3DESCBC-NOPFS-IPV4,3355821,54.9,True,8221.0,8221,3DES,TUNNEL,4,False,False,"{""bitrate_bps"": 391211, ""segment_seconds"": 4.0, ""segments"": 13}",8221.0,8558422.0,54.97241497039795,0.006687641723892694,24.06200144587228,0.33256294854640556,0.6635445809512225,26.546322402894184,149.54773233860874,155685.75629447275,4.049328914055457,0.0,0.9273950267934906,1041.0439119328548,659.5117069934231,0.6335099791986106,0.33450918379759154,0.0015815085158150852,4.145169973373413,0.9682052849830801,14.0,0.0002410411834716797
FLOW-VIDEO_STREAMING-0006,VIDEO_STREAMING,PROFILE-06-TUNNEL-AES256GCM-PFS-IPV6,4904186,41.2,True,5283.0,5283,AES-GCM,TUNNEL,6,False,False,"{""bitrate_bps"": 702506, ""segment_seconds"": 4.0, ""segments"": 10}",5283.0,5720630.0,42.253912925720215,0.007999604870450627,21.774441781557577,0.33144046943024796,0.665720234715124,20.060531314886536,125.02984065137801,135386.98794728232,4.007214283943176,0.0,0.9050356341871437,1082.837402990725,658.8144416648433,0.6084149290052612,0.334279765284876,0.001893222264293828,4.047432899475098,0.9760936703726707,11.0,0.0003819465637207031
FLOW-VIDEO_STREAMING-0007,VIDEO_STREAMING,PROFILE-09-TUNNEL-NATT-CHACHA-IPV4,7079261,18.7,False,5655.0,5655,CHACHA20,TUNNEL,4,False,True,"{""bitrate_bps"": 1169580, ""segment_seconds"": 4.0, ""segments"": 5}",5655.0,5937542.0,21.27843403816223,0.0037634301447050287,31.566509053879898,0.33262599469496024,0.6645446507515473,25.20297619572988,265.7620382147449,279040.3649700536,3.9966547012329103,0.0,0.9236727925461411,1049.9632183908045,659.5923795978675,0.6282052247589897,0.33404067197170645,0.0008843296781039972,3.996919870376587,0.9514744754911483,6.0,0.00019502639770507812
FLOW-VIDEO_STREAMING-0008,VIDEO_STREAMING,PROFILE-01-TUNNEL-AES256GCM-PFS-IPV4,1747361,29.2,True,5028.0,5028,AES-GCM,TUNNEL,4,False,False,"{""bitrate_bps"": 491849, ""segment_seconds"": 6.0, ""segments"": 5}",5028.0,5232712.0,31.582632064819336,0.00628260037096068,30.09041606074364,0.33273667462211615,0.6638822593476531,26.62083526878088,159.20142405106293,165683.214409126,5.997412872314453,0.0,0.927590893593991,1040.714399363564,659.9204036218426,0.6341032698552156,0.3345266507557677,0.0009946290033817386,5.998370885848999,0.9585602599737287,6.0,0.00030493736267089844
FLOW-VIDEO_STREAMING-0009,VIDEO_STREAMING,PROFILE-02-TRANSPORT-AES128CBC-PFS-IPV4,4438342,36.3,True,7714.0,7714,AES-CBC,TRANSPORT,4,False,False,"{""bitrate_bps"": 871126, ""segment_seconds"": 6.0, ""segments"": 6}",7714.0,7970212.0,38.34660005569458,0.004971684176804691,33.786913310182555,0.3326419497018408,0.6651542649727767,27.729352903858356,201.16516167785906,207846.64059979422,6.024991472562154,0.0,0.930384787757214,1033.213896810993,655.689218052433,0.634611303696372,0.3339382940108893,0.0007779074290159471,6.093576908111572,0.9495414717449554,7.0,0.00028395652770996094
FLOW-VIDEO_STREAMING-0010,VIDEO_STREAMING,PROFILE-03-TUNNEL-AES128GCM-NOPFS-IPV4,3098282,20.8,False,2847.0,2847,AES-GCM,TUNNEL,4,False,False,"{""bitrate_bps"": 853691, ""segment_seconds"": 2.0, ""segments"": 10}",2847.0,2956222.0,21.322988033294678,0.007492265647679085,16.08367385909876,0.331225851773797,0.6596417281348789,25.517006924760505,133.51787261497148,138640.13783546758,2.0361483335494994,0.0,0.9245767063501997,1038.3638918159465,658.5816712494208,0.6342493960355823,0.3357920618194591,0.0035137034434293743,2.142202138900757,1.0076663506865184,11.0,0.00023698806762695312
FLOW-VIDEO_STREAMING-0011,VIDEO_STREAMING,PROFILE-04-TRANSPORT-AES256CBC-PFS-IPV6,1925296,39.6,True,15250.0,15250,AES-CBC,TRANSPORT,6,False,False,"{""bitrate_bps"": 2368785, ""segment_seconds"": 4.0, ""segments"": 9}",15250.0,16433196.0,41.26267886161804,0.002705926871376355,36.27176867361536,0.33304918032786884,0.6660327868852459,20.34292171021871,369.58337220769573,398258.09795606666,4.0410430961185035,0.0,0.9062921174919352,1077.5866229508197,656.0451364955331,0.6088096516074463,0.3339016393442623,0.0005902026362384419,4.12411093711853,0.93027663092897,10.0,0.00034308433532714844
FLOW-VIDEO_STREAMING-0012,VIDEO_STREAMING,PROFILE-05-TUNNEL-3DESCBC-NOPFS-IPV4,4900155,28.5,False,12850.0,12850,3DES,TUNNEL,4,False,False,"{""bitrate_bps"": 2994496, ""segment_seconds"": 4.0, ""segments"": 7}",12850.0,13402796.0,31.328338861465454,0.0024381927668663283,38.47022051744671,0.33276264591439686,0.6660700389105059,27.097162359333858,410.1717635532148,427817.0017014765,4.019659961972918,0.0,0.9288184346012578,1043.0191439688715,659.6741068588401,0.632465962560058,0.3336964980544747,0.000544789477780372,4.056370973587036,0.9409237109718364,8.0,0.0002448558807373047
FLOW-VIDEO_STREAMING-0013,VIDEO_STREAMING,PROFILE-06-TUNNEL-AES256GCM-PFS-IPV6,8065569,18.4,True,3450.0,3450,AES-GCM,TUNNEL,6,False,False,"{""bitrate_bps"": 640616, ""segment_seconds"": 4.0, ""segments"": 5}",3450.0,3730688.0,21.999017000198364,0.006378375471208572,24.32030966540477,0.3318840579710145,0.6643478260869565,20.04926764314248,156.82518905135132,169584.30460626312,4.076778793334961,0.0,0.9049848178137652,1081.3588405797102,659.1038425706664,0.6095144533310743,0.3344927536231884,0.0014496955639315744,4.194521903991699,0.9720013526422803,6.0,0.00044798851013183594
FLOW-VIDEO_STREAMING-0014,VIDEO_STREAMING,PROFILE-09-TUNNEL-NATT-CHACHA-IPV4,9704485,56.5,True,4568.0,4568,CHACHA20,TUNNEL,4,False,True,"{""bitrate_bps"": 470991, ""segment_seconds"": 6.0, ""segments"": 10}",4568.0,4790448.0,61.538861989974976,0.013474679656223993,20.894635415125748,0.3314360770577933,0.6628721541155866,24.73323735751351,74.22951696351085,77844.27344107193,6.023461580276489,0.0,0.9222795028773927,1048.6970227670754,659.0628311361714,0.6284587605647803,0.33428196147110334,0.0021896211955331727,6.117616891860962,0.9745269110595688,11.0,0.00019097328186035156
FLOW-VIDEO_STREAMING-0015,VIDEO_STREAMING,PROFILE-01-TUNNEL-AES256GCM-PFS-IPV4,5887767,53.2,True,5431.0,5431,AES-GCM,TUNNEL,4,False,False,"{""bitrate_bps"": 611076, ""segment_seconds"": 6.0, ""segments"": 9}",5431.0,5650726.0,56.47512221336365,0.010400574993252974,23.753596328864816,0.33253544466949,0.6630454796538391,26.478195327848127,96.16623722356228,100056.90609489066,6.0729788939158125,0.0,0.9272150162651667,1040.457742588842,659.4978993864323,0.6338536130698451,0.3347449825078255,0.0016574585635359116,6.251051902770996,0.9647550720929007,10.0,0.0003209114074707031
FLOW-VIDEO_STREAMING-0016,VIDEO_STREAMING,PROFILE-02-TRANSPORT-AES128CBC-PFS-IPV4,7200546,21.4,True,2861.0,2861,AES-CBC,TRANSPORT,4,False,False,"{""bitrate_bps"": 612001, ""segment_seconds"": 4.0, ""segments"": 6}",2861.0,2949490.0,25.25485610961914,0.008830369269097601,20.943603426944073,0.3317022020272632,0.6609577070954212,26.64438487637543,113.28514356137211,116789.02414639338,4.041747649510701,0.0,0.9276525772252152,1030.92974484446,654.8110487534775,0.6351655406472642,0.3351974833974135,0.002097902097902098,4.146552085876465,0.9974881431385226,7.0,0.000270843505859375
FLOW-VIDEO_STREAMING-0017,VIDEO_STREAMING,PROFILE-03-TUNNEL-AES128GCM-NOPFS-IPV4,8328630,26.6,True,9674.0,9674,AES-GCM,TUNNEL,4,False,False,"{""bitrate_bps"": 2247021, ""segment_seconds"": 2.0, ""segments"": 12}",9674.0,10067008.0,27.070385932922363,0.002798551218124921,25.549245643257724,0.33285094066570187,0.6637378540417614,26.682168155220204,357.36468715190017,371882.6922137354,2.03075110912323,0.0,0.9277513239286191,1040.6251808972504,659.8842083121442,0.6341228527097309,0.3345048583832954,0.0012405665253799234,2.1077880859375,0.9560312376867107,13.0,0.0002548694610595703
FLOW-VIDEO_STREAMING-0018,VIDEO_STREAMING,PROFILE-04-TRANSPORT-AES256CBC-PFS-IPV6,9807422,44.4,False,8654.0,8654,AES-CBC,TRANSPORT,6,False,False,"{""bitrate_bps"": 426236, ""segment_seconds"": 2.0, ""segments"": 21}",8654.0,9306468.0,45.073765993118286,0.0052090333980259204,19.077726181738644,0.33140744164548186,0.663161543794777,19.887313828115882,191.99638213769987,206471.94204763987,2.019325029282343,0.0,0.9042480992789101,1075.3949618673446,655.3522557804924,0.6094061056809502,0.33441183267853014,0.0024269039639431412,2.1236069202423096,0.9821782542028195,22.0,0.00021982192993164062
FLOW-VIDEO_STREAMING-0019,VIDEO_STREAMING,PROFILE-05-TUNNEL-3DESCBC-NOPFS-IPV4,6598810,26.2,True,9606.0,9606,3DES,TUNNEL,4,False,False,"{""bitrate_bps"": 2237217, ""segment_seconds"": 6.0, ""segments"": 4}",9606.0,10015748.0,26.94507098197937,0.0028053171246204445,43.7736624634819,0.33312513012700395,0.6656256506350198,27.122274322616875,356.5030504623428,371709.8391278481,6.0187050104141235,0.0,0.9288819966317043,1042.6554236935249,659.7728782148135,0.6327813227860265,0.3336456381428274,0.00041644976574700676,6.083024024963379,0.9340596920531322,5.0,0.0003151893615722656
FLOW-VIDEO_STREAMING-0020,VIDEO_STREAMING,PROFILE-06-TUNNEL-AES256GCM-PFS-IPV6,7659673,11.7,False,1402.0,1402,AES-GCM,TUNNEL,6,False,False,"{""bitrate_bps"": 433168, ""segment_seconds"": 4.0, ""segments"": 3}",1402.0,1515416.0,12.699411869049072,0.00906453381088442,20.624279393077835,0.3302425106990014,0.6597717546362339,19.557490911064082,110.39881330386218,119329.62058608103,4.044227043787639,0.0,0.9027118626172616,1080.8958630527818,657.6582688377079,0.6084381403591267,0.33523537803138376,0.0021413276231263384,4.09630012512207,1.0072815757676714,4.0,0.0002830028533935547
FLOW-VIDEO_STREAMING-0021,VIDEO_STREAMING,PROFILE-09-TUNNEL-NATT-CHACHA-IPV4,6287908,38.1,True,8384.0,8384,CHACHA20,TUNNEL,4,False,True,"{""bitrate_bps"": 2414438, ""segment_seconds"": 2.0, ""segments"": 18}",8384.0,8786136.0,39.1650550365448,0.004671961712578408,20.20679438193384,0.33241889312977096,0.662094465648855,24.747673191888406,214.068382954573,224336.10757859735,2.039194901784261,0.0,0.9223230780857479,1047.9646946564885,659.3773279280679,0.6291980362412921,0.335162213740458,0.0021472026720744364,2.1102728843688965,0.9786695964196723,19.0,0.00022983551025390625
FLOW-VIDEO_STREAMING-0022,VIDEO_STREAMING,PROFILE-01-TUNNEL-AES256GCM-PFS-IPV4,3686104,58.1,False,16277.0,16277,AES-GCM,TUNNEL,4,False,False,"{""bitrate_bps"": 1479461, ""segment_seconds"": 4.0, ""segments"": 14}",16277.0,16963654.0,60.53029489517212,0.0037189908389759227,31.753668773165717,0.3328623210665356,0.665171714689439,27.02288593375733,268.90666943204087,280250.6419203488,4.028127380779812,0.0,0.9286297633752728,1042.18553787553,659.7112670003938,0.6330075049258497,0.3337838668059225,0.0008601622020152371,4.128710985183716,0.9443244862783603,15.0,0.00025081634521484375
FLOW-VIDEO_STREAMING-0023,VIDEO_STREAMING,PROFILE-02-TRANSPORT-AES128CBC-PFS-IPV4,5004071,49.1,True,14609.0,14609,AES-CBC,TRANSPORT,4,False,False,"{""bitrate_bps"": 1327902, ""segment_seconds"": 6.0, ""segments"": 8}",14609.0,15093578.0,52.949841022491455,0.0036247152945298095,38.92298928772236,0.33308234649873364,0.6654801834485591,27.941069319384578,275.90262251768706,285054.2647255299,6.030532598495483,0.0,0.9308940530866836,1033.1698268190842,656.0073415147302,0.6349462832595886,0.3337668560476419,0.000547645125958379,6.096386909484863,0.9372673183622832,9.0,0.00034618377685546875
FLOW-VIDEO_STREAMING-0024,VIDEO_STREAMING,PROFILE-03-TUNNEL-AES128GCM-NOPFS-IPV4,1982608,16.3,True,7362.0,7362,AES-GCM,TUNNEL,4,False,False,"{""bitrate_bps"": 1245849, ""segment_seconds"": 4.0, ""segments"": 4}",7362.0,7673008.0,18.135457038879395,0.002463721918065398,37.937973044712706,0.33292583537082315,0.6650366748166259,27.013698330059658,405.9451043454323,423094.27237209136,4.010677516460419,0.0,0.9286063562034602,1042.2450421081228,659.6585508329799,0.6329207855944368,0.33401249660418364,0.0005434044287460942,4.048105001449585,0.9447452433244748,5.0,0.00029206275939941406
FLOW-VIDEO_STREAMING-0025,VIDEO_STREAMING,PROFILE-04-TRANSPORT-AES256CBC-PFS-IPV6,9449107,19.0,True,6460.0,6460,AES-CBC,TRANSPORT,6,False,False,"{""bitrate_bps"": 1335881, ""segment_seconds"": 6.0, ""segments"": 3}",6460.0,6956408.0,19.558084964752197,0.0030280360682384574,42.8715222097968,0.3329721362229102,0.6648606811145511,20.320624256764212,330.29818674181473,355679.4038136616,6.024871667226155,0.0,0.9061941162738011,1076.8433436532507,655.9257298466954,0.6091189899743736,0.33405572755417956,0.00046446818392940084,6.079035997390747,0.9428450716545973,4.0,0.00021886825561523438
FLOW-VIDEO_STREAMING-0026,VIDEO_STREAMING,PROFILE-05-TUNNEL-3DESCBC-NOPFS-IPV4,7669811,52.1,False,17043.0,17043,3DES,TUNNEL,4,False,False,"{""bitrate_bps"": 3000000, ""segment_seconds"": 4.0, ""segments"": 12}",17043.0,17768778.0,53.37234401702881,0.0031318122296108914,34.05164574040706,0.3328052572903831,0.6656691896966497,27.08351667109206,319.32268132278983,332921.0722753857,4.020242075125377,0.0,0.9287838477131066,1042.5851082555887,659.6717554444612,0.6327270073406259,0.3337440591445168,0.0007041427062551344,4.127162933349609,0.9415015502559791,13.0,0.0003211498260498047
FLOW-VIDEO_STREAMING-0027,VIDEO_STREAMING,PROFILE-06-TUNNEL-AES256GCM-PFS-IPV6,9057413,42.2,True,13999.0,13999,AES-GCM,TUNNEL,6,False,False,"{""bitrate_bps"": 731532, ""segment_seconds"": 6.0, ""segments"": 6}",13999.0,15156978.0,43.718591928482056,0.003123202738139881,39.948722256506954,0.33288092006571895,0.6656189727837702,20.48030815365734,320.20701908470767,346694.1027010854,6.028017282485962,0.0,0.9068914660956822,1082.7186227587686,659.6929076356383,0.609293027540932,0.33366669047789127,0.0004286326618088298,6.106872081756592,0.9383227740759722,7.0,0.0006041526794433594
FLOW-VIDEO_STREAMING-0028,VIDEO_STREAMING,PROFILE-09-TUNNEL-NATT-CHACHA-IPV4,2184843,34.9,True,2737.0,2737,CHACHA20,TUNNEL,4,False,True,"{""bitrate_bps"": 450000, ""segment_seconds"": 2.0, ""segments"": 17}",2737.0,2862178.0,35.46237897872925,0.012961395825558936,12.211102701121106,0.329923273657289,0.6583850931677019,23.2389017801189,77.1803832349117,80710.264861722,2.0140543825486126,0.0,0.9174880108784289,1045.7354767994154,657.601852196389,0.628841486959063,0.3372305443916697,0.0062134502923976605,2.097119092941284,1.0451112644731329,18.0,0.00021696090698242188
FLOW-VIDEO_STREAMING-0029,VIDEO_STREAMING,PROFILE-01-TUNNEL-AES256GCM-PFS-IPV4,4923710,50.5,True,5804.0,5804,AES-GCM,TUNNEL,4,False,False,"{""bitrate_bps"": 664907, ""segment_seconds"": 4.0, ""segments"": 13}",5804.0,6041600.0,53.90590715408325,0.009289317103926116,20.494635229909147,0.33218470020675395,0.6638525155065472,26.2288874266502,107.66909057684525,112076.77078378157,4.026686374957745,0.0,0.9265485963983051,1040.9372846312888,659.1477243095089,0.63322520390168,0.3351137146795314,0.0022402205755643633,4.152480125427246,0.9809048230641029,14.0,0.000186920166015625
FLOW-VIDEO_STREAMING-0030,VIDEO_STREAMING,PROFILE-02-TRANSPORT-AES128CBC-PFS-IPV4,1971172,33.6,True,10320.0,10320,AES-CBC,TRANSPORT,4,False,False,"{""bitrate_bps"": 1165138, ""segment_seconds"": 6.0, ""segments"": 5}",10320.0,10662224.0,34.87442684173584,0.003379632410285477,39.38796278124006,0.3328488372093023,0.6656007751937985,27.92831290324331,295.9188418159056,305731.87764164264,6.048938226699829,0.0,0.9308635796809371,1033.1612403100776,656.0189189829885,0.6349627661081253,0.33362403100775195,0.00048454307587944567,6.137390851974487,0.9366589099348499,6.0,0.0004990100860595703
FLOW-VIDEO_STREAMING-0031,VIDEO_STREAMING,PROFILE-03-TUNNEL-AES128GCM-NOPFS-IPV4,7444647,48.9,True,9797.0,9797,AES-GCM,TUNNEL,4,False,False,"{""bitrate_bps"": 684353, ""segment_seconds"": 4.0, ""segments"": 12}",9797.0,10211178.0,52.178016901016235,0.005326461504799534,26.49978501620798,0.3324487087884046,0.665101561702562,26.852515984026883,187.76106456068075,195698.85186267254,4.035428166389465,0.0,0.9281932016071015,1042.2760028580178,659.4655722947477,0.6327168336279755,0.33397978973155046,0.0012249897917517355,4.110815048217773,0.9538616554006688,13.0,0.00039696693420410156
FLOW-VIDEO_STREAMING-0032,VIDEO_STREAMING,PROFILE-04-TRANSPORT-AES256CBC-PFS-IPV6,6512632,53.6,True,17859.0,17859,AES-CBC,TRANSPORT,6,False,False,"{""bitrate_bps"": 2772895, ""segment_seconds"": 4.0, ""segments"": 12}",17859.0,19233682.0,55.26130294799805,0.0030944844298352587,33.82785848485324,0.33271739739067135,0.6653788006047371,20.33751866536795,323.17370469541163,348049.7377721851,4.039482752482097,0.0,0.9062683889647338,1076.9741866845848,656.0067803432613,0.6091202448990424,0.3336692983929671,0.0006719677455482136,4.132655143737793,0.9415642444787832,13.0,0.0004119873046875
FLOW-VIDEO_STREAMING-0033,VIDEO_STREAMING,PROFILE-05-TUNNEL-3DESCBC-NOPFS-IPV4,162852,41.2,True,9599.0,9599,3DES,TUNNEL,4,False,False,"{""bitrate_bps"": 1324516, ""segment_seconds"": 6.0, ""segments"": 7}",9599.0,10004138.0,46.310356855392456,0.004825000714252184,33.984460526505345,0.333055526617356,0.6649651005313053,26.982350440260017,207.2754487721525,216023.77263553956,6.074040481022426,0.0,0.9285263757856999,1042.206271486613,659.6603601612169,0.632946066636378,0.3339931242837796,0.0007293186080433424,6.1574320793151855,0.9430378798516488,8.0,0.0004220008850097656
FLOW-VIDEO_STREAMING-0034,VIDEO_STREAMING,PROFILE-06-TUNNEL-AES256GCM-PFS-IPV6,4236236,54.6,True,3890.0,3890,AES-GCM,TUNNEL,6,False,False,"{""bitrate_bps"": 300000, ""segment_seconds"": 4.0, ""segments"": 14}",3890.0,4191436.0,58.65431594848633,0.015082107469397359,16.002214610543362,0.33239074550128533,0.6593830334190232,19.55713809271575,66.32078027159037,71459.97582993153,4.0300270148686,0.0,0.9027101928790038,1077.489974293059,659.6224292186223,0.612184284732116,0.33624678663239077,0.0035998971457958345,4.1018290519714355,1.0026907314786664,15.0,0.0005362033843994141
FLOW-VIDEO_STREAMING-0035,VIDEO_STREAMING,PROFILE-09-TUNNEL-NATT-CHACHA-IPV4,6801494,25.7,True,5546.0,5546,CHACHA20,TUNNEL,4,False,True,"{""bitrate_bps"": 836107, ""segment_seconds"": 4.0, ""segments"": 7}",5546.0,5822408.0,29.56869101524353,0.0053324961253820614,26.716071410738547,0.33267219617742516,0.6639019112874144,25.037062874519275,187.56325726901045,196911.25308855835,4.012203693389893,0.0,0.9231864204638356,1049.8391633609808,659.3331713884917,0.6280325543178312,0.33429498737829066,0.0012623985572587917,4.067852020263672,0.9606351156592668,8.0,0.0002429485321044922
FLOW-VIDEO_STREAMING-0036,VIDEO_STREAMING,PROFILE-01-TUNNEL-AES256GCM-PFS-IPV4,7836095,34.0,True,4285.0,4285,AES-GCM,TUNNEL,4,False,False,"{""bitrate_bps"": 907399, ""segment_seconds"": 2.0, ""segments"": 16}",4285.0,4444270.0,34.17100691795349,0.007976425517729573,15.603589341597065,0.33465577596266044,0.6604434072345391,25.61271392471766,125.39870453008675,130059.67341468579,2.0401356667280197,0.0,0.9248479502820486,1037.169194865811,660.3377068786062,0.6366730810627679,0.3348891481913652,0.003734827264239029,2.089250087738037,1.0082559086375786,17.0,0.00023794174194335938
FLOW-VIDEO_STREAMING-0037,VIDEO_STREAMING,PROFILE-02-TRANSPORT-AES128CBC-PFS-IPV4,1045059,41.6,False,10366.0,10366,AES-CBC,TRANSPORT,4,False,False,"{""bitrate_bps"": 1485700, ""segment_seconds"": 4.0, ""segments"": 10}",10366.0,10711084.0,42.618980884552,0.0041118167761265804,30.235873759591755,0.3324329538877098,0.6649623770017364,27.7000385843819,243.2249618563108,251321.91755158606,4.004565715789795,0.0,0.9303136825367069,1033.2899864943083,655.5509790089869,0.6344307866885517,0.3337835230561451,0.000964785335262904,4.042283058166504,0.9490233169209066,11.0,0.0002288818359375
FLOW-VIDEO_STREAMING-0038,VIDEO_STREAMING,PROFILE-03-TUNNEL-AES128GCM-NOPFS-IPV4,3355751,54.3,True,15561.0,15561,AES-GCM,TUNNEL,4,False,False,"{""bitrate_bps"": 1260154, ""segment_seconds"": 4.0, ""segments"": 13}",15561.0,16213294.0,56.22448396682739,0.0036133987125210407,32.241718439572246,0.33365464944412315,0.6651886125570337,27.017816471336392,276.76554593513094,288367.1464119776,4.031911006340613,0.0,0.9286168498517328,1041.9185142343038,659.993267939246,0.6334403880175495,0.33371891266628106,0.0008354755784061697,4.167006969451904,0.9443861624316692,14.0,0.0002319812774658203
FLOW-VIDEO_STREAMING-0039,VIDEO_STREAMING,PROFILE-04-TRANSPORT-AES256CBC-PFS-IPV6,10012070,44.9,True,14077.0,14077,AES-CBC,TRANSPORT,6,False,False,"{""bitrate_bps"": 2700000, ""segment_seconds"": 2.0, ""segments"": 21}",14077.0,15154558.0,47.01360297203064,0.0033399831608433247,23.48158684917617,0.3324571996874334,0.6642750586062371,20.159318749197165,299.42397753209207,322344.10983169614,2.031488611584618,0.0,0.9054789984636965,1076.5474177736733,655.7622534855772,0.6091345747145163,0.3340200326774171,0.0014919011082693947,2.148449182510376,0.9577979636732311,22.0,0.00029397010803222656
FLOW-VIDEO_STREAMING-0040,VIDEO_STREAMING,PROFILE-05-TUNNEL-3DESCBC-NOPFS-IPV4,9397694,25.0,True,7464.0,7464,3DES,TUNNEL,4,False,False,"{""bitrate_bps"": 843349, ""segment_seconds"": 6.0, ""segments"": 4}",7464.0,7786024.0,27.121666193008423,0.003634150635536436,38.43798362417394,0.33266345123258306,0.6661307609860665,27.04097008636275,275.2043309907012,287077.6428185347,6.035504698753357,0.0,0.9286757913923718,1043.1436227224008,659.60091522694,0.6323203256570851,0.3337352625937835,0.0005359774889454643,6.075106143951416,0.9346709385071982,5.0,0.0004260540008544922
FLOW-VIDEO_STREAMING-0041,VIDEO_STREAMING,PROFILE-06-TUNNEL-AES256GCM-PFS-IPV6,1824427,17.5,True,6888.0,6888,AES-GCM,TUNNEL,6,False,False,"{""bitrate_bps"": 2650799, ""segment_seconds"": 2.0, ""segments"": 8}",6888.0,7447848.0,18.42420196533203,0.002675214456996084,26.00160092581287,0.3327526132404181,0.6637630662020906,20.17598489673369,373.8560841311244,404242.637700904,2.0417396426200867,0.0,0.9055533893817382,1081.2787456445992,659.5017477503632,0.6099275976771413,0.3344947735191638,0.0011616088282270945,2.0770339965820312,0.9564565632407948,9.0,0.0002918243408203125
FLOW-VIDEO_STREAMING-0042,VIDEO_STREAMING,PROFILE-09-TUNNEL-NATT-CHACHA-IPV4,366758,12.9,True,3098.0,3098,CHACHA20,TUNNEL,4,False,True,"{""bitrate_bps"": 1434213, ""segment_seconds"": 2.0, ""segments"": 6}",3098.0,3246700.0,13.087875843048096,0.00422598509623768,21.083439964114824,0.3340865074241446,0.6626856036152357,24.547669258128483,236.7076244573002,248069.28480487945,2.0249900023142495,0.0,0.9217149721255429,1047.9987088444157,659.6416833538929,0.6294298626390983,0.3344092963202066,0.0019373587342589602,2.1657540798187256,0.9766674801316656,7.0,0.00020503997802734375
FLOW-VIDEO_STREAMING-0043,VIDEO_STREAMING,PROFILE-01-TUNNEL-AES256GCM-PFS-IPV4,362796,27.9,True,2827.0,2827,AES-GCM,TUNNEL,4,False,False,"{""bitrate_bps"": 685362, ""segment_seconds"": 2.0, ""segments"": 14}",2827.0,2934354.0,29.488883018493652,0.01043484890958728,13.613762607111944,0.33109303148213654,0.6590024761230987,24.989814355558703,95.86663551234123,99507.1260637356,2.0231203692299977,0.0,0.9230467762240002,1037.9745313052706,658.542236276546,0.6344493206865277,0.3374602051644853,0.004953998584571833,2.0919289588928223,1.0161095723273286,15.0,0.0002589225769042969
FLOW-VIDEO_STREAMING-0044,VIDEO_STREAMING,PROFILE-02-TRANSPORT-AES128CBC-PFS-IPV4,5027172,36.7,True,9747.0,9747,AES-CBC,TRANSPORT,4,False,False,"{""bitrate_bps"": 1224261, ""segment_seconds"": 6.0, ""segments"": 6}",9747.0,10068686.0,38.41764807701111,0.00394188878278382,37.93031258266498,0.3331281419924079,0.6655381142915769,27.749274749874367,253.71152290378095,262084.91419923858,6.027774969736735,0.0,0.9304330277058993,1033.0035908484663,655.9399852681435,0.6349832576374508,0.33405150302657227,0.000615637184485943,6.09765100479126,0.946415484664094,7.0,0.00021386146545410156
FLOW-VIDEO_STREAMING-0045,VIDEO_STREAMING,PROFILE-03-TUNNEL-AES128GCM-NOPFS-IPV4,7582250,38.1,False,13056.0,13056,AES-GCM,TUNNEL,4,False,False,"{""bitrate_bps"": 1873025, ""segment_seconds"": 4.0, ""segments"": 9}",13056.0,13619640.0,41.22755312919617,0.0031579895158327207,33.335293835574966,0.3326439950980392,0.6662071078431373,27.039297228524255,316.6814183486945,330352.85788898694,4.011008765962389,0.0,0.9286715361052128,1043.170955882353,659.5664250539706,0.6322706947837564,0.33371629901960786,0.0006893910379165071,4.047446012496948,0.9430607545119984,10.0,0.0004220008850097656
FLOW-VIDEO_STREAMING-0046,VIDEO_STREAMING,PROFILE-04-TRANSPORT-AES256CBC-PFS-IPV6,6772896,29.0,False,12003.0,12003,AES-CBC,TRANSPORT,6,False,False,"{""bitrate_bps"": 2130527, ""segment_seconds"": 6.0, ""segments"": 5}",12003.0,12929074.0,33.10515809059143,0.0027583034569731235,45.01679774475591,0.33308339581771224,0.6655836040989752,20.369946381228804,362.5718979246102,390545.60514769075,6.08452877998352,0.0,0.9064106215186022,1077.1535449470966,656.0487730876768,0.6090578044004841,0.3337498958593685,0.0004165972337943676,6.181911945343018,0.9343747516841109,6.0,0.00022220611572265625
FLOW-VIDEO_STREAMING-0047,VIDEO_STREAMING,PROFILE-05-TUNNEL-3DESCBC-NOPFS-IPV4,8754313,13.0,True,2363.0,2363,3DES,TUNNEL,4,False,False,"{""bitrate_bps"": 672914, ""segment_seconds"": 2.0, ""segments"": 6}",2363.0,2454138.0,13.477741956710815,0.005706071954576975,17.808528007225586,0.3305120609394837,0.6610241218789674,25.906457625260387,175.32610489128848,182088.21684540706,2.0187777280807495,0.0,0.9256684016954222,1038.5687685146002,659.2407396098631,0.6347588716274742,0.33474396953025815,0.002540220152413209,2.0734291076660156,1.0002842902037152,7.0,0.0005450248718261719
FLOW-VIDEO_STREAMING-0048,VIDEO_STREAMING,PROFILE-06-TUNNEL-AES256GCM-PFS-IPV6,5519301,45.5,True,7798.0,7798,AES-GCM,TUNNEL,6,False,False,"{""bitrate_bps"": 791593, ""segment_seconds"": 6.0, ""segments"": 8}",7798.0,8435960.0,50.83909296989441,0.006520340255212827,29.69461932318856,0.33316234932033856,0.6651705565529623,20.352752381820206,153.38589940260684,165934.51037758595,6.047674000263214,0.0,0.9063352600059744,1081.8107206976147,659.8488694181557,0.6099485397895176,0.3339317773788151,0.0010260356547390022,6.160006999969482,0.9519663352905458,9.0,0.0003190040588378906
FLOW-VIDEO_STREAMING-0049,VIDEO_STREAMING,PROFILE-09-TUNNEL-NATT-CHACHA-IPV4,5872021,15.2,False,1762.0,1762,CHACHA20,TUNNEL,4,False,True,"{""bitrate_bps"": 466608, ""segment_seconds"": 4.0, ""segments"": 4}",1762.0,1848524.0,16.775214910507202,0.009525959631179559,20.30520998582598,0.33030646992054485,0.6611804767309876,24.308378970427164,105.03591217161495,110193.75965443948,4.063038766384125,0.0,0.9209747885339871,1049.105561861521,657.9202115361035,0.6271248913871902,0.3348467650397276,0.002271436683702442,4.115615129470825,1.006355851841942,5.0,0.0001919269561767578
FLOW-VIDEO_STREAMING-0050,VIDEO_STREAMING,PROFILE-01-TUNNEL-AES256GCM-PFS-IPV4,1468932,13.8,True,4296.0,4296,AES-GCM,TUNNEL,4,False,False,"{""bitrate_bps"": 1064560, ""segment_seconds"": 2.0, ""segments"": 7}",4296.0,4472916.0,15.489509105682373,0.0036064049140121937,22.69821754155059,0.3328677839851024,0.6643389199255121,26.3968296746374,277.34900897692097,288770.6750086158,2.028909989765712,0.0,0.9269988526500386,1041.18156424581,659.3604574468234,0.6332809570292742,0.33426443202979517,0.001629802095459837,2.0876998901367188,0.9787032296680147,8.0,0.00024390220642089844
FLOW-VIDEO_STREAMING-0051,VIDEO_STREAMING,PROFILE-02-TRANSPORT-AES128CBC-PFS-IPV4,3766633,8.8,False,4468.0,4468,AES-CBC,TRANSPORT,4,False,False,"{""bitrate_bps"": 3000000, ""segment_seconds"": 2.0, ""segments"": 4}",4468.0,4612840.0,9.15572190284729,0.002049635527836868,29.483557423340315,0.333034914950761,0.6642793196060878,27.60959847178635,488.00084225040956,503820.45773643226,2.0199089646339417,0.0,0.9300933914898414,1032.4171888988362,655.8536978960091,0.6352603433458278,0.33415398388540735,0.0008954555630176853,2.0690391063690186,0.9538571508738195,5.0,0.0002028942108154297
FLOW-VIDEO_STREAMING-0052,VIDEO_STREAMING,PROFILE-03-TUNNEL-AES128GCM-NOPFS-IPV4,4678845,37.3,True,13648.0,13648,AES-GCM,TUNNEL,4,False,False,"{""bitrate_bps"": 1623968, ""segment_seconds"": 6.0, ""segments"": 6}",13648.0,14234272.0,38.987403869628906,0.002856847942377732,44.23683129798403,0.3330158264947245,0.6659583821805393,27.185337726523887,350.06178009795,365099.25225076254,6.0284736553827925,0.0,0.9290411199111552,1042.9566236811254,659.7520346609288,0.6325785940476869,0.3336752637749121,0.00043965706748735987,6.078955888748169,0.9346349577922788,7.0,0.00019502639770507812
FLOW-VIDEO_STREAMING-0053,VIDEO_STREAMING,PROFILE-04-TRANSPORT-AES256CBC-PFS-IPV6,8046080,13.3,True,2365.0,2365,AES-CBC,TRANSPORT,6,False,False,"{""bitrate_bps"": 1093597, ""segment_seconds"": 2.0, ""segments"": 6}",2365.0,2537486.0,13.464362144470215,0.005695584663481478,18.298872873236544,0.33192389006342493,0.6608879492600422,19.605174261863773,175.6488703010191,188459.4288814595,2.0704586505889893,0.0,0.9029370014258207,1072.9327695560253,655.6623719633508,0.6110936216764643,0.3357293868921776,0.0025380710659898475,2.189504861831665,0.9917673012942773,7.0,0.00037217140197753906
FLOW-VIDEO_STREAMING-0054,VIDEO_STREAMING,PROFILE-05-TUNNEL-3DESCBC-NOPFS-IPV4,3742213,45.4,True,7966.0,7966,3DES,TUNNEL,4,False,False,"{""bitrate_bps"": 1651950, ""segment_seconds"": 2.0, ""segments"": 21}",7966.0,8296124.0,47.23400115966797,0.005930194746976519,17.870203887629177,0.332538287722822,0.6640723073060507,26.255811814179644,168.6496973456059,175638.81518222662,2.0658127693902877,0.0,0.926621154650051,1041.4416269143862,659.3882888216241,0.6331495417321459,0.3346723575194577,0.0026365348399246705,2.187464952468872,0.9652958995972344,22.0,0.0004410743713378906
FLOW-VIDEO_STREAMING-0055,VIDEO_STREAMING,PROFILE-06-TUNNEL-AES256GCM-PFS-IPV6,8529584,15.8,True,10077.0,10077,AES-GCM,TUNNEL,6,False,False,"{""bitrate_bps"": 2347587, ""segment_seconds"": 4.0, ""segments"": 4}",10077.0,10909742.0,18.57767605781555,0.001843755067270301,43.52571619580606,0.33273791803116004,0.6654758360623201,20.440754512294824,542.4252187754479,587250.0933942336,4.028306245803833,0.0,0.9067197006125352,1082.637888260395,659.5926170958277,0.6092458284049849,0.33363104098442,0.0003969829297340214,4.1122260093688965,0.9386962222986586,5.0,0.00025081634521484375
FLOW-VIDEO_STREAMING-0056,VIDEO_STREAMING,PROFILE-09-TUNNEL-NATT-CHACHA-IPV4,4351919,33.1,False,6630.0,6630,CHACHA20,TUNNEL,4,False,True,"{""bitrate_bps"": 801003, ""segment_seconds"": 2.0, ""segments"": 15}",6630.0,6949936.0,33.88578796386719,0.0051117495797054135,18.78122009765434,0.332579185520362,0.6630467571644042,24.73421311827479,195.65724742979702,205098.84578782108,2.0203798611958823,0.0,0.9222824497952211,1048.2558069381598,659.5036268351009,0.6291437857725193,0.3346907993966817,0.002262784733745663,2.1099331378936768,0.980346699915856,16.0,0.0005280971527099609
FLOW-VIDEO_STREAMING-0057,VIDEO_STREAMING,PROFILE-01-TUNNEL-AES256GCM-PFS-IPV4,7353020,57.9,False,16943.0,16943,AES-GCM,TUNNEL,4,False,False,"{""bitrate_bps"": 1069624, ""segment_seconds"": 6.0, ""segments"": 9}",16943.0,17651326.0,58.34237790107727,0.0034436535179481332,40.51973100994664,0.33382517853981,0.6652895000885322,27.08547207097692,290.4064011365425,302547.2501297222,6.055461353725857,0.0,0.9287888060081152,1041.8064097267309,660.2099850811328,0.6337165704848254,0.3338841999645871,0.0005312241766025263,6.156844854354858,0.9366707315788184,10.0,0.0002257823944091797
FLOW-VIDEO_STREAMING-0058,VIDEO_STREAMING,PROFILE-02-TRANSPORT-AES128CBC-PFS-IPV4,3886908,57.1,False,5182.0,5182,AES-CBC,TRANSPORT,4,False,False,"{""bitrate_bps"": 675445, ""segment_seconds"": 2.0, ""segments"": 28}",5182.0,5326556.0,58.801331996917725,0.011349417486376709,13.056344449719184,0.3317252026244693,0.6586260131223466,26.023540394098667,88.12725535318881,90585.63503764183,2.0209003942353383,0.0,0.9259904523673458,1027.8957931300656,655.1836378680636,0.6374027817284387,0.3353917406406793,0.0054043620922601815,2.1497139930725098,1.0135489979087924,29.0,0.00026297569274902344
FLOW-VIDEO_STREAMING-0059,VIDEO_STREAMING,PROFILE-03-TUNNEL-AES128GCM-NOPFS-IPV4,312795,48.6,False,5488.0,5488,AES-GCM,TUNNEL,4,False,False,"{""bitrate_bps"": 438166, ""segment_seconds"": 2.0, ""segments"": 23}",5488.0,5703448.0,49.18164396286011,0.008963303073238584,14.703572372982025,0.33035714285714285,0.6610787172011662,25.657107068743105,111.58634721816752,115967.0059892061,2.0394462917162026,0.0,0.9249731039890255,1039.2580174927114,658.4632280088122,0.6335897505004624,0.33527696793002915,0.004191725897576089,2.184864044189453,1.013632962443181,24.0,0.000331878662109375
FLOW-VIDEO_STREAMING-0060,VIDEO_STREAMING,PROFILE-04-TRANSPORT-AES256CBC-PFS-IPV6,7418018,36.0,True,8962.0,8962,AES-CBC,TRANSPORT,6,False,False,"{""bitrate_bps"": 1494546, ""segment_seconds"": 2.0, ""segments"": 17}",8962.0,9656316.0,38.06942009925842,0.004248345061852296,20.84262159499842,0.33184557018522653,0.6658112028565052,20.064710347896654,235.4120440141555,253650.19942050814,2.0346081256866455,0.0,0.9050544741907783,1077.47333184557,655.274571046233,0.6081585053467948,0.33407721490738673,0.0018971096975783953,2.114147901535034,0.9673807819510103,18.0,0.0003731250762939453
FLOW-VIDEO_STREAMING-0061,VIDEO_STREAMING,PROFILE-05-TUNNEL-3DESCBC-NOPFS-IPV4,9599144,36.9,True,19918.0,19918,3DES,TUNNEL,4,False,False,"{""bitrate_bps"": 2476730, ""segment_seconds"": 6.0, ""segments"": 6}",19918.0,20777868.0,40.06866097450256,0.0020117819437918644,51.73520925854678,0.3329651571442916,0.6664825785721458,27.250989158012384,497.0967213672224,518556.58498849923,5.997518301010132,0.0,0.9292060186348282,1043.170398634401,659.7280405150333,0.6324259597268803,0.3335174214278542,0.0003012501882813677,5.998682975769043,0.9322648358578005,7.0,0.00020003318786621094
FLOW-VIDEO_STREAMING-0062,VIDEO_STREAMING,PROFILE-06-TUNNEL-AES256GCM-PFS-IPV6,210633,10.3,False,7194.0,7194,AES-GCM,TUNNEL,6,False,False,"{""bitrate_bps"": 1296672, ""segment_seconds"": 4.0, ""segments"": 3}",7194.0,7785864.0,14.022840976715088,0.0019495121613673139,42.04197018972168,0.33319432860717263,0.6655546288573811,20.394320761042202,513.0201513335014,555227.290456222,4.014140049616496,0.0,0.9065172471545868,1082.2718932443704,659.770266520023,0.6096160037402458,0.3340283569641368,0.0004170721534825525,4.049338102340698,0.9451699371556073,4.0,0.00029087066650390625
FLOW-VIDEO_STREAMING-0063,VIDEO_STREAMING,PROFILE-09-TUNNEL-NATT-CHACHA-IPV4,4163777,34.6,True,13393.0,13393,CHACHA20,TUNNEL,4,False,True,"{""bitrate_bps"": 2496538, ""segment_seconds"": 6.0, ""segments"": 5}",13393.0,14070366.0,35.80638599395752,0.002673714605283566,43.50917104939132,0.33308444709923096,0.6655715672366161,25.463775475658473,374.0394242038313,392956.88770082616,6.021726179122925,0.0,0.92442499363556,1050.5761218547002,659.784545348892,0.6280216460508355,0.3337564399313074,0.0003733572281959379,6.1078150272369385,0.9354124229763165,6.0,0.0004661083221435547
FLOW-VIDEO_STREAMING-0064,VIDEO_STREAMING,PROFILE-01-TUNNEL-AES256GCM-PFS-IPV4,6047723,51.3,False,17807.0,17807,AES-GCM,TUNNEL,4,False,False,"{""bitrate_bps"": 2213822, ""segment_seconds"": 6.0, ""segments"": 8}",17807.0,18572286.0,51.65435600280762,0.002900952263439718,43.82619775503597,0.33312742180041555,0.6661986859100354,27.203327491898428,344.7337529294164,359549.27013300726,5.999482810497284,0.0,0.9290863817195147,1042.9766945583197,659.8602671422359,0.6326701934808562,0.33374515639916885,0.00044928675727282937,6.011116027832031,0.9274244001374967,9.0,0.00019598007202148438
FLOW-VIDEO_STREAMING-0065,VIDEO_STREAMING,PROFILE-02-TRANSPORT-AES128CBC-PFS-IPV4,6531499,34.8,True,11020.0,11020,AES-CBC,TRANSPORT,4,False,False,"{""bitrate_bps"": 3000000, ""segment_seconds"": 4.0, ""segments"": 8}",11020.0,11383496.0,36.2746639251709,0.0032920105204801613,33.16363472771153,0.33284936479128857,0.6651542649727767,27.770613449795785,303.79330385341626,313813.96181870677,4.052794903516769,0.0,0.9304846244071241,1032.9851179673321,655.9121478483212,0.6349676645284101,0.3339382940108893,0.0007260186949813958,4.223229169845581,0.9450518508810104,9.0,0.00037407875061035156
FLOW-VIDEO_STREAMING-0066,VIDEO_STREAMING,PROFILE-03-TUNNEL-AES128GCM-NOPFS-IPV4,796353,22.3,False,10887.0,10887,AES-GCM,TUNNEL,4,False,False,"{""bitrate_bps"": 1689381, ""segment_seconds"": 6.0, ""segments"": 4}",10887.0,11342878.0,26.70978593826294,0.002453590477518183,47.10556130108193,0.3337925966749334,0.6652888766418664,27.06628792565063,407.6034164094103,424671.24319970043,6.030362248420715,0.0,0.9287401310320009,1041.8736107283917,660.1485754320242,0.6336167541190558,0.3338844493432534,0.00036744442403086535,6.130055904388428,0.9377953273064862,5.0,0.00023794174194335938
FLOW-VIDEO_STREAMING-0067,VIDEO_STREAMING,PROFILE-04-TRANSPORT-AES256CBC-PFS-IPV6,5043389,35.2,True,9243.0,9243,AES-CBC,TRANSPORT,6,False,False,"{""bitrate_bps"": 2246390, ""segment_seconds"": 4.0, ""segments"": 8}",9243.0,9960834.0,35.713768005371094,0.0038642899811048574,30.853560963190578,0.3324678134804717,0.6661257167586282,20.270107750981204,258.80775163824546,278907.39499965287,4.053851157426834,0.0,0.9059713273005051,1077.662447257384,655.6544163745785,0.6084042531529217,0.33376609325976414,0.0008656135035706557,4.167150974273682,0.9477139283314591,9.0,0.00037407875061035156
FLOW-VIDEO_STREAMING-0068,VIDEO_STREAMING,PROFILE-05-TUNNEL-3DESCBC-NOPFS-IPV4,2422369,30.1,True,15112.0,15112,3DES,TUNNEL,4,False,False,"{""bitrate_bps"": 2346892, ""segment_seconds"": 6.0, ""segments"": 5}",15112.0,15753416.0,33.85441017150879,0.0022403818523928786,49.16622053976845,0.3331127580730545,0.6656961355214399,27.197464747387603,446.3820200512004,465328.3256211555,6.056237363815308,0.0,0.9290716375419782,1042.4441503440974,659.9293461058704,0.6330596664464339,0.3337083112758073,0.0003308847859175435,6.183769941329956,0.9330371585824069,6.0,0.00025081634521484375
FLOW-VIDEO_STREAMING-0069,VIDEO_STREAMING,PROFILE-06-TUNNEL-AES256GCM-PFS-IPV6,8508601,45.3,False,3510.0,3510,AES-GCM,TUNNEL,6,False,False,"{""bitrate_bps"": 300000, ""segment_seconds"": 6.0, ""segments"": 8}",3510.0,3791052.0,49.67158889770508,0.014155482729468531,20.2957194689024,0.33133903133903136,0.6612535612535613,19.856542405703973,70.66413774740693,76322.34208990955,6.023993641138077,0.0,0.9041068283948624,1080.071794871795,658.918400178178,0.6100690743955516,0.335042735042735,0.002279851809632374,6.103790044784546,0.9945802174784377,9.0,0.00038313865661621094
FLOW-VIDEO_STREAMING-0070,VIDEO_STREAMING,PROFILE-09-TUNNEL-NATT-CHACHA-IPV4,7274727,33.7,False,3610.0,3610,CHACHA20,TUNNEL,4,False,True,"{""bitrate_bps"": 300000, ""segment_seconds"": 2.0, ""segments"": 16}",3610.0,3768776.0,34.08644700050354,0.009444845386673189,14.205267918906006,0.33130193905817173,0.6570637119113574,23.565409534735167,105.90719531274912,110565.23432742422,2.019322633743286,0.0,0.9185847076079873,1043.982271468144,658.6201253315726,0.6308729020899563,0.3371191135734072,0.004433361041839845,2.117050886154175,1.0300763230374181,17.0,0.0003991127014160156
FLOW-VIDEO_STREAMING-0071,VIDEO_STREAMING,PROFILE-01-TUNNEL-AES256GCM-PFS-IPV4,7390691,54.9,True,15478.0,15478,AES-GCM,TUNNEL,4,False,False,"{""bitrate_bps"": 1395903, ""segment_seconds"": 4.0, ""segments"": 13}",15478.0,16141560.0,56.56134295463562,0.003654541768730091,31.954071834623797,0.33260111125468406,0.6657190851531205,27.030451951696424,273.64979668912656,285381.4841869323,4.030786532622117,0.0,0.9286490277271837,1042.8711719860446,659.4950566555443,0.6323840128782172,0.33369944437265797,0.0008399560638366609,4.150800943374634,0.9447303238912284,14.0,0.00027179718017578125
FLOW-VIDEO_STREAMING-0072,VIDEO_STREAMING,PROFILE-02-TRANSPORT-AES128CBC-PFS-IPV4,3492713,53.9,True,17451.0,17451,AES-CBC,TRANSPORT,4,False,False,"{""bitrate_bps"": 2269139, ""segment_seconds"": 4.0, ""segments"": 13}",17451.0,18028878.0,56.21909809112549,0.003221724818975673,34.11319492061332,0.33270299696292477,0.6654059939258495,27.864770620463084,310.41052938475974,320689.56301605917,4.027743009420542,0.0,0.9307113842580775,1033.1143200962695,655.8836335215593,0.6348606545889729,0.333677153171738,0.0007449856733524355,4.197396993637085,0.9408216616559004,14.0,0.0002009868621826172
FLOW-VIDEO_STREAMING-0073,VIDEO_STREAMING,PROFILE-03-TUNNEL-AES128GCM-NOPFS-IPV4,4808365,8.8,True,6357.0,6357,AES-GCM,TUNNEL,4,False,False,"{""bitrate_bps"": 2366566, ""segment_seconds"": 4.0, ""segments"": 2}",6357.0,6623102.0,9.466646909713745,0.0014894032268272098,47.78928586294024,0.333018719521787,0.665093597608935,27.03239568960409,671.515485961251,699624.910822862,4.012994050979614,0.0,0.9286539751312904,1041.8596822400502,659.9400646389195,0.6334250915824052,0.333962560956426,0.00031466331025802394,4.029126167297363,0.9405578177784524,3.0,0.00021791458129882812
FLOW-VIDEO_STREAMING-0074,VIDEO_STREAMING,PROFILE-04-TRANSPORT-AES256CBC-PFS-IPV6,3802970,33.7,True,3411.0,3411,AES-CBC,TRANSPORT,6,False,False,"{""bitrate_bps"": 412551, ""segment_seconds"": 4.0, ""segments"": 8}",3411.0,3664434.0,34.32754898071289,0.010066729906367417,19.384238595105195,0.33216065669891526,0.6613896218117854,19.784746800980127,99.36625542116298,106749.07206625445,4.033544272184372,0.0,0.9037755899001046,1074.2990325417766,655.354624357366,0.6100299865362496,0.33538551744356493,0.002346041055718475,4.139552116394043,0.9846088080893682,9.0,0.0005910396575927734
FLOW-VIDEO_STREAMING-0075,VIDEO_STREAMING,PROFILE-05-TUNNEL-3DESCBC-NOPFS-IPV4,422078,9.1,True,6268.0,6268,3DES,TUNNEL,4,False,False,"{""bitrate_bps"": 1946797, ""segment_seconds"": 6.0, ""segments"": 2}",6268.0,6539280.0,13.322490930557251,0.0021258163284757063,50.446112997927585,0.3328015315890236,0.6664007657945118,27.11360177470529,470.48258712815823,490845.1455576616,6.003938555717468,0.0,0.9288600579880354,1043.2801531589023,659.620161053587,0.6322560235200028,0.3335992342054882,0.00031913196106590075,6.011045932769775,0.9372198105493421,3.0,0.00019788742065429688
FLOW-VIDEO_STREAMING-0076,VIDEO_STREAMING,PROFILE-06-TUNNEL-AES256GCM-PFS-IPV6,8884261,10.5,False,6119.0,6119,AES-GCM,TUNNEL,6,False,False,"{""bitrate_bps"": 1221197, ""segment_seconds"": 4.0, ""segments"": 2}",6119.0,6626418.0,11.486856937408447,0.0018775509868271408,38.757694790656366,0.3325706814839026,0.6661219153456447,20.436671023175766,532.6957611940546,576869.5506618704,4.025498986244202,0.0,0.9067019315714765,1082.9249877430952,659.6049326646191,0.609095680799914,0.3337146592580487,0.00032690421706440013,4.050797939300537,0.9452710032154753,3.0,0.0006251335144042969
FLOW-VIDEO_STREAMING-0077,VIDEO_STREAMING,PROFILE-09-TUNNEL-NATT-CHACHA-IPV4,37720,12.6,True,2958.0,2958,CHACHA20,TUNNEL,4,False,True,"{""bitrate_bps"": 398551, ""segment_seconds"": 4.0, ""segments"": 3}",2958.0,3101172.0,12.873676061630249,0.004353627345833699,29.554167190851373,0.3323191345503719,0.662947937795808,24.848269653930785,229.77120022588292,240892.49917069028,4.041536728541057,0.0,0.9226253816299128,1048.4016227180527,659.4362485845886,0.6289920144104271,0.33468559837728196,0.0010145417653026716,4.069916009902954,0.9687568192125368,4.0,0.00019884109497070312
FLOW-VIDEO_STREAMING-0078,VIDEO_STREAMING,PROFILE-01-TUNNEL-AES256GCM-PFS-IPV4,1895089,26.2,True,13608.0,13608,AES-GCM,TUNNEL,4,False,False,"{""bitrate_bps"": 2113602, ""segment_seconds"": 6.0, ""segments"": 4}",13608.0,14188396.0,27.942087173461914,0.0020535082805513277,50.34966099474083,0.33289241622574955,0.6657848324514991,27.206088750879676,487.0072845855352,507778.67494005506,6.0312100648880005,0.0,0.9290933238683217,1042.651087595532,659.8011640523947,0.632811083115032,0.3335537918871252,0.0002939663408539722,6.100744962692261,0.9338654960851377,5.0,0.00030303001403808594
FLOW-VIDEO_STREAMING-0079,VIDEO_STREAMING,PROFILE-02-TRANSPORT-AES128CBC-PFS-IPV4,7253808,6.5,True,2915.0,2915,AES-CBC,TRANSPORT,4,False,False,"{""bitrate_bps"": 1803658, ""segment_seconds"": 2.0, ""segments"": 3}",2915.0,3005886.0,6.929288148880005,0.0023779300442278673,27.01520122446791,0.3337907375643225,0.6634648370497427,27.25187037106658,420.67813278498994,433794.342999843,2.0029762585957847,0.0,0.9292082267923667,1031.178730703259,656.0921236723339,0.636254515475588,0.33413379073756433,0.001029512697323267,2.013554096221924,0.96843589190645,4.0,0.0002930164337158203
FLOW-VIDEO_STREAMING-0080,VIDEO_STREAMING,PROFILE-03-TUNNEL-AES128GCM-NOPFS-IPV4,4394803,12.3,False,1934.0,1934,AES-GCM,TUNNEL,4,False,False,"{""bitrate_bps"": 718818, ""segment_seconds"": 4.0, ""segments"": 3}",1934.0,2015456.0,13.144790172576904,0.006800201848203262,23.308671492969484,0.3314374353671148,0.6628748707342296,26.173466361062424,147.1305341970977,153327.36190834836,4.026616255442302,0.0,0.9263987901497229,1042.1178903826267,658.5190826180892,0.6319045941878089,0.3345398138572906,0.0015519917227108122,4.0846569538116455,0.9823966302241531,4.0,0.0005478858947753906
FLOW-VIDEO_STREAMING-0081,VIDEO_STREAMING,PROFILE-04-TRANSPORT-AES256CBC-PFS-IPV6,6680007,48.4,True,2787.0,2787,AES-CBC,TRANSPORT,6,False,False,"{""bitrate_bps"": 300000, ""segment_seconds"": 4.0, ""segments"": 12}",2787.0,2984626.0,49.556962966918945,0.017787854618420296,14.825949506829634,0.330821672048798,0.658772874058127,19.22460596039953,56.238313107694324,60226.16845976508,4.027075171470642,0.0,0.9011105579057477,1070.9099390025117,655.7027154835112,0.6122855821977513,0.3362038033728023,0.004307250538406317,4.108228921890259,1.0238479617887033,13.0,0.000308990478515625
FLOW-VIDEO_STREAMING-0082,VIDEO_STREAMING,PROFILE-05-TUNNEL-3DESCBC-NOPFS-IPV4,704765,55.7,True,24363.0,24363,3DES,TUNNEL,4,False,False,"{""bitrate_bps"": 3000000, ""segment_seconds"": 4.0, ""segments"": 13}",24363.0,25399506.0,60.07964205741882,0.0024661210925793786,37.64347189269405,0.33304601239584614,0.6655994746131428,27.141314247094407,405.5117368494971,422763.93683779595,4.019761544007522,0.0,0.9289301138376471,1042.5442679472972,659.7796136371844,0.6328552502967075,0.3337437918154579,0.0005336179295624333,4.092745065689087,0.9356900122104386,14.0,0.00034809112548828125
FLOW-VIDEO_STREAMING-0083,VIDEO_STREAMING,PROFILE-06-TUNNEL-AES256GCM-PFS-IPV6,9308614,51.0,True,23668.0,23668,AES-GCM,TUNNEL,6,False,False,"{""bitrate_bps"": 3000000, ""segment_seconds"": 6.0, ""segments"": 8}",23668.0,25628476.0,53.35883402824402,0.0022545668664488115,49.248046796789104,0.33302349163427414,0.6658779787054251,20.525283423286314,443.5629157014938,480304.27326118626,6.040172845125198,0.0,0.9070860085476795,1082.8323474733818,659.7920968516876,0.6093206380389431,0.3335727564644245,0.00033802340812101237,6.126873970031738,0.9324374878812867,9.0,0.00021982192993164062
FLOW-VIDEO_STREAMING-0084,VIDEO_STREAMING,PROFILE-09-TUNNEL-NATT-CHACHA-IPV4,7474222,42.9,True,17638.0,17638,CHACHA20,TUNNEL,4,False,True,"{""bitrate_bps"": 3000000, ""segment_seconds"": 4.0, ""segments"": 9}",17638.0,18527824.0,45.98019099235535,0.0026070301634266227,34.93118716335918,0.332860868579204,0.6655516498469214,25.43214572057099,383.59997249538367,402952.3062024782,4.032313850190905,0.0,0.9243345575821532,1050.4492572854065,659.793666961206,0.6281061768430957,0.3336546093661413,0.0005102908657935023,4.16056489944458,0.9374459356085819,10.0,0.0006139278411865234
FLOW-VIDEO_STREAMING-0085,VIDEO_STREAMING,PROFILE-01-TUNNEL-AES256GCM-PFS-IPV4,1617981,45.4,True,6226.0,6226,AES-GCM,TUNNEL,4,False,False,"{""bitrate_bps"": 584054, ""segment_seconds"": 2.0, ""segments"": 22}",6226.0,6471664.0,46.8775110244751,0.0075305238593534295,15.958347747556175,0.3318342434950209,0.6628654031480886,25.727613635425012,132.81421867192051,138054.76994333373,2.024792270226912,0.0,0.9251710224758269,1039.4577577899133,659.0821759924324,0.6340634538086162,0.3361708962415676,0.003534136546184739,2.1294360160827637,1.007381388825141,23.0,0.0002789497375488281
FLOW-VIDEO_STREAMING-0086,VIDEO_STREAMING,PROFILE-02-TRANSPORT-AES128CBC-PFS-IPV4,1975485,20.0,True,2325.0,2325,AES-CBC,TRANSPORT,4,False,False,"{""bitrate_bps"": 409207, ""segment_seconds"": 6.0, ""segments"": 4}",2325.0,2393298.0,25.103978872299194,0.010802056313381754,23.094526689208283,0.33204301075268816,0.6610752688172044,26.559857208659604,92.61480069860578,95335.40528274055,6.018552184104919,0.0,0.9274306835170547,1029.3754838709679,655.7761187605115,0.6370621109941967,0.33548387096774196,0.0017211703958691911,6.041801929473877,0.986601130582611,5.0,0.0003848075866699219
FLOW-VIDEO_STREAMING-0087,VIDEO_STREAMING,PROFILE-03-TUNNEL-AES128GCM-NOPFS-IPV4,5840625,12.2,True,2805.0,2805,AES-GCM,TUNNEL,4,False,False,"{""bitrate_bps"": 696224, ""segment_seconds"": 6.0, ""segments"": 2}",2805.0,2925098.0,12.821126937866211,0.0045724418465999325,35.240960742336995,0.3322638146167558,0.6655971479500892,26.62706133474376,218.77952020860573,228146.71550914517,6.035646080970764,0.0,0.9276072117925621,1042.8156862745097,659.3595265708943,0.632287694987094,0.3340463458110517,0.0007132667617689016,6.0739710330963135,0.9458929465422445,3.0,0.000247955322265625
FLOW-VIDEO_STREAMING-0088,VIDEO_STREAMING,PROFILE-04-TRANSPORT-AES256CBC-PFS-IPV6,6185472,39.0,True,12805.0,12805,AES-CBC,TRANSPORT,6,False,False,"{""bitrate_bps"": 2382165, ""segment_seconds"": 2.0, ""segments"": 18}",12805.0,13776526.0,39.561870098114014,0.0030898055371847873,24.488381486411548,0.3327606403748536,0.6639593908629442,20.148973601635852,323.67024026527093,348227.3705927959,2.0190319220225015,0.0,0.9054327629476401,1075.8708317063647,655.8610798489024,0.6096095000630198,0.3344006247559547,0.0014058106841611997,2.121623992919922,0.9532062965142027,19.0,0.00021505355834960938
FLOW-VIDEO_STREAMING-0089,VIDEO_STREAMING,PROFILE-05-TUNNEL-3DESCBC-NOPFS-IPV4,1262848,27.0,True,3568.0,3568,3DES,TUNNEL,4,False,False,"{""bitrate_bps"": 652002, ""segment_seconds"": 2.0, ""segments"": 13}",3568.0,3700576.0,27.338320016860962,0.007664233253955975,15.812064549634913,0.33239910313901344,0.6594730941704036,25.574670381753943,130.51277466206517,135362.23139233363,2.0110280697162333,0.0,0.9247403647432183,1037.1569506726457,659.3979095881124,0.6357744690043887,0.335762331838565,0.0036445192038127277,2.0763161182403564,1.0136937109009438,14.0,0.00023484230041503906
FLOW-VIDEO_STREAMING-0090,VIDEO_STREAMING,PROFILE-06-TUNNEL-AES256GCM-PFS-IPV6,7085603,50.8,True,7283.0,7283,AES-GCM,TUNNEL,6,False,False,"{""bitrate_bps"": 588316, ""segment_seconds"": 4.0, ""segments"": 13}",7283.0,7871178.0,54.1757071018219,0.0074396741419695,22.834443397558022,0.33186873541123163,0.6637374708224633,20.149188282899935,134.4329477105261,145289.80646632478,4.024233212837806,0.0,0.905433722881124,1080.7604009336812,659.7047185316152,0.6104079294186655,0.3340656322943842,0.0017852238396045043,4.097695827484131,0.9659917282717081,14.0,0.0002079010009765625
FLOW-VIDEO_STREAMING-0091,VIDEO_STREAMING,PROFILE-09-TUNNEL-NATT-CHACHA-IPV4,8734292,35.8,False,4834.0,4834,CHACHA20,TUNNEL,4,False,True,"{""bitrate_bps"": 449655, ""segment_seconds"": 6.0, ""segments"": 6}",4834.0,5074412.0,37.74768018722534,0.0078104035148407495,27.11452805578687,0.3322300372362433,0.6642532064542822,24.879558135027896,128.0608497270233,134429.77091125443,6.014335870742798,0.0,0.9227189278284853,1049.7335539925527,659.1739682366466,0.6279440775514384,0.3345055854364915,0.0012414649286157666,6.031702041625977,0.9691834495733012,7.0,0.0003120899200439453
FLOW-VIDEO_STREAMING-0092,VIDEO_STREAMING,PROFILE-01-TUNNEL-AES256GCM-PFS-IPV4,1070958,37.1,False,6373.0,6373,AES-GCM,TUNNEL,4,False,False,"{""bitrate_bps"": 1186049, ""segment_seconds"": 6.0, ""segments"": 6}",6373.0,6638406.0,37.68505501747131,0.005914164315359591,31.2890439971601,0.33281029342538837,0.6643652910717087,26.852672652513217,169.1121320386925,176154.8708612033,6.033197482426961,0.0,0.9281936055131307,1041.6453789424133,659.6253741090939,0.6332533004455068,0.33422250117683977,0.0009416195856873823,6.12542200088501,0.9508206223610015,7.0,0.00020599365234375
FLOW-VIDEO_STREAMING-0093,VIDEO_STREAMING,PROFILE-02-TRANSPORT-AES128CBC-PFS-IPV4,7080344,42.3,True,14374.0,14374,AES-CBC,TRANSPORT,4,False,False,"{""bitrate_bps"": 1800000, ""segment_seconds"": 4.0, ""segments"": 10}",14374.0,14849756.0,44.950523138046265,0.003127428034373218,34.17073417333044,0.33303186308612776,0.6655767357729233,27.8728252669565,319.77380899119726,330357.801496444,4.052814984321595,0.0,0.9307307136898411,1033.098372060665,656.0072264916636,0.634990088294459,0.33379713371364966,0.0006957489737702637,4.133805990219116,0.9410284343618943,11.0,0.0003299713134765625
FLOW-VIDEO_STREAMING-0094,VIDEO_STREAMING,PROFILE-03-TUNNEL-AES128GCM-NOPFS-IPV4,3939510,33.0,True,4721.0,4721,AES-GCM,TUNNEL,4,False,False,"{""bitrate_bps"": 444426, ""segment_seconds"": 2.0, ""segments"": 16}",4721.0,4904026.0,33.79141187667847,0.007159197431499675,16.37354434335449,0.33107392501588645,0.6602414742639271,25.604023131923572,139.71005465025428,145126.40128495402,2.016435921192169,0.0,0.9248234002022012,1038.7684812539717,658.6086114705503,0.6340282973117328,0.33531031561109936,0.003389830508474576,2.1506600379943848,1.005000042391891,17.0,0.00021505355834960938
FLOW-VIDEO_STREAMING-0095,VIDEO_STREAMING,PROFILE-04-TRANSPORT-AES256CBC-PFS-IPV6,5967257,32.5,False,11574.0,11574,AES-CBC,TRANSPORT,6,False,False,"{""bitrate_bps"": 3000000, ""segment_seconds"": 2.0, ""segments"": 13}",11574.0,12462596.0,32.79038214683533,0.0028333519525477685,23.9954326553557,0.3327285294625886,0.6646794539485052,20.211918410697024,352.9693538846735,380068.64159717615,2.029611972662119,0.0,0.9057133842740309,1076.7751857611888,655.8150038333005,0.6090547149539807,0.3341973388629687,0.0011233042426337164,2.08113694190979,0.9524841730811104,14.0,0.0005939006805419922
FLOW-VIDEO_STREAMING-0096,VIDEO_STREAMING,PROFILE-05-TUNNEL-3DESCBC-NOPFS-IPV4,3743781,54.6,False,4854.0,4854,3DES,TUNNEL,4,False,False,"{""bitrate_bps"": 458061, ""segment_seconds"": 4.0, ""segments"": 14}",4854.0,5050388.0,57.93530797958374,0.011938039971066091,18.08409818503295,0.3318912237330037,0.6611042439225381,26.043287354352294,83.78310514393982,87172.88603660732,4.025281122752598,0.0,0.9260444940071931,1040.4590028842192,658.8085175699634,0.6331902705860624,0.3353934899052328,0.00288481351741191,4.141012907028198,0.9926175855927826,15.0,0.00024509429931640625
FLOW-VIDEO_STREAMING-0097,VIDEO_STREAMING,PROFILE-06-TUNNEL-AES256GCM-PFS-IPV6,2186789,10.4,True,1799.0,1799,AES-GCM,TUNNEL,6,False,False,"{""bitrate_bps"": 950395, ""segment_seconds"": 2.0, ""segments"": 5}",1799.0,1941802.0,11.394785165786743,0.006337477845265152,17.036116611939907,0.3318510283490828,0.6592551417454141,19.549474040679833,157.879238074761,170411.4620633947,2.0499273777008056,0.0,0.9026739080503574,1079.378543635353,658.5188583727693,0.6100907436559504,0.3362979433018344,0.0027808676307007787,2.1231777667999268,1.0062876907172678,6.0,0.0006148815155029297
FLOW-VIDEO_STREAMING-0098,VIDEO_STREAMING,PROFILE-09-TUNNEL-NATT-CHACHA-IPV4,8960442,33.2,True,7757.0,7757,CHACHA20,TUNNEL,4,False,True,"{""bitrate_bps"": 1442875, ""segment_seconds"": 4.0, ""segments"": 8}",7757.0,8138930.0,34.08983492851257,0.004395285576136227,29.46625975367835,0.33298955781874434,0.6643032100038675,25.178442081427587,227.54583635463962,238749.46936726404,4.034454703330994,0.0,0.9236012596250367,1049.2368183576125,659.8302571738968,0.6288668541071022,0.334278715998453,0.0010314595152140279,4.131407022476196,0.9503458984847852,9.0,0.0002009868621826172
FLOW-VIDEO_STREAMING-0099,VIDEO_STREAMING,PROFILE-01-TUNNEL-AES256GCM-PFS-IPV4,1530411,21.2,True,15112.0,15112,AES-GCM,TUNNEL,4,False,False,"{""bitrate_bps"": 3000000, ""segment_seconds"": 6.0, ""segments"": 3}",15112.0,15759044.0,21.50048303604126,0.0014228365453008577,59.67850397087593,0.3330465854949709,0.6658946532556909,27.23482912950468,702.867929742218,732962.323385159,6.02695099512736,0.0,0.9291655001407446,1042.8165696135522,659.8422700184066,0.6327500820810044,0.33357596611964,0.0001985308715505261,6.085541009902954,0.9320099551167184,4.0,0.00023889541625976562
FLOW-VIDEO_STREAMING-0100,VIDEO_STREAMING,PROFILE-02-TRANSPORT-AES128CBC-PFS-IPV4,2695241,23.5,True,7707.0,7707,AES-CBC,TRANSPORT,4,False,False,"{""bitrate_bps"": 1800000, ""segment_seconds"": 2.0, ""segments"": 11}",7707.0,7957118.0,24.860857009887695,0.003226168830766636,23.957463548223664,0.33216556377319323,0.6638121188529907,27.31956466032686,310.0054031498094,320066.1182691845,2.0466467900709673,0.0,0.929377445451984,1032.4533540936811,655.362651122936,0.6347624796068712,0.33424159854677565,0.0014274591227614846,2.170295000076294,0.9653619844415744,12.0,0.00029397010803222656
FLOW-VIDEO_STREAMING-0101,VIDEO_STREAMING,PROFILE-03-TUNNEL-AES128GCM-NOPFS-IPV4,6041132,20.5,True,12043.0,12043,AES-GCM,TUNNEL,4,False,False,"{""bitrate_bps"": 2494751, ""segment_seconds"": 6.0, ""segments"": 4}",12043.0,12559250.0,26.545259952545166,0.0022043896323322675,49.72684984112811,0.3329735115834925,0.6658639873785601,27.204399789801794,453.67798324556674,473125.89978218754,6.015478193759918,0.0,0.9290890777713637,1042.8672257743087,659.7240258693192,0.6326059632178841,0.33355476210246615,0.0003321707357581797,6.067264080047607,0.9324066099061423,5.0,0.00020384788513183594
FLOW-VIDEO_STREAMING-0102,VIDEO_STREAMING,PROFILE-04-TRANSPORT-AES256CBC-PFS-IPV6,7832358,22.7,False,3573.0,3573,AES-CBC,TRANSPORT,6,False,False,"{""bitrate_bps"": 831413, ""segment_seconds"": 4.0, ""segments"": 6}",3573.0,3849726.0,25.437819957733154,0.007121450156140301,23.152685474139677,0.3319339490624125,0.66554715924993,19.994077612721682,140.46014972732755,151338.67628580626,4.026513894399007,0.0,0.9047350382858417,1077.4492023509656,655.3331864257774,0.6082265270565497,0.3341729638958858,0.0016797312430011197,4.058599948883057,0.9710012503170888,7.0,0.0003418922424316406
FLOW-VIDEO_STREAMING-0103,VIDEO_STREAMING,PROFILE-05-TUNNEL-3DESCBC-NOPFS-IPV4,5032596,44.7,True,5019.0,5019,3DES,TUNNEL,4,False,False,"{""bitrate_bps"": 548185, ""segment_seconds"": 4.0, ""segments"": 11}",5019.0,5224346.0,45.99065113067627,0.009165135737480325,20.60701372988678,0.3319386331938633,0.6624825662482566,26.29087090977475,109.13087500629605,113595.82592461501,4.038158590143377,0.0,0.9267154204564552,1040.91372783423,659.109316715814,0.6332026363867688,0.33472803347280333,0.00219210840972499,4.1432130336761475,0.9769901935570587,12.0,0.00023102760314941406
FLOW-VIDEO_STREAMING-0104,VIDEO_STREAMING,PROFILE-06-TUNNEL-AES256GCM-PFS-IPV6,5090102,40.0,True,2700.0,2700,AES-GCM,TUNNEL,6,False,False,"{""bitrate_bps"": 300000, ""segment_seconds"": 4.0, ""segments"": 10}",2700.0,2902060.0,41.68206000328064,0.015443519823371856,15.836658567749176,0.3314814814814815,0.6581481481481481,19.31657355679702,64.7760691239227,69623.71820806336,4.025559210777283,0.0,0.901558203483043,1074.8370370370371,660.3046514316951,0.6143300134613263,0.33666666666666667,0.003705075954057058,4.145447015762329,1.017859940992583,11.0,0.0004608631134033203
FLOW-VIDEO_STREAMING-0105,VIDEO_STREAMING,PROFILE-09-TUNNEL-NATT-CHACHA-IPV4,2392459,37.6,True,12672.0,12672,CHACHA20,TUNNEL,4,False,True,"{""bitrate_bps"": 1968518, ""segment_seconds"": 6.0, ""segments"": 6}",12672.0,13315956.0,38.76892805099487,0.0030596581209845217,42.83073525004058,0.33293876262626265,0.665719696969697,25.491507012831992,326.85969504578077,343469.80093142635,6.023498177528381,0.0,0.9245041062016126,1050.8172348484848,659.6913860313089,0.6277888905452036,0.33357007575757575,0.0004735222160839713,6.14177393913269,0.9357160638998927,7.0,0.00019502639770507812
FLOW-VIDEO_STREAMING-0106,VIDEO_STREAMING,PROFILE-01-TUNNEL-AES256GCM-PFS-IPV4,6161645,45.8,True,8627.0,8627,AES-GCM,TUNNEL,4,False,False,"{""bitrate_bps"": 607686, ""segment_seconds"": 4.0, ""segments"": 11}",8627.0,8990862.0,47.73504090309143,0.005533855889530655,26.065200004029784,0.3326764808160427,0.6653529616320853,26.750087964591938,180.72677506475742,188349.30964556336,4.0412867069244385,0.0,0.9279281563881194,1042.1771183493684,659.5676734531951,0.6328748365708108,0.3344152080676944,0.001275214467887781,4.22956109046936,0.9618279775175692,12.0,0.0003859996795654297
FLOW-VIDEO_STREAMING-0107,VIDEO_STREAMING,PROFILE-02-TRANSPORT-AES128CBC-PFS-IPV4,7167429,37.6,False,8170.0,8170,AES-CBC,TRANSPORT,4,False,False,"{""bitrate_bps"": 1382128, ""segment_seconds"": 4.0, ""segments"": 9}",8170.0,8435300.0,39.44252300262451,0.004828317175006061,27.84727257363248,0.33280293757649937,0.6642594859241127,27.630923692052868,207.13685073990746,213863.0938857211,4.052907069524129,0.0,0.9301454601496094,1032.4724602203182,655.7860123848203,0.635160779247209,0.3342717258261934,0.0011017260374586854,4.1409711837768555,0.9519915792964869,10.0,0.0003840923309326172
FLOW-VIDEO_STREAMING-0108,VIDEO_STREAMING,PROFILE-03-TUNNEL-AES128GCM-NOPFS-IPV4,2280990,48.2,True,14688.0,14688,AES-GCM,TUNNEL,4,False,False,"{""bitrate_bps"": 1824527, ""segment_seconds"": 6.0, ""segments"": 8}",14688.0,15310596.0,51.43103003501892,0.0035018063617497735,40.27036558976134,0.33306100217864926,0.6654411764705882,27.147892942893808,285.586347191551,297691.80180865823,6.043809413909912,0.0,0.9289467242163532,1042.388071895425,659.8002097003023,0.6329698386710771,0.3338099128540305,0.0005446993940219242,6.148154973983765,0.9366653915086948,9.0,0.00020003318786621094
FLOW-VIDEO_STREAMING-0109,VIDEO_STREAMING,PROFILE-04-TRANSPORT-AES256CBC-PFS-IPV6,7743522,37.3,True,8885.0,8885,AES-CBC,TRANSPORT,6,False,False,"{""bitrate_bps"": 848591, ""segment_seconds"": 6.0, ""segments"": 6}",8885.0,9570206.0,38.309317111968994,0.0043121698685242,36.17526386312038,0.33280810354530105,0.6649409116488464,20.285571940125887,231.92791388140031,249814.05886271925,6.004690527915955,0.0,0.9060396401080604,1077.1194147439505,655.7669341716098,0.6088154434831134,0.33393359594822736,0.0006753714542998649,6.0190160274505615,0.9451864180312796,7.0,0.00024890899658203125
FLOW-VIDEO_STREAMING-0110,VIDEO_STREAMING,PROFILE-05-TUNNEL-3DESCBC-NOPFS-IPV4,9921061,43.3,True,7599.0,7599,3DES,TUNNEL,4,False,False,"{""bitrate_bps"": 1404849, ""segment_seconds"": 2.0, ""segments"": 21}",7599.0,7916082.0,45.310184955596924,0.005963435766727682,18.037188107596204,0.3314909856560074,0.6644295302013423,26.267310567178985,167.71063740849587,174708.66666639305,2.0478193078722273,0.0,0.9266520988539533,1041.7268061587051,658.8299486840693,0.6324402374874645,0.33464929595999476,0.002763885232956041,2.210630178451538,0.9848480885299365,22.0,0.00022602081298828125
FLOW-VIDEO_STREAMING-0111,VIDEO_STREAMING,PROFILE-06-TUNNEL-AES256GCM-PFS-IPV6,8357428,9.2,True,2907.0,2907,AES-GCM,TUNNEL,6,False,False,"{""bitrate_bps"": 1116226, ""segment_seconds"": 2.0, ""segments"": 4}",2907.0,3140142.0,9.651385068893433,0.0033211923843404793,22.65735480950861,0.3319573443412453,0.6628826969384245,19.948524996997957,301.20029190103577,325356.61747874174,2.0294586420059204,0.0,0.9045278844077752,1080.2002063983489,659.4193293362456,0.6104602882227829,0.3347093223254214,0.0013764624913971094,2.0849478244781494,0.978231628540492,5.0,0.0005381107330322266
FLOW-VIDEO_STREAMING-0112,VIDEO_STREAMING,PROFILE-09-TUNNEL-NATT-CHACHA-IPV4,7768518,25.0,True,17178.0,17178,CHACHA20,TUNNEL,4,False,True,"{""bitrate_bps"": 3000000, ""segment_seconds"": 6.0, ""segments"": 4}",17178.0,18045588.0,27.91574788093567,0.001625181805957715,56.86618268024023,0.3331586913494004,0.665793456747002,25.524211281351786,615.3515955677213,646430.3975292656,6.056783735752106,0.0,0.9245971923996048,1050.5057631854697,659.9659763035869,0.6282364166212271,0.3336826173011992,0.00023286953484310415,6.107789039611816,0.9320426636189314,5.0,0.00021791458129882812
FLOW-VIDEO_STREAMING-0113,VIDEO_STREAMING,PROFILE-01-TUNNEL-AES256GCM-PFS-IPV4,4536556,38.0,True,4389.0,4389,AES-GCM,TUNNEL,4,False,False,"{""bitrate_bps"": 1142786, ""segment_seconds"": 2.0, ""segments"": 18}",4389.0,4559978.0,38.09788107872009,0.008682288304175044,14.973869172681335,0.33287764866712233,0.6605149236728184,25.575156770869757,115.20325739195808,119691.11853170795,2.033454285727607,0.0,0.9247417421750719,1038.9560264297106,659.1273068829547,0.6344130936397694,0.3349282296650718,0.004102096627164996,2.1550729274749756,1.0182034237593485,19.0,0.00019407272338867188
FLOW-VIDEO_STREAMING-0114,VIDEO_STREAMING,PROFILE-02-TRANSPORT-AES128CBC-PFS-IPV4,3159549,53.5,True,12312.0,12312,AES-CBC,TRANSPORT,4,False,False,"{""bitrate_bps"": 566142, ""segment_seconds"": 6.0, ""segments"": 9}",12312.0,12717120.0,57.462278842926025,0.0046675557503798246,35.001671273275875,0.33276478232618584,0.6650422352176738,27.751599556871877,214.26229951051943,221312.48979460826,6.0443189938863116,0.0,0.9304386527767293,1032.9044834307992,655.8167271201136,0.6349248528206731,0.33390188434048085,0.0007310535293639835,6.175993919372559,0.9457839071487122,10.0,0.00023984909057617188
FLOW-VIDEO_STREAMING-0115,VIDEO_STREAMING,PROFILE-03-TUNNEL-AES128GCM-NOPFS-IPV4,1082158,14.9,True,9091.0,9091,AES-GCM,TUNNEL,4,False,False,"{""bitrate_bps"": 1883455, ""segment_seconds"": 6.0, ""segments"": 2}",9091.0,9482918.0,15.186007022857666,0.001670627835297873,53.244787764789194,0.3328566714332857,0.6662633373666264,27.17383373045819,598.643210576448,624451.047976371,5.997670888900757,0.0,0.9290121458394979,1043.110548894511,659.7832335620867,0.6325151579200547,0.3336266637333627,0.00022002200220022002,5.9982218742370605,0.9297053864377031,3.0,0.0003898143768310547
FLOW-VIDEO_STREAMING-0116,VIDEO_STREAMING,PROFILE-04-TRANSPORT-AES256CBC-PFS-IPV6,4149309,10.6,True,2173.0,2173,AES-CBC,TRANSPORT,6,False,False,"{""bitrate_bps"": 2199607, ""segment_seconds"": 2.0, ""segments"": 5}",2173.0,2336910.0,11.028683185577393,0.0050776626084610465,19.535156613640112,0.33133916244822825,0.6626783248964565,19.658681046676097,197.03168215419504,211893.83724940632,2.0691195487976075,0.0,0.9031883983550928,1075.4302807179015,654.7967322426798,0.6088695324866354,0.335020708697653,0.0023020257826887663,2.130401849746704,0.9952224222641706,6.0,0.0002040863037109375
FLOW-VIDEO_STREAMING-0117,VIDEO_STREAMING,PROFILE-05-TUNNEL-3DESCBC-NOPFS-IPV4,9395243,41.1,False,14067.0,14067,3DES,TUNNEL,4,False,False,"{""bitrate_bps"": 1760970, ""segment_seconds"": 4.0, ""segments"": 10}",14067.0,14670474.0,43.77325081825256,0.0031119899629071923,34.44680099631326,0.3326935380678183,0.6661690481268217,27.083912094643747,321.36064233397866,335147.00703660573,4.021795034408569,0.0,0.9287848504417785,1042.8999786734912,659.5691103025547,0.6324375527761432,0.33368877514750833,0.0007109341674960899,4.0727698802948,0.9426971627434387,11.0,0.000247955322265625
FLOW-VIDEO_STREAMING-0118,VIDEO_STREAMING,PROFILE-06-TUNNEL-AES256GCM-PFS-IPV6,679146,59.2,True,8485.0,8485,AES-GCM,TUNNEL,6,False,False,"{""bitrate_bps"": 843405, ""segment_seconds"": 6.0, ""segments"": 10}",8485.0,9179722.0,62.40866208076477,0.007356042206596507,28.021896558588143,0.3330583382439599,0.6650559811431939,20.29322446707337,135.95869094292274,147090.51105951075,6.007700896263122,0.0,0.9060734083232586,1081.8764879198586,659.707830418554,0.6097810958873733,0.33411903358868594,0.0011786892975011788,6.049238920211792,0.9506746129076533,11.0,0.0002617835998535156
FLOW-VIDEO_STREAMING-0119,VIDEO_STREAMING,PROFILE-09-TUNNEL-NATT-CHACHA-IPV4,2249423,56.1,False,4699.0,4699,CHACHA20,TUNNEL,4,False,True,"{""bitrate_bps"": 450000, ""segment_seconds"": 2.0, ""segments"": 27}",4699.0,4904650.0,57.35986304283142,0.01220942167791218,12.566882388889496,0.33283677378165566,0.6575867205788466,23.601235917859615,81.92139504397335,85506.65465044134,2.0293721887800427,0.0,0.918703271385318,1043.7646307725047,659.2688953807752,0.6316260160040499,0.33602894232815494,0.005747126436781609,2.207672119140625,1.0432649571763708,28.0,0.0004119873046875
FLOW-VIDEO_STREAMING-0120,VIDEO_STREAMING,PROFILE-01-TUNNEL-AES256GCM-PFS-IPV4,4843055,53.3,False,21880.0,21880,AES-GCM,TUNNEL,4,False,False,"{""bitrate_bps"": 3000000, ""segment_seconds"": 6.0, ""segments"": 9}",21880.0,22820124.0,58.61970400810242,0.0026792679742265375,45.598964065972964,0.33313528336380255,0.6662248628884826,27.212769113985395,373.25333469742094,389291.0137663916,6.024871879153782,0.0,0.9291101135120914,1042.9672760511883,659.8700473335082,0.632685284078963,0.3336837294332724,0.00041135335252982314,6.1194329261779785,0.9323115218151953,10.0,0.0001919269561767578
FLOW-VIDEO_STREAMING-0121,VIDEO_STREAMING,PROFILE-02-TRANSPORT-AES128CBC-PFS-IPV4,8106170,10.0,True,6185.0,6185,AES-CBC,TRANSPORT,4,False,False,"{""bitrate_bps"": 1234571, ""segment_seconds"": 4.0, ""segments"": 2}",6185.0,6393146.0,11.260667085647583,0.0018209358159197255,39.47438679593607,0.3325788197251415,0.666127728375101,27.833282219656517,549.256980333178,567741.3204186154,3.9978214502334595,0.0,0.9306357151862322,1033.653354890865,655.7507927172137,0.6344010684185792,0.33371059013742926,0.0003234152652005175,3.998183012008667,0.9453415890708512,3.0,0.0005810260772705078
FLOW-VIDEO_STREAMING-0122,VIDEO_STREAMING,PROFILE-03-TUNNEL-AES128GCM-NOPFS-IPV4,9565701,42.6,False,11149.0,11149,AES-GCM,TUNNEL,4,False,False,"{""bitrate_bps"": 1483726, ""segment_seconds"": 4.0, ""segments"": 10}",11149.0,11623542.0,43.789998054504395,0.003928058670120595,30.838084541049145,0.33285496457081354,0.6657099291416271,26.872329915497282,254.60151850482154,265438.28537129523,4.046161746978759,0.0,0.928244247751675,1042.563637994439,659.6090097572209,0.6326798535062079,0.3342003767154005,0.000897021887334051,4.155357122421265,0.949048373337276,11.0,0.0003070831298828125
FLOW-VIDEO_STREAMING-0123,VIDEO_STREAMING,PROFILE-04-TRANSPORT-AES256CBC-PFS-IPV6,7909058,49.9,True,12132.0,12132,AES-CBC,TRANSPORT,6,False,False,"{""bitrate_bps"": 1750245, ""segment_seconds"": 2.0, ""segments"": 23}",12132.0,13049272.0,50.732906103134155,0.004182087717676544,21.060984232330696,0.3320969337289812,0.663369601055061,20.03506684849716,239.13473388134008,257215.14895031505,2.0244593101999033,0.0,0.9049206729693426,1075.607649192219,655.5764036854025,0.6094939954896567,0.3344048796571052,0.0018959690050284396,2.1221189498901367,0.968191387451869,24.0,0.0003349781036376953
FLOW-VIDEO_STREAMING-0124,VIDEO_STREAMING,PROFILE-05-TUNNEL-3DESCBC-NOPFS-IPV4,5972674,19.5,False,5680.0,5680,3DES,TUNNEL,4,False,False,"{""bitrate_bps"": 1349597, ""segment_seconds"": 2.0, ""segments"": 9}",5680.0,5918016.0,19.784425020217896,0.0034837867617921983,23.099779989239615,0.3323943661971831,0.6640845070422535,26.66048459467544,287.0945197646913,299124.9932182675,2.022770987616645,0.0,0.9276946868680315,1041.9042253521127,659.3632710589503,0.6328444160365294,0.3345070422535211,0.001584786053882726,2.090456008911133,0.9571934187286444,10.0,0.00023603439331054688
FLOW-VIDEO_STREAMING-0125,VIDEO_STREAMING,PROFILE-06-TUNNEL-AES256GCM-PFS-IPV6,3570149,59.3,True,19470.0,19470,AES-GCM,TUNNEL,6,False,False,"{""bitrate_bps"": 1726946, ""segment_seconds"": 6.0, ""segments"": 10}",19470.0,21067736.0,65.46683096885681,0.0033626190851536704,40.652697853588634,0.3330765279917822,0.6653826399589111,20.457489845554655,297.40251226246255,321807.787061239,6.033164310455322,0.0,0.9067924526868952,1082.061427837699,660.0158790377752,0.6099615623086165,0.33384694401643555,0.0005136370640505418,6.138885974884033,0.9370555047992871,11.0,0.0002808570861816406
FLOW-VIDEO_STREAMING-0126,VIDEO_STREAMING,PROFILE-09-TUNNEL-NATT-CHACHA-IPV4,523289,21.9,False,6444.0,6444,CHACHA20,TUNNEL,4,False,True,"{""bitrate_bps"": 1382859, ""segment_seconds"": 2.0, ""segments"": 10}",6444.0,6765084.0,22.314619064331055,0.0034633895800606947,23.117866993430948,0.3324022346368715,0.6641837368094351,24.994559077809797,288.77929672124463,303168.2495003328,2.033452582359314,0.0,0.9230608223046455,1049.826815642458,659.2869630260519,0.6279959258066683,0.33441961514587215,0.0015520720161415489,2.1217548847198486,0.9643020489595125,11.0,0.00028896331787109375
FLOW-VIDEO_STREAMING-0127,VIDEO_STREAMING,PROFILE-01-TUNNEL-AES256GCM-PFS-IPV4,4120390,22.3,False,6646.0,6646,AES-GCM,TUNNEL,4,False,False,"{""bitrate_bps"": 1375519, ""segment_seconds"": 6.0, ""segments"": 4}",6646.0,6931568.0,25.910006046295166,0.003899173219908979,37.920440266079545,0.332681312067409,0.6661149563647306,27.051217301217303,256.5032207296726,267524.7542441672,6.028169929981232,0.0,0.9287018463931971,1042.9684020463437,659.5709262130086,0.6323978031538687,0.3337345771892868,0.0006019563581640331,6.121955871582031,0.9429602325515065,5.0,0.0002758502960205078
FLOW-VIDEO_STREAMING-0128,VIDEO_STREAMING,PROFILE-02-TRANSPORT-AES128CBC-PFS-IPV4,2602052,17.8,True,6862.0,6862,AES-CBC,TRANSPORT,4,False,False,"{""bitrate_bps"": 2123234, ""segment_seconds"": 2.0, ""segments"": 8}",6862.0,7074124.0,17.836140155792236,0.0025996414743903566,26.45501122458924,0.3327018361993588,0.6635091809967939,27.420180626084722,384.7244942046267,396617.42609163665,2.0148289799690247,0.0,0.9296274704825643,1030.9128533955115,656.3196053368051,0.6366392689499303,0.33459632760128244,0.0011660107855997668,2.0886712074279785,0.9602600110677751,9.0,0.00020194053649902344
FLOW-VIDEO_STREAMING-0129,VIDEO_STREAMING,PROFILE-03-TUNNEL-AES128GCM-NOPFS-IPV4,7385870,41.7,True,4524.0,4524,AES-GCM,TUNNEL,4,False,False,"{""bitrate_bps"": 489116, ""segment_seconds"": 6.0, ""segments"": 7}",4524.0,4704388.0,43.85970401763916,0.009697038252849692,24.475676446068785,0.33267020335985853,0.6629089301503095,26.402073625349487,103.14707090090194,107259.91215326088,6.037815264293125,0.0,0.9270128229219189,1039.8735632183907,659.9671038606159,0.6346609118689671,0.33465959328028294,0.0015476453681185054,6.137913942337036,0.9730664051891179,8.0,0.0003478527069091797
FLOW-VIDEO_STREAMING-0130,VIDEO_STREAMING,PROFILE-04-TRANSPORT-AES256CBC-PFS-IPV6,4024072,36.3,True,10624.0,10624,AES-CBC,TRANSPORT,6,False,False,"{""bitrate_bps"": 1099634, ""segment_seconds"": 4.0, ""segments"": 9}",10624.0,11443552.0,38.926323890686035,0.003664343772068722,31.90155354386904,0.3326430722891566,0.665003765060241,20.29286463876629,272.9258490946796,293979.7765680647,4.017858001920912,0.0,0.9060718210569585,1077.1415662650602,655.7148112509392,0.6087545330968896,0.3337725903614458,0.0008472182999152782,4.080785036087036,0.947369514390633,10.0,0.0002579689025878906
FLOW-VIDEO_STREAMING-0131,VIDEO_STREAMING,PROFILE-05-TUNNEL-3DESCBC-NOPFS-IPV4,5488324,29.6,True,6051.0,6051,3DES,TUNNEL,4,False,False,"{""bitrate_bps"": 1184981, ""segment_seconds"": 6.0, ""segments"": 5}",6051.0,6303794.0,31.832778930664062,0.005261616352175878,32.874944184591904,0.3326722855726326,0.6650140472649149,26.83820282277296,190.08708015030248,198028.3912293829,6.019554185867309,0.0,0.9281562817566691,1041.7772269046438,659.7136225225797,0.6332578650070307,0.3341596430342092,0.0008264462809917355,6.0569069385528564,0.952863192297967,6.0,0.00028777122497558594
FLOW-VIDEO_STREAMING-0132,VIDEO_STREAMING,PROFILE-06-TUNNEL-AES256GCM-PFS-IPV6,6825875,19.8,True,6613.0,6613,AES-GCM,TUNNEL,6,False,False,"{""bitrate_bps"": 2517029, ""segment_seconds"": 4.0, ""segments"": 5}",6613.0,7156158.0,21.707906007766724,0.003283107381694907,33.85867795318022,0.33282927566913656,0.665053682141237,20.332755012609777,304.63555525042256,329656.76180096075,4.043381261825561,0.0,0.9062474584826103,1082.134885830939,659.6555424626083,0.6095871698619886,0.33403901406320885,0.0007562008469449486,4.1697211265563965,0.9471864088796982,6.0,0.0002028942108154297
FLOW-VIDEO_STREAMING-0133,VIDEO_STREAMING,PROFILE-09-TUNNEL-NATT-CHACHA-IPV4,4334613,18.9,True,10733.0,10733,CHACHA20,TUNNEL,4,False,True,"{""bitrate_bps"": 1212715, ""segment_seconds"": 6.0, ""segments"": 3}",10733.0,11280614.0,21.947069883346558,0.0020450121024363174,49.3576867558343,0.33289853722165286,0.6662629274201062,25.46577701450377,489.04022528056026,513991.802092895,6.038142363230388,0.0,0.9244307091794826,1051.0215224075282,659.6586656796894,0.627635734964436,0.3336439019845337,0.0002795378307864331,6.051970958709717,0.9356969318629592,4.0,0.00038909912109375
FLOW-VIDEO_STREAMING-0134,VIDEO_STREAMING,PROFILE-01-TUNNEL-AES256GCM-PFS-IPV4,4050662,26.1,True,4038.0,4038,AES-GCM,TUNNEL,4,False,False,"{""bitrate_bps"": 747722, ""segment_seconds"": 4.0, ""segments"": 7}",4038.0,4193960.0,29.44071102142334,0.007292720094481878,23.05314279620018,0.33481921743437343,0.6622090143635463,26.26998452475389,137.15701353345844,142454.43994026334,4.040444884981428,0.0,0.9266592909803623,1038.6230807330362,660.5083698704112,0.6359461696193384,0.3350668647845468,0.0017339608620262571,4.148769855499268,0.9756491817298211,8.0,0.0002338886260986328
FLOW-VIDEO_STREAMING-0135,VIDEO_STREAMING,PROFILE-02-TRANSPORT-AES128CBC-PFS-IPV4,3875588,31.7,True,13025.0,13025,AES-CBC,TRANSPORT,4,False,False,"{""bitrate_bps"": 3000000, ""segment_seconds"": 4.0, ""segments"": 8}",13025.0,13457770.0,35.14786100387573,0.002698699401403235,36.93487304905501,0.3328982725527831,0.6654126679462572,27.862611791451304,370.57731617192127,382890.15648821474,4.022821336984634,0.0,0.9307062016961205,1033.226103646833,655.8792234170494,0.634787701454778,0.333742802303263,0.0006142506142506142,4.118305921554565,0.9383468733274464,9.0,0.00022101402282714844
FLOW-VIDEO_STREAMING-0136,VIDEO_STREAMING,PROFILE-03-TUNNEL-AES128GCM-NOPFS-IPV4,3270503,28.3,True,5640.0,5640,AES-GCM,TUNNEL,4,False,False,"{""bitrate_bps"": 1049089, ""segment_seconds"": 4.0, ""segments"": 7}",5640.0,5878824.0,30.15984582901001,0.005348438699948574,26.374219204039985,0.3320921985815603,0.6640070921985816,26.668178994333477,187.0036084393715,194922.216556734,4.006240708487375,0.0,0.9277147946596122,1042.344680851064,659.0323017971997,0.6322594760680378,0.33404255319148934,0.001241354850150736,4.05682897567749,0.960712777326649,8.0,0.0003628730773925781
FLOW-VIDEO_STREAMING-0137,VIDEO_STREAMING,PROFILE-04-TRANSPORT-AES256CBC-PFS-IPV6,6312294,14.9,True,7636.0,7636,AES-CBC,TRANSPORT,6,False,False,"{""bitrate_bps"": 2507877, ""segment_seconds"": 4.0, ""segments"": 4}",7636.0,8217144.0,18.263212203979492,0.00239203827164106,38.47099850272378,0.3328968046097433,0.6647459402828706,20.276803330899373,418.1082667558416,449928.7369726511,4.0214715003967285,0.0,0.9060009171069656,1076.1058145625982,656.2962184579742,0.6098807473916839,0.3340754321634364,0.0005239030779305828,4.053989887237549,0.9455654783846786,5.0,0.00029397010803222656
FLOW-VIDEO_STREAMING-0138,VIDEO_STREAMING,PROFILE-05-TUNNEL-3DESCBC-NOPFS-IPV4,5328069,21.4,False,6020.0,6020,3DES,TUNNEL,4,False,False,"{""bitrate_bps"": 1781249, ""segment_seconds"": 2.0, ""segments"": 10}",6020.0,6263808.0,22.082277059555054,0.0036687617643387693,22.47344235579083,0.33338870431893686,0.6634551495016612,26.481761624386863,272.61681319205854,283657.7035559671,2.02408230304718,0.0,0.9272244615416053,1040.4996677740864,659.7532470627532,0.6340734817091734,0.3343853820598007,0.001661405549094534,2.1129119396209717,0.9700448230248442,11.0,0.0002818107604980469
FLOW-VIDEO_STREAMING-0139,VIDEO_STREAMING,PROFILE-06-TUNNEL-AES256GCM-PFS-IPV6,9977576,43.1,False,11692.0,11692,AES-GCM,TUNNEL,6,False,False,"{""bitrate_bps"": 1209841, ""segment_seconds"": 6.0, ""segments"": 7}",11692.0,12653968.0,44.83883786201477,0.003835329557951824,38.40096220856845,0.33270612384536435,0.6654977762572699,20.45314847026831,260.75608908465665,282209.99034231907,6.020751578467233,0.0,0.9067735907029321,1082.275744098529,659.8771181572099,0.6097125633235438,0.3336469380773178,0.0005987511761183816,6.114557981491089,0.9408443111390059,8.0,0.00022792816162109375
FLOW-VIDEO_STREAMING-0140,VIDEO_STREAMING,PROFILE-09-TUNNEL-NATT-CHACHA-IPV4,2498768,42.2,False,9899.0,9899,CHACHA20,TUNNEL,4,False,True,"{""bitrate_bps"": 644698, ""segment_seconds"": 4.0, ""segments"": 10}",9899.0,10394306.0,42.378098011016846,0.004281480906346418,29.713666509671572,0.33276088493787254,0.6646125871300131,25.249175475900664,233.58764231057754,245275.42499188703,4.004503512382508,0.0,0.9238071305578266,1050.035963228609,659.5592196293142,0.6281301238495942,0.33407414890392967,0.0010103051121438675,4.033431053161621,0.9501593756690415,11.0,0.0002079010009765625
FLOW-VIDEO_STREAMING-0141,VIDEO_STREAMING,PROFILE-01-TUNNEL-AES256GCM-PFS-IPV4,9785240,13.2,True,8831.0,8831,AES-GCM,TUNNEL,4,False,False,"{""bitrate_bps"": 3000000, ""segment_seconds"": 6.0, ""segments"": 2}",8831.0,9209622.0,14.345640182495117,0.0016246478122871027,56.16369148613703,0.33303136677612954,0.6660627335522591,27.188118266405485,615.587724748303,641980.5517803099,6.063588500022888,0.0,0.9290481194559342,1042.874193183105,659.8086478997928,0.6326828798840028,0.33359755407088665,0.00022650056625141563,6.092052936553955,0.9331283484624783,3.0,0.00027298927307128906
FLOW-VIDEO_STREAMING-0142,VIDEO_STREAMING,PROFILE-02-TRANSPORT-AES128CBC-PFS-IPV4,2950922,14.4,True,2752.0,2752,AES-CBC,TRANSPORT,4,False,False,"{""bitrate_bps"": 636189, ""segment_seconds"": 4.0, ""segments"": 4}",2752.0,2831552.0,17.28545308113098,0.006283334453337325,24.45500161894237,0.3321220930232558,0.6613372093023255,26.835086408587774,159.2090173791347,163811.26874197807,4.032431662082672,0.0,0.9281482381393666,1028.906976744186,656.1883703580595,0.6377528631737576,0.33539244186046513,0.0014540167211922936,4.1196160316467285,0.9833960310855707,5.0,0.00037789344787597656
FLOW-VIDEO_STREAMING-0143,VIDEO_STREAMING,PROFILE-03-TUNNEL-AES128GCM-NOPFS-IPV4,8531669,47.4,False,11297.0,11297,AES-GCM,TUNNEL,4,False,False,"{""bitrate_bps"": 1114037, ""segment_seconds"": 4.0, ""segments"": 12}",11297.0,11776830.0,50.88759899139404,0.0045049220070285095,29.028335220057485,0.3328317252367885,0.6657519695494379,26.898585743728237,221.9990768656724,231428.2896701741,4.014330546061198,0.0,0.9283117782968762,1042.4741081703107,659.5860379110385,0.6327121534641327,0.3339824732229795,0.0010623229461756375,4.079594135284424,0.9491410304093331,13.0,0.00021982192993164062
FLOW-VIDEO_STREAMING-0144,VIDEO_STREAMING,PROFILE-04-TRANSPORT-AES256CBC-PFS-IPV6,998632,27.5,True,5626.0,5626,AES-CBC,TRANSPORT,6,False,False,"{""bitrate_bps"": 998535, ""segment_seconds"": 6.0, ""segments"": 5}",5626.0,6062860.0,31.44445300102234,0.005590124977959527,31.993962086451152,0.33238535371489514,0.6660149306789904,20.25916939001641,178.91867922832319,192811.74965272512,6.001606750488281,0.0,0.9059229472559155,1077.6501955207964,655.7154858336274,0.6084678391551162,0.33380732314255246,0.0008888888888888889,6.016648054122925,0.9494507331120137,6.0,0.00023698806762695312
FLOW-VIDEO_STREAMING-0145,VIDEO_STREAMING,PROFILE-05-TUNNEL-3DESCBC-NOPFS-IPV4,5730310,20.7,True,8226.0,8226,3DES,TUNNEL,4,False,False,"{""bitrate_bps"": 1208169, ""segment_seconds"": 4.0, ""segments"": 5}",8226.0,8568132.0,22.114492893218994,0.002688692145072218,37.294501241362084,0.33296863603209337,0.6648431801604668,26.943448653725735,371.9732593335818,387444.1996645223,4.067393684387207,0.0,0.9284268729753463,1041.5915390226112,659.989936080175,0.6336360380763881,0.33406272793581326,0.0006079027355623101,4.189924001693726,0.9440385842761879,6.0,0.00019407272338867188
FLOW-VIDEO_STREAMING-0146,VIDEO_STREAMING,PROFILE-06-TUNNEL-AES256GCM-PFS-IPV6,5743370,29.1,False,11439.0,11439,AES-GCM,TUNNEL,6,False,False,"{""bitrate_bps"": 1936600, ""segment_seconds"": 4.0, ""segments"": 7}",11439.0,12380266.0,31.703854084014893,0.0027718004969413267,35.90896378368127,0.3329836524171693,0.6649182620858467,20.40129857108778,360.80786801777367,390497.19214554864,4.024480751582554,0.0,0.9065477268420565,1082.2856893085059,659.6469860453728,0.6094943253539965,0.3340326951656613,0.0006119951040391676,4.103125095367432,0.9432364938985158,8.0,0.0003230571746826172
FLOW-VIDEO_STREAMING-0147,VIDEO_STREAMING,PROFILE-09-TUNNEL-NATT-CHACHA-IPV4,1324040,31.8,False,4777.0,4777,CHACHA20,TUNNEL,4,False,True,"{""bitrate_bps"": 658566, ""segment_seconds"": 6.0, ""segments"": 5}",4777.0,5018274.0,31.881092071533203,0.00667527053424062,29.18163173612264,0.33221687251413023,0.665689763449864,24.955694631219615,149.838029051251,157405.9630310106,6.0236852169036865,0.0,0.9229456183540397,1050.5074314423277,659.1037516902886,0.6274146493046232,0.3341009001465355,0.0010469011725293131,6.077445030212402,0.9639132353894302,6.0,0.0003631114959716797
FLOW-VIDEO_STREAMING-0148,VIDEO_STREAMING,PROFILE-01-TUNNEL-AES256GCM-PFS-IPV4,9195653,18.4,False,9461.0,9461,AES-GCM,TUNNEL,4,False,False,"{""bitrate_bps"": 1959597, ""segment_seconds"": 6.0, ""segments"": 3}",9461.0,9865622.0,20.627469062805176,0.002180493558436065,48.97063694767292,0.33305147447415706,0.6661029489483141,27.152742900191765,458.66024431760206,478275.9324453134,5.997276306152344,0.0,0.9289589647768788,1042.7673607441075,659.735478580322,0.6326775304028905,0.3337913539794948,0.0003171247357293869,5.998281002044678,0.9361295055322068,4.0,0.0003020763397216797
FLOW-VIDEO_STREAMING-0149,VIDEO_STREAMING,PROFILE-02-TRANSPORT-AES128CBC-PFS-IPV4,3173304,13.3,False,6183.0,6183,AES-CBC,TRANSPORT,4,False,False,"{""bitrate_bps"": 2880627, ""segment_seconds"": 4.0, ""segments"": 3}",6183.0,6390518.0,14.179986000061035,0.0022937538013686567,38.382506153633926,0.33284813197476953,0.6661814653081028,27.85682934759049,436.03710186832245,450671.67202933016,3.997525612513224,0.0,0.93069231633492,1033.562671842148,655.8687499448761,0.6345708565266804,0.33381853469189715,0.00048527984471044967,3.9982030391693115,0.941730214478723,4.0,0.00037288665771484375
FLOW-VIDEO_STREAMING-0150,VIDEO_STREAMING,PROFILE-03-TUNNEL-AES128GCM-NOPFS-IPV4,2816689,39.2,True,7764.0,7764,AES-GCM,TUNNEL,4,False,False,"{""bitrate_bps"": 513097, ""segment_seconds"": 4.0, ""segments"": 10}",7764.0,8078880.0,42.201355934143066,0.005436217433227241,26.52310579198678,0.33359093250901595,0.6638330757341576,26.691864729795505,183.9751313231745,191436.5029551994,4.019871997833252,0.0,0.927776622502129,1040.5564142194744,660.0799520183326,0.6343528740952131,0.3344925296239052,0.001288161793121216,4.075581073760986,0.959653455369027,11.0,0.00022792816162109375
FLOW-VIDEO_STREAMING-0151,VIDEO_STREAMING,PROFILE-04-TRANSPORT-AES256CBC-PFS-IPV6,9837692,29.2,False,10955.0,10955,AES-CBC,TRANSPORT,6,False,False,"{""bitrate_bps"": 1856053, ""segment_seconds"": 4.0, ""segments"": 7}",10955.0,11806130.0,33.112138986587524,0.003022835401368224,33.77307671034966,0.3326335006846189,0.6661798265632132,20.32918413065472,330.8454341906893,356549.9046975557,4.039789881025042,0.0,0.9062317626521138,1077.6932907348244,655.7756288165813,0.6084993146514266,0.33372889091738933,0.0006390359685959466,4.11060905456543,0.9440498765431748,8.0,0.00047898292541503906
FLOW-VIDEO_STREAMING-0152,VIDEO_STREAMING,PROFILE-05-TUNNEL-3DESCBC-NOPFS-IPV4,1798660,50.4,True,17335.0,17335,3DES,TUNNEL,4,False,False,"{""bitrate_bps"": 1800000, ""segment_seconds"": 2.0, ""segments"": 23}",17335.0,18065450.0,50.95575714111328,0.002939642156519746,25.23024413878825,0.33267955004326505,0.6645514854340929,26.8072030637187,340.1970841487778,354532.0688685052,2.0367070591968037,0.0,0.9280761896326967,1042.1372944909144,659.4917437653068,0.6328261614391887,0.3342370925872512,0.0013268720433829467,2.1999480724334717,0.9520140690558836,24.0,0.00021505355834960938
FLOW-VIDEO_STREAMING-0153,VIDEO_STREAMING,PROFILE-06-TUNNEL-AES256GCM-PFS-IPV6,7803769,44.7,False,4465.0,4465,AES-GCM,TUNNEL,6,False,False,"{""bitrate_bps"": 341348, ""segment_seconds"": 6.0, ""segments"": 8}",4465.0,4832762.0,49.62932991981506,0.011117681433650328,22.932861355911427,0.33191489361702126,0.665397536394177,20.124612062559557,89.96696121454784,97377.13581481313,6.0282372534275055,0.0,0.9053237051607341,1082.365509518477,659.0504954406039,0.608898278488015,0.33437849944008957,0.0017921146953405018,6.068434953689575,0.9730417737644316,9.0,0.00028395652770996094
FLOW-VIDEO_STREAMING-0154,VIDEO_STREAMING,PROFILE-09-TUNNEL-NATT-CHACHA-IPV4,8700624,11.5,True,2849.0,2849,CHACHA20,TUNNEL,4,False,True,"{""bitrate_bps"": 1586793, ""segment_seconds"": 2.0, ""segments"": 5}",2849.0,2988666.0,11.87168002128601,0.004168426973766156,20.55044282679071,0.3316953316953317,0.6633906633906634,24.457120954003408,239.9828832053864,251747.5196974059,2.0452529907226564,0.0,0.9214365205078119,1049.022815022815,658.9496986426084,0.628155736182227,0.33485433485433486,0.0017556179775280898,2.177762985229492,0.9827924351427245,6.0,0.0005848407745361328
FLOW-VIDEO_STREAMING-0155,VIDEO_STREAMING,PROFILE-01-TUNNEL-AES256GCM-PFS-IPV4,7361123,45.9,False,10394.0,10394,AES-GCM,TUNNEL,4,False,False,"{""bitrate_bps"": 1872400, ""segment_seconds"": 4.0, ""segments"": 11}",10394.0,10831112.0,46.85688281059265,0.004508504071066358,29.101952167943328,0.33288435635943814,0.6654800846642294,26.84676851247191,221.82440180699112,231153.0633350513,4.035047379407016,0.0,0.9281783809455576,1042.0542620742735,659.6037936916435,0.6329841138777758,0.3343274966326727,0.0010584046954681034,4.110731840133667,0.9531337647257302,12.0,0.0002079010009765625
FLOW-VIDEO_STREAMING-0156,VIDEO_STREAMING,PROFILE-02-TRANSPORT-AES128CBC-PFS-IPV4,8717427,22.8,True,7104.0,7104,AES-CBC,TRANSPORT,4,False,False,"{""bitrate_bps"": 1654005, ""segment_seconds"": 4.0, ""segments"": 6}",7104.0,7341760.0,25.75487184524536,0.003625914662149143,32.230403042512705,0.33248873873873874,0.6649774774774775,27.76166448590076,275.8313084485986,285062.9598980269,4.022435347239177,0.0,0.9304629952490956,1033.4684684684685,655.6084351020124,0.6343768146826778,0.33375563063063063,0.0008447135013374631,4.1157050132751465,0.947427429873414,7.0,0.00019598007202148438
FLOW-VIDEO_STREAMING-0157,VIDEO_STREAMING,PROFILE-03-TUNNEL-AES128GCM-NOPFS-IPV4,1775217,25.2,True,4213.0,4213,AES-GCM,TUNNEL,4,False,False,"{""bitrate_bps"": 793534, ""segment_seconds"": 2.0, ""segments"": 12}",4213.0,4377086.0,25.847727060317993,0.006136687336257833,17.683851502490413,0.33159268929503916,0.6608117730833135,25.833862602533134,162.99305506316227,169341.23413581692,2.035045802593231,0.0,0.9254673086158234,1038.9475433183004,659.1646371340883,0.6344542045200652,0.3353904581058628,0.002849002849002849,2.2411489486694336,0.9982980015194669,13.0,0.0002808570861816406
FLOW-VIDEO_STREAMING-0158,VIDEO_STREAMING,PROFILE-04-TRANSPORT-AES256CBC-PFS-IPV6,8754942,17.2,True,6991.0,6991,AES-CBC,TRANSPORT,6,False,False,"{""bitrate_bps"": 1860421, ""segment_seconds"": 4.0, ""segments"": 4}",6991.0,7530586.0,17.92708992958069,0.0025646766708985248,37.7662036327308,0.3325704477184952,0.6652839364897726,20.2864314505871,389.96847940526385,420067.3968603302,4.0498406291008,0.0,0.906043434070071,1077.1829495065083,655.7142399691542,0.6087306156020736,0.3337147761407524,0.0005722460658082976,4.117757797241211,0.9443543603547505,5.0,0.00024700164794921875
FLOW-VIDEO_STREAMING-0159,VIDEO_STREAMING,PROFILE-05-TUNNEL-3DESCBC-NOPFS-IPV4,2787638,32.8,True,4301.0,4301,3DES,TUNNEL,4,False,False,"{""bitrate_bps"": 666369, ""segment_seconds"": 4.0, ""segments"": 8}",4301.0,4481254.0,34.43702721595764,0.008008610980455265,21.636532531652286,0.33224831434550106,0.6642641246221809,26.43311376658994,124.89463660809189,130128.94440329184,4.021295577287674,0.0,0.9270954067767638,1041.9097884212974,659.3086916924237,0.632788653124575,0.3348058591025343,0.0018604651162790699,4.077362060546875,0.9580432511486422,9.0,0.0005328655242919922
FLOW-VIDEO_STREAMING-0160,VIDEO_STREAMING,PROFILE-06-TUNNEL-AES256GCM-PFS-IPV6,730071,49.7,True,19896.0,19896,AES-GCM,TUNNEL,6,False,False,"{""bitrate_bps"": 3000000, ""segment_seconds"": 4.0, ""segments"": 11}",19896.0,21535160.0,52.437561988830566,0.002635715606374997,35.72192754602488,0.33308202653799757,0.6655106554081223,20.48269924843532,379.42267423184046,410681.9459796221,4.0054732669483535,0.0,0.9069018293804179,1082.3864093285083,659.8524919115047,0.6096274733538686,0.33378568556493765,0.0005529027393817543,4.0492939949035645,0.9360515047880897,12.0,0.0004699230194091797
FLOW-VIDEO_STREAMING-0161,VIDEO_STREAMING,PROFILE-09-TUNNEL-NATT-CHACHA-IPV4,9230754,16.6,True,10662.0,10662,CHACHA20,TUNNEL,4,False,True,"{""bitrate_bps"": 3000000, ""segment_seconds"": 6.0, ""segments"": 3}",10662.0,11201744.0,21.069331884384155,0.001976299773415642,51.014106172849395,0.33314575126617896,0.665822547364472,25.49544443918823,506.04357359344164,531661.092125201,6.011017322540283,0.0,0.9245153254707481,1050.6231476270868,659.9035282892568,0.6281067857487241,0.3337084974676421,0.0002813994934809117,6.0376200675964355,0.9333107677822554,4.0,0.00031113624572753906
FLOW-VIDEO_STREAMING-0162,VIDEO_STREAMING,PROFILE-01-TUNNEL-AES256GCM-PFS-IPV4,4245500,59.2,True,2874.0,2874,AES-GCM,TUNNEL,4,False,False,"{""bitrate_bps"": 300000, ""segment_seconds"": 2.0, ""segments"": 29}",2874.0,2961508.0,60.52897000312805,0.021068210930430927,9.598198059246183,0.3291579679888657,0.6471816283924844,23.38338163614807,47.48139609597645,48927.1170457213,2.023044438197695,0.0,0.9179769225678269,1030.448155880306,656.6915237785831,0.637287300706143,0.3409881697981907,0.010093978419770276,2.1144020557403564,1.1196702971989172,30.0,0.00035309791564941406
FLOW-VIDEO_STREAMING-0163,VIDEO_STREAMING,PROFILE-02-TRANSPORT-AES128CBC-PFS-IPV4,5340373,5.1,True,748.0,748,AES-CBC,TRANSPORT,4,False,False,"{""bitrate_bps"": 546881, ""segment_seconds"": 2.0, ""segments"": 3}",748.0,768008.0,6.654941082000732,0.008908890337350378,14.91316663990416,0.3302139037433155,0.6537433155080213,25.057135102123905,112.39768929330961,115404.17721761514,2.1007866064707437,0.0,0.9232455911917584,1026.7486631016043,653.4876535179156,0.6364631160500944,0.3382352941176471,0.004016064257028112,2.10707688331604,1.0636978329524835,4.0,0.0003039836883544922
FLOW-VIDEO_STREAMING-0164,VIDEO_STREAMING,PROFILE-03-TUNNEL-AES128GCM-NOPFS-IPV4,4509225,54.1,True,11671.0,11671,AES-GCM,TUNNEL,4,False,False,"{""bitrate_bps"": 1175107, ""segment_seconds"": 6.0, ""segments"": 9}",11671.0,12162730.0,56.83215808868408,0.00486993642576556,34.2222925365482,0.33296204266986545,0.6650672607317282,27.02808170564215,205.3590852873811,214011.404969359,6.003750403722127,0.0,0.928642993801556,1042.1326364493189,659.7342095135061,0.63306165303613,0.3339902321994688,0.0007712082262210797,6.021338939666748,0.9432786458511453,10.0,0.0002288818359375
FLOW-VIDEO_STREAMING-0165,VIDEO_STREAMING,PROFILE-04-TRANSPORT-AES256CBC-PFS-IPV6,9696819,35.1,True,11175.0,11175,AES-CBC,TRANSPORT,6,False,False,"{""bitrate_bps"": 1388287, ""segment_seconds"": 6.0, ""segments"": 6}",11175.0,12036362.0,38.998947858810425,0.0034901510523367126,40.0915025318692,0.3330648769574944,0.6650559284116331,20.323222409614647,286.5461919756742,308632.9929611373,6.039829174677531,0.0,0.9062055461608749,1077.0793736017897,655.952103928599,0.609009994997001,0.3339597315436242,0.0005369608018614641,6.178225040435791,0.94061465341468,7.0,0.0002498626708984375
FLOW-VIDEO_STREAMING-0166,VIDEO_STREAMING,PROFILE-05-TUNNEL-3DESCBC-NOPFS-IPV4,2813569,22.6,False,6069.0,6069,3DES,TUNNEL,4,False,False,"{""bitrate_bps"": 1611925, ""segment_seconds"": 2.0, ""segments"": 11}",6069.0,6320654.0,24.149733781814575,0.003979850656198843,21.796090551241132,0.33267424616905583,0.6648541769649036,26.39653244332712,251.30711811697597,261727.6884749607,2.0384795665740967,0.0,0.9269980606437245,1041.465480309771,659.3415343048418,0.6330901472689511,0.334981051244027,0.0018127883981542518,2.1737351417541504,0.9705789399091411,12.0,0.00023984909057617188
FLOW-VIDEO_STREAMING-0167,VIDEO_STREAMING,PROFILE-06-TUNNEL-AES256GCM-PFS-IPV6,6022361,56.5,True,7819.0,7819,AES-GCM,TUNNEL,6,False,False,"{""bitrate_bps"": 1510000, ""segment_seconds"": 2.0, ""segments"": 26}",7819.0,8445226.0,58.541215896606445,0.0074880040798933805,15.752035506163605,0.33201176621051287,0.6632561708658397,19.71644859171168,133.56401776501633,144261.1990655554,2.048388875447787,0.0,0.9034583562358189,1080.0902928763269,658.837851464807,0.6099840502318501,0.3359764675789743,0.00332565873624968,2.150705099105835,1.0017391286279356,27.0,0.0006330013275146484
FLOW-VIDEO_STREAMING-0168,VIDEO_STREAMING,PROFILE-09-TUNNEL-NATT-CHACHA-IPV4,4797411,16.0,True,5272.0,5272,CHACHA20,TUNNEL,4,False,True,"{""bitrate_bps"": 1620000, ""segment_seconds"": 2.0, ""segments"": 8}",5272.0,5530008.0,17.59766387939453,0.0033385816504258267,23.398393656393157,0.3330804248861912,0.6638846737481032,24.909200798358306,299.5852197275511,314246.7112623512,2.0064710676670074,0.0,0.9228073449441665,1048.9393019726858,659.6687707170041,0.6288912709023289,0.3344081942336874,0.0015177385695313982,2.0582878589630127,0.9705342738753886,9.0,0.00024700164794921875
FLOW-VIDEO_STREAMING-0169,VIDEO_STREAMING,PROFILE-01-TUNNEL-AES256GCM-PFS-IPV4,2240491,45.1,False,3906.0,3906,AES-GCM,TUNNEL,4,False,False,"{""bitrate_bps"": 646066, ""segment_seconds"": 4.0, ""segments"": 11}",3906.0,4065140.0,45.54882788658142,0.01166423249336272,18.254504603287266,0.3317972350230415,0.662826420890937,26.0919026991003,85.75412763037748,89247.96067469347,4.017592256719416,0.0,0.9261772042291286,1040.742447516641,658.8668449938971,0.6330738662250653,0.33512544802867383,0.0028169014084507044,4.049227952957153,0.9939395136570478,12.0,0.00026679039001464844
FLOW-VIDEO_STREAMING-0170,VIDEO_STREAMING,PROFILE-02-TRANSPORT-AES128CBC-PFS-IPV4,4032901,57.2,True,7155.0,7155,AES-CBC,TRANSPORT,4,False,False,"{""bitrate_bps"": 681485, ""segment_seconds"": 6.0, ""segments"": 10}",7155.0,7375934.0,62.90906000137329,0.008793550461472364,25.687394332599563,0.3344514325646401,0.663591893780573,27.284992253769577,113.7356050121208,117247.56338497165,6.045968747138977,0.0,0.9292911243511669,1030.8782669461914,656.4160363018472,0.6367541710296916,0.33459119496855344,0.0013978194017332962,6.150377988815308,0.9612156171089752,11.0,0.00034117698669433594
FLOW-VIDEO_STREAMING-0171,VIDEO_STREAMING,PROFILE-03-TUNNEL-AES128GCM-NOPFS-IPV4,3209293,15.7,True,5785.0,5785,AES-GCM,TUNNEL,4,False,False,"{""bitrate_bps"": 2849322, ""segment_seconds"": 2.0, ""segments"": 7}",5785.0,6028826.0,15.820904970169067,0.0027352878579130478,25.711581044053666,0.332238547968885,0.6653414001728608,26.76520705917029,365.65544201850923,381067.07621135365,2.0224391392299106,0.0,0.9279674019452544,1042.1479688850475,659.4464729655784,0.6327762397033637,0.33396715643906655,0.0012102351313969572,2.074622869491577,0.9572956490302433,8.0,0.0002589225769042969
FLOW-VIDEO_STREAMING-0172,VIDEO_STREAMING,PROFILE-04-TRANSPORT-AES256CBC-PFS-IPV6,2313926,32.8,False,4463.0,4463,AES-CBC,TRANSPORT,6,False,False,"{""bitrate_bps"": 823357, ""segment_seconds"": 4.0, ""segments"": 8}",4463.0,4802394.0,33.3554949760437,0.0074754583092881445,22.744555170013093,0.3325117633878557,0.6639032041227874,19.957425267292166,133.8010424730731,143976.097594988,4.018992990255356,0.0,0.9045684298289561,1076.0461572933004,655.5351559513994,0.6092072830782096,0.334528344163119,0.0017929179740026895,4.076646089553833,0.9780159418011908,9.0,0.0001919269561767578
FLOW-VIDEO_STREAMING-0173,VIDEO_STREAMING,PROFILE-05-TUNNEL-3DESCBC-NOPFS-IPV4,7714522,22.4,True,3049.0,3049,3DES,TUNNEL,4,False,False,"{""bitrate_bps"": 754973, ""segment_seconds"": 2.0, ""segments"": 11}",3049.0,3176374.0,23.523980855941772,0.007717841488169873,15.80076981826562,0.32994424401443095,0.6644801574286652,25.511317731112076,129.6124163113265,135027.06108510116,2.0327741449529473,0.0,0.9245605208958391,1041.775664152181,657.6374200420001,0.6312658691035937,0.3351918661856346,0.0036089238845144356,2.2015490531921387,1.0164985521407996,12.0,0.00023508071899414062
FLOW-VIDEO_STREAMING-0174,VIDEO_STREAMING,PROFILE-06-TUNNEL-AES256GCM-PFS-IPV6,5411190,7.8,False,3568.0,3568,AES-GCM,TUNNEL,6,False,False,"{""bitrate_bps"": 1655930, ""segment_seconds"": 2.0, ""segments"": 4}",3568.0,3858100.0,9.156529903411865,0.002567011467174619,26.63769818123551,0.33239910313901344,0.6628363228699552,20.04272795697752,389.66726889304516,421349.57682630536,2.042222559452057,0.0,0.9049552888727612,1081.3060538116592,659.1580497742599,0.6095943395958008,0.33492152466367714,0.00112139052425007,2.128093957901001,0.9709009487618377,5.0,0.0002238750457763672
FLOW-VIDEO_STREAMING-0175,VIDEO_STREAMING,PROFILE-09-TUNNEL-NATT-CHACHA-IPV4,1848921,32.1,False,6203.0,6203,CHACHA20,TUNNEL,4,False,True,"{""bitrate_bps"": 783407, ""segment_seconds"": 2.0, ""segments"": 15}",6203.0,6492230.0,32.18058896064758,0.005188743785979939,19.281263117503553,0.33225858455586005,0.6617765597291633,24.515358978792975,192.75595010350534,201743.6662809093,2.03648263613383,0.0,0.9216158392416781,1046.6274383362888,659.996891771562,0.6305939129788993,0.3353216185716589,0.002418574653337633,2.086639881134033,0.9820385333719396,16.0,0.0001900196075439453
FLOW-VIDEO_STREAMING-0176,VIDEO_STREAMING,PROFILE-01-TUNNEL-AES256GCM-PFS-IPV4,6927684,33.2,False,10256.0,10256,AES-GCM,TUNNEL,4,False,False,"{""bitrate_bps"": 1416800, ""segment_seconds"": 6.0, ""segments"": 5}",10256.0,10699800.0,33.9276180267334,0.0033083976622850703,40.42234158051846,0.3326833073322933,0.6662441497659907,27.096738616669292,302.29059970902597,315371.38833528047,6.057864189147949,0.0,0.9288173610721696,1043.2722308892355,659.6559360541686,0.6322951158125902,0.33365834633385333,0.00048756704046806434,6.138715982437134,0.9318067666103196,6.0,0.0003769397735595703
FLOW-VIDEO_STREAMING-0177,VIDEO_STREAMING,PROFILE-02-TRANSPORT-AES128CBC-PFS-IPV4,5919240,31.1,True,13225.0,13225,AES-CBC,TRANSPORT,4,False,False,"{""bitrate_bps"": 2466078, ""segment_seconds"": 4.0, ""segments"": 6}",13225.0,13670714.0,31.142964839935303,0.002355033638833583,36.45618383704506,0.33277882797731567,0.6656332703213611,27.932483111254086,424.65449477826513,438966.36271668476,4.03155779838562,0.0,0.9308735447175619,1033.702381852552,655.8167652119388,0.6344348012786962,0.33361058601134214,0.00045372050816696913,4.136897802352905,0.9382491806940055,7.0,0.0005869865417480469
FLOW-VIDEO_STREAMING-0178,VIDEO_STREAMING,PROFILE-03-TUNNEL-AES128GCM-NOPFS-IPV4,7938791,51.9,True,23203.0,23203,AES-GCM,TUNNEL,4,False,False,"{""bitrate_bps"": 3000000, ""segment_seconds"": 6.0, ""segments"": 8}",23203.0,24186442.0,57.07480001449585,0.00245990862919127,45.4877215578002,0.3334913588760074,0.6657328793690471,27.18689530273613,406.5366850888116,423767.4419158215,6.027053862810135,0.0,0.929045041019262,1042.3842606559497,660.0357749009867,0.6331981398929034,0.33370684825238117,0.000344797862253254,6.175628900527954,0.9330950856933523,9.0,0.0004279613494873047
FLOW-VIDEO_STREAMING-0179,VIDEO_STREAMING,PROFILE-04-TRANSPORT-AES256CBC-PFS-IPV6,843116,15.8,False,3162.0,3162,AES-CBC,TRANSPORT,6,False,False,"{""bitrate_bps"": 694115, ""segment_seconds"": 2.0, ""segments"": 8}",3162.0,3401516.0,17.26018500328064,0.005460355901069484,18.58333248590288,0.3314358001265022,0.6625553447185326,19.694262943359494,183.19618239312032,197072.97455696302,2.019390255212784,0.0,0.9033548570696125,1075.7482605945604,654.8820250026123,0.6087688439678838,0.3349146110056926,0.002530844669408415,2.088179111480713,0.9918471036262754,9.0,0.00029087066650390625
FLOW-VIDEO_STREAMING-0180,VIDEO_STREAMING,PROFILE-05-TUNNEL-3DESCBC-NOPFS-IPV4,8934690,19.1,True,5891.0,5891,3DES,TUNNEL,4,False,False,"{""bitrate_bps"": 1463429, ""segment_seconds"": 6.0, ""segments"": 3}",5891.0,6142426.0,19.678849935531616,0.0033410611095978974,40.60544760743766,0.33271091495501615,0.6654218299100323,26.988052819115488,299.3569247846829,312133.38280045503,6.0128227074941,0.0,0.928540938059327,1042.6796808691224,659.5678608930384,0.632569976182194,0.3338991682227126,0.0005093378607809847,6.044328927993774,0.9402371289813132,4.0,0.0002799034118652344
FLOW-VIDEO_STREAMING-0181,VIDEO_STREAMING,PROFILE-06-TUNNEL-AES256GCM-PFS-IPV6,951564,22.6,False,4874.0,4874,AES-GCM,TUNNEL,6,False,False,"{""bitrate_bps"": 1133664, ""segment_seconds"": 4.0, ""segments"": 5}",4874.0,5277276.0,22.618741035461426,0.004641646015896045,27.65917465051692,0.3321707016823964,0.6657775954041855,20.285518376302797,215.48502599497442,233314.3118675943,4.010319614410401,0.0,0.9060394036620408,1082.7402544111612,659.28408983719,0.608903277726324,0.3340172343044727,0.0010260619741432383,4.028247833251953,0.957993326070261,6.0,0.0005571842193603516
FLOW-VIDEO_STREAMING-0182,VIDEO_STREAMING,PROFILE-09-TUNNEL-NATT-CHACHA-IPV4,4220373,25.0,False,4070.0,4070,CHACHA20,TUNNEL,4,False,True,"{""bitrate_bps"": 981456, ""segment_seconds"": 2.0, ""segments"": 12}",4070.0,4256592.0,25.730386972427368,0.006323516090544942,17.304906059481663,0.3324324324324324,0.6606879606879607,24.371289607324226,158.1787325764437,165430.54733538814,2.0177969535191855,0.0,0.9211707394084282,1045.8457002457003,659.7337887471411,0.6308136932552766,0.3356265356265356,0.0029491275497665276,2.0854029655456543,0.9891848287745313,13.0,0.0002968311309814453
FLOW-VIDEO_STREAMING-0183,VIDEO_STREAMING,PROFILE-01-TUNNEL-AES256GCM-PFS-IPV4,5263332,24.6,True,3093.0,3093,AES-GCM,TUNNEL,4,False,False,"{""bitrate_bps"": 332021, ""segment_seconds"": 2.0, ""segments"": 12}",3093.0,3214058.0,25.847275972366333,0.008359403613313821,15.11399056083494,0.33074684772065954,0.659877141933398,25.515130015839492,119.66444755365198,124348.035879533,2.031698306401571,0.0,0.9245713674115402,1039.1393469123827,658.2852095041316,0.6334907935688401,0.3355965082444229,0.0038809831824062097,2.1262969970703125,1.0135001792560532,13.0,0.0003769397735595703
FLOW-VIDEO_STREAMING-0184,VIDEO_STREAMING,PROFILE-02-TRANSPORT-AES128CBC-PFS-IPV4,120133,29.5,False,2166.0,2166,AES-CBC,TRANSPORT,4,False,False,"{""bitrate_bps"": 300000, ""segment_seconds"": 6.0, ""segments"": 5}",2166.0,2232284.0,30.890554904937744,0.014268154690502423,20.28202925619932,0.3314866112650046,0.6611265004616805,26.58494389797835,70.11852026179604,72264.28942016764,6.028838205337524,0.0,0.9274966805298968,1030.6020313942752,655.1025375433866,0.6356503457082411,0.33518005540166207,0.0023094688221709007,6.095382928848267,0.9933485223895061,6.0,0.0002849102020263672
FLOW-VIDEO_STREAMING-0185,VIDEO_STREAMING,PROFILE-03-TUNNEL-AES128GCM-NOPFS-IPV4,2961632,41.4,False,11480.0,11480,AES-GCM,TUNNEL,4,False,False,"{""bitrate_bps"": 1425313, ""segment_seconds"": 6.0, ""segments"": 7}",11480.0,11965328.0,45.07758188247681,0.003926960700625212,37.79194998103545,0.33301393728222994,0.6650696864111498,27.028672088752295,254.67204585041566,265438.55061247933,6.0117136750902445,0.0,0.928644496832849,1042.2759581881533,659.6801477733161,0.6329227327857346,0.33397212543554006,0.0006098092168307344,6.0625,0.9410014350011419,8.0,0.00026988983154296875
FLOW-VIDEO_STREAMING-0186,VIDEO_STREAMING,PROFILE-04-TRANSPORT-AES256CBC-PFS-IPV6,6241610,40.8,True,9444.0,9444,AES-CBC,TRANSPORT,6,False,False,"{""bitrate_bps"": 1367377, ""segment_seconds"": 2.0, ""segments"": 19}",9444.0,10157352.0,40.94749903678894,0.004336280740949798,20.879683059241703,0.33163913595933925,0.663701821262177,19.987999008182495,230.63679643816872,248057.93366950718,2.0201660582893775,0.0,0.9047074473740794,1075.5349428208385,655.7836614765042,0.6097278994549078,0.3341804320203304,0.002012072434607646,2.139918088912964,0.9731236943216452,20.0,0.00021505355834960938
FLOW-VIDEO_STREAMING-0187,VIDEO_STREAMING,PROFILE-05-TUNNEL-3DESCBC-NOPFS-IPV4,7822535,30.4,False,1974.0,1974,3DES,TUNNEL,4,False,False,"{""bitrate_bps"": 300000, ""segment_seconds"": 2.0, ""segments"": 15}",1974.0,2040748.0,31.42639994621277,0.015928231092859995,11.095906240255443,0.3282674772036474,0.6534954407294833,24.136079223530572,62.81343085363136,64937.37760267806,2.0344558715820313,0.0,0.9204330961000574,1033.8135764944275,657.2778329165353,0.6357798425759774,0.3373860182370821,0.007602635580334516,2.1258509159088135,1.0705815095201816,16.0,0.00021195411682128906
FLOW-VIDEO_STREAMING-0188,VIDEO_STREAMING,PROFILE-06-TUNNEL-AES256GCM-PFS-IPV6,4448816,46.8,True,13482.0,13482,AES-GCM,TUNNEL,6,False,False,"{""bitrate_bps"": 1421517, ""segment_seconds"": 4.0, ""segments"": 10}",13482.0,14590708.0,46.834879875183105,0.003474139891342119,31.53992571819946,0.3328141225337487,0.6651090342679128,20.406366727992417,287.8623802586894,311535.078960058,4.024809193611145,0.0,0.9065698525390269,1082.2361667408397,659.7617304913778,0.6096282408286667,0.333852544132918,0.0007417847340701728,4.0934669971466064,0.943687262225792,11.0,0.0005340576171875
FLOW-VIDEO_STREAMING-0189,VIDEO_STREAMING,PROFILE-09-TUNNEL-NATT-CHACHA-IPV4,9594439,6.5,True,1310.0,1310,CHACHA20,TUNNEL,4,False,True,"{""bitrate_bps"": 800911, ""segment_seconds"": 2.0, ""segments"": 3}",1310.0,1365376.0,6.578163146972656,0.005025334718848477,19.226652298175914,0.33587786259541985,0.6580152671755726,23.710898758460925,199.1437382642108,207561.89372231686,2.0203096866607666,0.0,0.9190640526858536,1042.2717557251908,660.9641715497797,0.6341572319494494,0.3366412213740458,0.002291825821237586,2.0574910640716553,1.0195846927453978,4.0,0.0002720355987548828
FLOW-VIDEO_STREAMING-0190,VIDEO_STREAMING,PROFILE-01-TUNNEL-AES256GCM-PFS-IPV4,5129733,28.2,False,15332.0,15332,AES-GCM,TUNNEL,4,False,False,"{""bitrate_bps"": 3000000, ""segment_seconds"": 6.0, ""segments"": 5}",15332.0,15983740.0,33.6280038356781,0.0021934644730075077,49.67079122851249,0.33328985129141664,0.6658622488912079,27.21250803109357,455.9295304865316,475310.40135786554,6.033936357498169,0.0,0.9291094574861704,1042.5084789981738,660.0053215824064,0.6330934806560576,0.33368118966866683,0.0003261365860022177,6.076510906219482,0.9323776231509137,6.0,0.00023102760314941406
FLOW-VIDEO_STREAMING-0191,VIDEO_STREAMING,PROFILE-02-TRANSPORT-AES128CBC-PFS-IPV4,1137410,23.1,False,11446.0,11446,AES-CBC,TRANSPORT,4,False,False,"{""bitrate_bps"": 2369471, ""segment_seconds"": 4.0, ""segments"": 6}",11446.0,11823868.0,26.870622873306274,0.0023478045323989754,39.17997178724361,0.3327800104840119,0.6654726542023415,27.890705709301134,425.9670516000821,440029.54660742264,4.018608848253886,0.0,0.9307735844141697,1033.0131050148523,656.0352944270825,0.635069672632711,0.33365367814083524,0.0005242463958060288,4.049377918243408,0.9385992966191357,7.0,0.00024700164794921875
FLOW-VIDEO_STREAMING-0192,VIDEO_STREAMING,PROFILE-03-TUNNEL-AES128GCM-NOPFS-IPV4,9478263,42.3,True,14064.0,14064,AES-GCM,TUNNEL,4,False,False,"{""bitrate_bps"": 1620000, ""segment_seconds"": 2.0, ""segments"": 20}",14064.0,14651068.0,43.513996839523315,0.0030942186474808586,24.58664673232363,0.33248009101251425,0.6642491467576792,26.79213378708035,323.20634787622663,336697.82286449464,2.018341612815857,0.0,0.9280371915549092,1041.7426052332196,659.4637259739221,0.6330390277416801,0.33411547212741755,0.0014221716561188934,2.1629750728607178,0.9570629973628672,21.0,0.00018787384033203125
FLOW-VIDEO_STREAMING-0193,VIDEO_STREAMING,PROFILE-04-TRANSPORT-AES256CBC-PFS-IPV6,4431400,47.8,True,14358.0,14358,AES-CBC,TRANSPORT,6,False,False,"{""bitrate_bps"": 1163204, ""segment_seconds"": 6.0, ""segments"": 8}",14358.0,15462756.0,52.16036510467529,0.003633096406260033,39.182829828607886,0.33291544783396015,0.6653433625853183,20.333647900265728,275.2664781235024,296446.46790660644,6.032236188650131,0.0,0.9062513823538314,1076.9435854575847,656.0599472837033,0.6091869213417977,0.3338208664159354,0.000557219474820645,6.131402969360352,0.9407601953558975,9.0,0.00028896331787109375
FLOW-VIDEO_STREAMING-0194,VIDEO_STREAMING,PROFILE-05-TUNNEL-3DESCBC-NOPFS-IPV4,5860023,47.0,True,16326.0,16326,3DES,TUNNEL,4,False,False,"{""bitrate_bps"": 3000000, ""segment_seconds"": 4.0, ""segments"": 11}",16326.0,17021060.0,49.692333936691284,0.0030439408230745046,34.33452189420487,0.33302707337988485,0.6654416268528727,27.101654955621303,328.54162215040145,342528.8903049928,4.027540748769587,0.0,0.9288298143593877,1042.573808648781,659.7210537113723,0.6327811501100321,0.3337008452774715,0.000673813169984686,4.139908075332642,0.9401817164977271,12.0,0.0003590583801269531
FLOW-VIDEO_STREAMING-0195,VIDEO_STREAMING,PROFILE-06-TUNNEL-AES256GCM-PFS-IPV6,3120936,17.9,True,7225.0,7225,AES-GCM,TUNNEL,6,False,False,"{""bitrate_bps"": 3000000, ""segment_seconds"": 2.0, ""segments"": 8}",7225.0,7806502.0,18.5430109500885,0.002566861980909261,25.995318284506343,0.33273356401384085,0.6636678200692041,20.213435942586646,389.63467257001844,420994.3045933833,2.006212830543518,0.0,0.9057201291948686,1080.484705882353,659.983986652781,0.6108221458940691,0.33453287197231835,0.0011074197120708748,2.058556079864502,0.957674238096914,9.0,0.00035691261291503906
FLOW-VIDEO_STREAMING-0196,VIDEO_STREAMING,PROFILE-09-TUNNEL-NATT-CHACHA-IPV4,527388,17.4,True,5094.0,5094,CHACHA20,TUNNEL,4,False,True,"{""bitrate_bps"": 835010, ""segment_seconds"": 4.0, ""segments"": 4}",5094.0,5341764.0,17.72443699836731,0.0034801564889784626,32.22691607273424,0.33352964271692187,0.6639183352964272,25.02260393425373,287.3998198345727,301378.4866899895,4.003641366958618,0.0,0.9231437405321538,1048.63839811543,660.0776952652499,0.6294616871282938,0.33431488025127604,0.0007853917141174161,4.022035121917725,0.9579373292011534,5.0,0.00033783912658691406
FLOW-VIDEO_STREAMING-0197,VIDEO_STREAMING,PROFILE-01-TUNNEL-AES256GCM-PFS-IPV4,3854151,24.8,True,13235.0,13235,AES-GCM,TUNNEL,4,False,False,"{""bitrate_bps"": 1800000, ""segment_seconds"": 4.0, ""segments"": 6}",13235.0,13795390.0,28.95591902732849,0.0021879944859701144,39.212155563998486,0.33298073290517566,0.6655081224027201,27.11071579942619,457.07407827425044,476427.28890697483,4.0300166209538775,0.0,0.9288527544346336,1042.3415187004155,659.839444262975,0.6330357492481529,0.333811862485833,0.0004533776635937736,4.149678945541382,0.9395871994086484,7.0,0.0003910064697265625
FLOW-VIDEO_STREAMING-0198,VIDEO_STREAMING,PROFILE-02-TRANSPORT-AES128CBC-PFS-IPV4,5354987,18.6,True,6901.0,6901,AES-CBC,TRANSPORT,4,False,False,"{""bitrate_bps"": 3000000, ""segment_seconds"": 2.0, ""segments"": 8}",6901.0,7131986.0,19.456452131271362,0.002819775671198748,24.49926240193772,0.3322706854079119,0.665555716562817,27.592677822590346,354.6895370974842,366561.48571594525,2.029545396566391,0.0,0.9300520219753656,1033.4713809592813,655.5854070949565,0.6343527447140663,0.3340095638313288,0.0011594202898550724,2.137444019317627,0.9578154091938972,9.0,0.0004899501800537109
FLOW-VIDEO_STREAMING-0199,VIDEO_STREAMING,PROFILE-03-TUNNEL-AES128GCM-NOPFS-IPV4,665935,57.0,True,13775.0,13775,AES-GCM,TUNNEL,4,False,False,"{""bitrate_bps"": 3000000, ""segment_seconds"": 2.0, ""segments"": 24}",13775.0,14336670.0,57.28858995437622,0.004159183240480342,20.713695947248418,0.3329219600725953,0.6638112522686025,26.61587299141282,240.44927639116628,250253.497448925,2.0650061865647635,0.0,0.9275778824510852,1040.7745916515426,659.7562514815459,0.6339088759215561,0.33430127041742286,0.0017424132423406419,2.197075843811035,0.9662063840631269,25.0,0.000576019287109375
FLOW-VIDEO_STREAMING-0200,VIDEO_STREAMING,PROFILE-04-TRANSPORT-AES256CBC-PFS-IPV6,1082210,52.0,True,2647.0,2647,AES-CBC,TRANSPORT,6,False,False,"{""bitrate_bps"": 450000, ""segment_seconds"": 2.0, ""segments"": 25}",2647.0,2817738.0,52.193405866622925,0.019725399042563464,9.972614132532696,0.331318473743861,0.6479032867397053,17.91759540242232,50.715218829831635,53986.47498116061,2.032819013595581,0.0,0.8942783182822533,1064.5024556101246,653.7311469113553,0.6141189655938052,0.34076312806951264,0.00944822373393802,2.236341953277588,1.116046717766198,26.0,0.000209808349609375
FLOW-OTHER-0001,OTHER,PROFILE-01-TUNNEL-AES256GCM-PFS-IPV4,1567281,55.4,True,62.0,62,AES-GCM,TUNNEL,4,False,False,"{""kind"": ""dns_like""}",62.0,13024.0,53.62627601623535,0.8791192789546779,1.1438432157159597,0.7903225806451613,0.0,1.7534883720930232,1.1561496453945357,242.86601583255538,1.911089022954305,0.0,0.2736486486486487,210.06451612903226,75.13769531349716,0.35768866012260625,0.5,0.4262295081967213,2.976951837539673,1.8783279733488676,27.0,0.04955697059631348
FLOW-OTHER-0002,OTHER,PROFILE-02-TRANSPORT-AES128CBC-PFS-IPV4,9814352,10.8,False,85.0,85,AES-CBC,TRANSPORT,4,False,False,"{""kind"": ""background_sync""}",85.0,85858.0,10.486126899719238,0.12483484404427665,4.792198184574404,0.3176470588235294,0.6352941176470588,6.698888091822095,8.105948060029279,8187.770453388163,2.6074987649917603,0.0,0.7402222273987281,1010.0941176470589,649.9815675853372,0.6434861427561049,0.3764705882352941,0.03571428571428571,3.2817699909210205,1.3039586226051936,4.0,0.0007050037384033203
FLOW-OTHER-0003,OTHER,PROFILE-03-TUNNEL-AES128GCM-NOPFS-IPV4,5653363,51.4,True,337.0,337,AES-GCM,TUNNEL,4,False,False,"{""kind"": ""background_sync""}",337.0,339394.0,51.370054960250854,0.15288706833407992,4.125670090211323,0.32047477744807124,0.6172106824925816,0.1533578463023251,6.560242153931196,6606.845179796215,2.358433564503988,0.0,0.7340671903451447,1007.1038575667656,650.7663169699445,0.6461759748813217,0.6261127596439169,0.05654761904761905,3.9913089275360107,1.5133341776343086,20.0,0.0010349750518798828
FLOW-OTHER-0004,OTHER,PROFILE-04-TRANSPORT-AES256CBC-PFS-IPV6,7041412,35.2,True,210.0,210,AES-CBC,TRANSPORT,6,False,False,"{""kind"": ""ssh_interactive""}",210.0,51036.0,34.921098947525024,0.16708659783504795,1.0590958428378772,0.8666666666666667,0.0,1.2616325445360277,6.0135564552410345,1461.4660345222926,0.0,0.0,0.11568304726075714,243.02857142857144,45.33230891199472,0.18653077967550144,0.5,0.0,0.5809299945831299,1.5488804423500304,1.0,0.047219038009643555
FLOW-OTHER-0005,OTHER,PROFILE-05-TUNNEL-3DESCBC-NOPFS-IPV4,8882356,39.3,True,2433.0,2433,3DES,TUNNEL,4,False,False,"{""kind"": ""sftp_upload""}",2433.0,2537270.0,4.853343963623047,0.001995618406095003,0.4970026179595201,0.3333333333333333,0.666255651459104,0.036441100299829256,501.3038470456466,522788.00328545325,0.0,0.0,0.9296803257043987,1042.8565556925607,660.0480269171443,0.6329231218945607,0.6666666666666666,0.0,0.004046916961669922,0.9232715053765126,1.0,0.002240896224975586
FLOW-OTHER-0006,OTHER,PROFILE-06-TUNNEL-AES256GCM-PFS-IPV6,8649491,26.3,True,32.0,32,AES-GCM,TUNNEL,6,False,False,"{""kind"": ""dns_like""}",32.0,8284.0,26.08750009536743,0.8415322611408849,1.275950297536424,0.625,0.0,1.721419185282523,1.2266411071593057,317.54671661586525,2.1497407393022017,0.0,0.2650893288266538,258.875,76.8943065187534,0.2970325698454984,0.5,0.3225806451612903,2.958178997039795,2.134211491893328,11.0,0.04466700553894043
FLOW-OTHER-0007,OTHER,PROFILE-09-TUNNEL-NATT-CHACHA-IPV4,5431089,47.2,False,1665.0,1665,CHACHA20,TUNNEL,4,False,True,"{""kind"": ""database""}",1665.0,1335846.0,47.02467179298401,0.02826001910636058,1.7383801207594975,0.07987987987987988,0.2168168168168168,9.653698918556799,35.4069456843804,28407.343402220315,0.0,0.0,0.8122717738421944,802.30990990991,394.4429242265152,0.49163411713412153,0.21621621621621623,0.0,0.20236587524414062,4.362134979687998,1.0,0.0043239593505859375
FLOW-OTHER-0008,OTHER,PROFILE-01-TUNNEL-AES256GCM-PFS-IPV4,4965896,10.2,True,66.0,66,AES-GCM,TUNNEL,4,False,False,"{""kind"": ""ssh_interactive""}",66.0,13396.0,10.452279806137085,0.1608043047098013,1.1020157317063157,0.9848484848484849,0.0,1.3265022577283778,6.314411900956566,1281.6342700790024,0.0,0.0,0.1403404001194386,202.96969696969697,43.13789366212892,0.2125336654001574,0.5,0.0,0.5771818161010742,1.4671869558081265,1.0,0.04837298393249512
FLOW-OTHER-0009,OTHER,PROFILE-02-TRANSPORT-AES128CBC-PFS-IPV4,2833194,47.9,True,286.0,286,AES-CBC,TRANSPORT,4,False,False,"{""kind"": ""ssh_interactive""}",286.0,56380.0,47.96027183532715,0.1682816555625514,1.0920383957060253,1.0,0.0,1.3146399540192133,5.963268952727969,1175.5563061356743,0.0,0.0,0.1359347286271727,197.13286713286712,45.12147361611807,0.228888638776335,0.5,0.0,0.5660791397094727,1.3693170982001304,1.0,0.04681396484375
FLOW-OTHER-0010,OTHER,PROFILE-03-TUNNEL-AES128GCM-NOPFS-IPV4,4014178,23.0,True,158.0,158,AES-GCM,TUNNEL,4,False,False,"{""kind"": ""background_sync""}",158.0,159156.0,23.142811059951782,0.14740643987230434,4.310582825554918,0.3291139240506329,0.6265822784810127,21.959607616849393,6.827174088346431,6877.124805094079,2.764998137950897,0.0,0.912890497373646,1007.3164556962025,654.6080389560755,0.6498534152344865,0.3291139240506329,0.044585987261146494,3.6898930072784424,1.4169628077524248,8.0,0.0008950233459472656
FLOW-OTHER-0011,OTHER,PROFILE-04-TRANSPORT-AES256CBC-PFS-IPV6,881998,52.9,True,734.0,734,AES-CBC,TRANSPORT,6,False,False,"{""kind"": ""background_sync""}",734.0,777428.0,52.5738890171051,0.07172426878186235,5.993510239232521,0.32833787465940056,0.6444141689373297,1.1179861603007684,13.961303105448229,14787.34053223761,2.5230233669281006,0.0,0.055706766414381825,1059.16621253406,654.5658478813506,0.6180010654940539,0.4877384196185286,0.02592087312414734,3.859279155731201,1.2119539511094668,20.0,0.0009038448333740234
FLOW-OTHER-0012,OTHER,PROFILE-05-TUNNEL-3DESCBC-NOPFS-IPV4,242209,10.8,False,384.0,384,3DES,TUNNEL,4,False,False,"{""kind"": ""database""}",384.0,290808.0,10.75321102142334,0.02807626898543953,1.7355650141519843,0.08854166666666667,0.18229166666666666,8.851219512195122,35.710263588705445,27043.828994021493,0.0,0.0,0.7969794503589998,757.3125,384.54478804219497,0.5077755722270463,0.22916666666666666,0.0,0.19703006744384766,4.301159121269156,1.0,0.004678010940551758
FLOW-OTHER-0013,OTHER,PROFILE-06-TUNNEL-AES256GCM-PFS-IPV6,9445490,23.0,True,227.0,227,AES-GCM,TUNNEL,6,False,False,"{""kind"": ""background_sync""}",227.0,237598.0,20.424721002578735,0.09037487169282626,4.515433418055364,0.3303964757709251,0.6255506607929515,0.6864317755947987,11.113982901961792,11632.863918679815,1.6883981823921204,0.0,0.18593590855141875,1046.6872246696034,658.21268068049,0.6288532669234221,0.5374449339207048,0.03982300884955752,2.694432020187378,1.320981791140222,10.0,0.0007059574127197266
FLOW-OTHER-0014,OTHER,PROFILE-09-TUNNEL-NATT-CHACHA-IPV4,5000574,17.7,True,96.0,96,CHACHA20,TUNNEL,4,False,True,"{""kind"": ""ssh_interactive""}",96.0,20144.0,17.810089111328125,0.1874746222245066,1.0189515860400484,0.9270833333333334,0.0,1.279764599366229,5.390203238171285,1131.0443128096078,0.0,0.0,0.12271644162033359,209.83333333333334,44.73967913260989,0.21321530960735452,0.5,0.0,0.5743229389190674,1.4964762649672192,1.0,0.048297882080078125
FLOW-OTHER-0015,OTHER,PROFILE-01-TUNNEL-AES256GCM-PFS-IPV4,7334245,57.7,False,358.0,358,AES-GCM,TUNNEL,4,False,False,"{""kind"": ""ssh_interactive""}",358.0,71832.0,57.31929302215576,0.16055824375953995,1.0596059296106721,0.9804469273743017,0.0,1.2524929444967074,6.2457155544752,1253.1906137124652,0.0,0.0,0.11209488807216839,200.64804469273744,42.29193742354574,0.21077672343286244,0.5,0.0,0.5828320980072021,1.4403077871239076,1.0,0.04745292663574219
FLOW-OTHER-0016,OTHER,PROFILE-02-TRANSPORT-AES128CBC-PFS-IPV4,5127534,30.7,True,196.0,196,AES-CBC,TRANSPORT,4,False,False,"{""kind"": ""ssh_interactive""}",196.0,38680.0,30.644543886184692,0.15715150710863945,1.0906479515745124,1.0,0.0,1.2822751947132405,6.395918331431312,1262.2149033661385,0.0,0.0,0.12368148914167527,197.3469387755102,44.82599055686797,0.22714307521060295,0.5,0.0,0.5847251415252686,1.3681826780477553,1.0,0.046185970306396484
FLOW-OTHER-0017,OTHER,PROFILE-03-TUNNEL-AES128GCM-NOPFS-IPV4,3590870,35.9,False,3148.0,3148,AES-GCM,TUNNEL,4,False,False,"{""kind"": ""sftp_upload""}",3148.0,3284568.0,1.459766149520874,0.0004638595962888065,0.5444208083504285,0.3332274459974587,0.6664548919949174,0.03641007226479548,2156.5097951019347,2250064.5059334086,0.0,0.0,0.9297380964559113,1043.3824650571792,659.867253869577,0.632430844842131,0.6667725540025413,0.0,0.0020401477813720703,0.922153645319856,1.0,0.0005290508270263672
FLOW-OTHER-0018,OTHER,PROFILE-04-TRANSPORT-AES256CBC-PFS-IPV6,2249869,5.2,True,199.0,199,AES-CBC,TRANSPORT,6,False,False,"{""kind"": ""database""}",199.0,164890.0,5.128523111343384,0.025901631875471634,1.8099049546429835,0.05527638190954774,0.24623115577889448,9.92420829468663,38.80259397873186,32151.556387704008,0.0,0.0,0.8169203711565286,828.5929648241206,391.88587990010456,0.4729534241016484,0.20603015075376885,0.0,0.1959240436553955,4.329559596241473,1.0,0.004001140594482422
FLOW-OTHER-0019,OTHER,PROFILE-05-TUNNEL-3DESCBC-NOPFS-IPV4,8485707,53.7,False,1750.0,1750,3DES,TUNNEL,4,False,False,"{""kind"": ""sftp_upload""}",1750.0,1825684.0,0.5336389541625977,0.00030511089431823767,0.5650576359230349,0.33314285714285713,0.6662857142857143,0.03640535572568312,3279.3707924605183,3421197.020492851,0.0,0.0,0.9297468784302212,1043.248,659.7873918892408,0.6324358080621681,0.6668571428571428,0.0,0.0010471343994140625,0.9247513347038808,1.0,0.00034809112548828125
FLOW-OTHER-0020,OTHER,PROFILE-06-TUNNEL-AES256GCM-PFS-IPV6,8139527,33.0,False,621.0,621,AES-GCM,TUNNEL,6,False,False,"{""kind"": ""background_sync""}",621.0,661474.0,35.06637692451477,0.056558672458894794,6.727103147772226,0.3333333333333333,0.6473429951690821,0.4917819093754792,17.70927180007186,18863.48285777896,2.302909326553345,0.0,0.34067854518847307,1065.1755233494364,659.83790751942,0.6194640160755522,0.5636070853462157,0.02258064516129032,3.9373860359191895,1.1433057393685657,15.0,0.0006420612335205078
FLOW-OTHER-0021,OTHER,PROFILE-09-TUNNEL-NATT-CHACHA-IPV4,9897564,41.1,True,435.0,435,CHACHA20,TUNNEL,4,False,True,"{""kind"": ""sftp_upload""}",435.0,456782.0,0.16237592697143555,0.00037413808057934456,0.5556251005071633,0.3333333333333333,0.664367816091954,0.03891537327826198,2678.9685399395644,2813114.0404843083,0.0,0.0,0.9250846136669134,1050.0735632183907,659.5972537216875,0.628143852798346,0.6666666666666666,0.0,0.0012149810791015625,0.9404110383341097,1.0,0.00045800209045410156
FLOW-OTHER-0022,OTHER,PROFILE-01-TUNNEL-AES256GCM-PFS-IPV4,2997444,60.0,True,374.0,374,AES-GCM,TUNNEL,4,False,False,"{""kind"": ""ssh_interactive""}",374.0,75064.0,59.49830102920532,0.15951287139197137,1.0616829912065617,0.9812834224598931,0.0,1.2462146148782094,6.285893773948578,1261.6158562772086,0.0,0.0,0.10961313012895664,200.7058823529412,43.96296591240219,0.2190417410641375,0.5,0.0,0.5781569480895996,1.4625506163110202,1.0,0.0478968620300293
FLOW-OTHER-0023,OTHER,PROFILE-02-TRANSPORT-AES128CBC-PFS-IPV4,1645375,15.9,False,2872.0,2872,AES-CBC,TRANSPORT,4,False,False,"{""kind"": ""sftp_upload""}",2872.0,2969456.0,1.1574339866638184,0.00040314663415667656,0.568958885776574,0.3332172701949861,0.6664345403899722,0.03537012022953863,2481.351017070302,2565551.067460136,0.0,0.0,0.9316763743931548,1033.933147632312,656.0906214912408,0.6345580688593612,0.666782729805014,0.0,0.0028138160705566406,0.9224782811456909,1.0,0.00046706199645996094
FLOW-OTHER-0024,OTHER,PROFILE-03-TUNNEL-AES128GCM-NOPFS-IPV4,3876085,21.9,False,1351.0,1351,AES-GCM,TUNNEL,4,False,False,"{""kind"": ""sftp_upload""}",1351.0,1409398.0,0.7603609561920166,0.0005632303379200122,0.5522812336518345,0.33308660251665434,0.6661732050333087,0.03639978880768999,1776.7877072041917,1853590.70389206,0.0,0.0,0.929757243872916,1043.2257586972612,659.7338730351119,0.6323979901138189,0.6669133974833457,0.0,0.003359079360961914,0.9263814573693558,1.0,0.0006508827209472656
FLOW-OTHER-0025,OTHER,PROFILE-04-TRANSPORT-AES256CBC-PFS-IPV6,6382097,51.6,True,891.0,891,AES-CBC,TRANSPORT,6,False,False,"{""kind"": ""background_sync""}",891.0,948258.0,49.045161962509155,0.05510692355338107,6.844916531550379,0.3288439955106622,0.6487093153759821,0.29284167816455525,18.16692950634139,19334.384107546884,2.4578433162287663,0.0,0.546979830383714,1064.2626262626263,653.5895451592514,0.61412430450035,0.6038159371492705,0.021348314606741574,3.9065258502960205,1.171688691531564,20.0,0.0007600784301757812
FLOW-OTHER-0026,OTHER,PROFILE-05-TUNNEL-3DESCBC-NOPFS-IPV4,2845322,31.3,True,1061.0,1061,3DES,TUNNEL,4,False,False,"{""kind"": ""database""}",1061.0,814638.0,31.311668872833252,0.02953931025738986,1.677163866355551,0.09048067860508954,0.18001885014137606,9.062974034636955,33.8851309493934,26017.073804290238,0.0,0.0,0.801251598869682,767.8020735155513,382.33310557016625,0.497957896648507,0.22525918944392084,0.0,0.20357012748718262,4.371228772677547,1.0,0.004385948181152344
FLOW-OTHER-0027,OTHER,PROFILE-06-TUNNEL-AES256GCM-PFS-IPV6,953698,38.7,False,232.0,232,AES-GCM,TUNNEL,6,False,False,"{""kind"": ""ssh_interactive""}",232.0,56116.0,38.640949964523315,0.1672768396732611,1.0754706818558601,0.8362068965517241,0.0,1.242845723421263,6.0039931785580265,1452.2417293446647,0.0,0.0,0.10827571459120397,241.8793103448276,45.75556404311594,0.18916691955953557,0.5,0.0,0.5525181293487549,1.5066589072736851,1.0,0.04813408851623535
FLOW-OTHER-0028,OTHER,PROFILE-09-TUNNEL-NATT-CHACHA-IPV4,7748146,38.1,True,483.0,483,CHACHA20,TUNNEL,4,False,True,"{""kind"": ""sftp_upload""}",483.0,506414.0,1.546705961227417,0.0032089335295174626,0.4386074151118201,0.33540372670807456,0.6645962732919255,0.038976972442431104,312.27654907123167,327414.52654525614,0.0,0.0,0.924970478699246,1048.4761904761904,660.9263066079625,0.6303684457610689,0.6666666666666666,0.0,0.005209922790527344,0.9385264124947532,1.0,0.0032851696014404297
FLOW-OTHER-0029,OTHER,PROFILE-01-TUNNEL-AES256GCM-PFS-IPV4,7343243,49.3,True,565.0,565,AES-GCM,TUNNEL,4,False,False,"{""kind"": ""background_sync""}",565.0,579126.0,50.85842704772949,0.09017451604207356,5.8526188755842465,0.3292035398230089,0.6424778761061947,1.0476116395007602,11.109270042303121,11387.021455785552,3.014760434627533,0.0,0.023252280160103337,1025.0017699115044,656.0997509393735,0.6400962127080222,0.5008849557522124,0.028368794326241134,3.884213924407959,1.237015490732199,17.0,0.0006239414215087891
FLOW-OTHER-0030,OTHER,PROFILE-02-TRANSPORT-AES128CBC-PFS-IPV4,151119,32.1,False,206.0,206,AES-CBC,TRANSPORT,4,False,False,"{""kind"": ""ssh_interactive""}",206.0,41068.0,32.077841997146606,0.1564772780348615,1.1037842508984355,1.0,0.0,1.3347356452529846,6.4218783800457695,1280.2606859792218,0.0,0.0,0.14337196844258301,199.35922330097088,46.04954157218492,0.23098776575119542,0.5,0.0,0.5659909248352051,1.383488225611401,1.0,0.04700303077697754
FLOW-OTHER-0031,OTHER,PROFILE-03-TUNNEL-AES128GCM-NOPFS-IPV4,7613314,7.1,False,12.0,12,AES-GCM,TUNNEL,4,False,False,"{""kind"": ""dns_like""}",12.0,2320.0,6.510339975357056,0.5918490886688232,1.4563040250190715,0.9166666666666666,0.0,1.5327510917030567,1.8432217127557715,356.35619779944915,2.338806986808777,0.0,0.21034482758620685,193.33333333333334,61.68378140880217,0.3190540417696664,0.5,0.18181818181818182,2.528646945953369,1.4182958340544896,3.0,0.042860984802246094
FLOW-OTHER-0032,OTHER,PROFILE-04-TRANSPORT-AES256CBC-PFS-IPV6,1309246,39.7,False,244.0,244,AES-CBC,TRANSPORT,6,False,False,"{""kind"": ""ssh_interactive""}",244.0,59032.0,39.81968688964844,0.16386702423723637,1.0935252537897944,0.8237704918032787,0.0,1.2309901738473168,6.127622265744899,1482.482777014151,0.0,0.0,0.10353706464290557,241.9344262295082,45.8793388451437,0.18963542956726967,0.5,0.0,0.5735251903533936,1.4502981888285185,1.0,0.04825305938720703
FLOW-OTHER-0033,OTHER,PROFILE-05-TUNNEL-3DESCBC-NOPFS-IPV4,1813607,35.4,True,44.0,44,3DES,TUNNEL,4,False,False,"{""kind"": ""dns_like""}",44.0,9520.0,37.709254026412964,0.8769593959630921,1.1331694691285847,0.75,0.0,1.913096695226438,1.1668223393966044,252.4579243421744,1.836192262172699,0.0,0.3134453781512605,216.36363636363637,84.55366529045081,0.3907942513424197,0.5,0.4418604651162791,2.94814395904541,1.947752810305769,20.0,0.048356056213378906
FLOW-OTHER-0034,OTHER,PROFILE-06-TUNNEL-AES256GCM-PFS-IPV6,5966688,5.2,True,197.0,197,AES-GCM,TUNNEL,6,False,False,"{""kind"": ""database""}",197.0,159910.0,5.2576658725738525,0.02682482588047884,1.7587210994444566,0.050761421319796954,0.20812182741116753,8.673926194797339,37.46909841259275,30414.63719369394,0.0,0.0,0.7932587080232631,811.725888324873,383.44188765439685,0.47237853710159583,0.2182741116751269,0.0,0.20187091827392578,4.280507036973572,1.0,0.00433802604675293
FLOW-OTHER-0035,OTHER,PROFILE-09-TUNNEL-NATT-CHACHA-IPV4,3888044,57.8,False,3093.0,3093,CHACHA20,TUNNEL,4,False,True,"{""kind"": ""sftp_upload""}",3093.0,3251450.0,1.2293288707733154,0.0003975837227598045,0.5620570473460755,0.3333333333333333,0.6663433559650824,0.03887095372472037,2516.0069640716506,2644898.4297868633,0.0,0.0,0.9251669255255348,1051.22858066602,659.9179610303879,0.627758770230817,0.6666666666666666,0.0,0.0026879310607910156,0.9223217550931679,1.0,0.0004611015319824219
FLOW-OTHER-0036,OTHER,PROFILE-01-TUNNEL-AES256GCM-PFS-IPV4,8903708,21.6,True,26.0,26,AES-GCM,TUNNEL,4,False,False,"{""kind"": ""dns_like""}",26.0,5188.0,21.950727939605713,0.8780291175842285,1.1655922578740308,0.9230769230769231,0.0,1.555665024630542,1.1844709693243558,236.34751495595225,1.9188641634854404,0.0,0.2174248265227448,199.53846153846155,54.655023535198815,0.27390721124039497,0.5,0.4,2.8335111141204834,1.5325732575026199,11.0,0.03765392303466797
FLOW-OTHER-0037,OTHER,PROFILE-02-TRANSPORT-AES128CBC-PFS-IPV4,4959053,16.2,False,139.0,139,AES-CBC,TRANSPORT,4,False,False,"{""kind"": ""background_sync""}",139.0,140110.0,16.04960584640503,0.11630149164061615,4.881244449530078,0.33093525179856115,0.6330935251798561,0.04528498955535661,8.660648824041669,8729.809400981858,2.6604219675064087,0.0,0.913353793448005,1007.9856115107914,650.7479480407924,0.6455924971641577,0.6618705035971223,0.043478260869565216,3.63765811920166,1.2581858665355703,7.0,0.000682830810546875
FLOW-OTHER-0038,OTHER,PROFILE-03-TUNNEL-AES128GCM-NOPFS-IPV4,5066959,27.0,True,924.0,924,AES-GCM,TUNNEL,4,False,False,"{""kind"": ""database""}",924.0,729572.0,26.998751878738403,0.029251085459088194,1.6969536591210082,0.09090909090909091,0.19913419913419914,9.632680424390813,34.2238042762137,27022.43434351275,0.0,0.0,0.8119006760127856,789.5800865800866,388.27180235485656,0.4917446741046634,0.22294372294372294,0.0,0.20352697372436523,4.37631182358454,1.0,0.004333019256591797
FLOW-OTHER-0039,OTHER,PROFILE-04-TRANSPORT-AES256CBC-PFS-IPV6,6086436,41.7,True,56.0,56,AES-CBC,TRANSPORT,6,False,False,"{""kind"": ""dns_like""}",56.0,15024.0,41.06393098831177,0.746616927060214,1.2820227965054245,0.6785714285714286,0.0,1.7822222222222222,1.3637272090667492,365.8685283753364,1.7718109516870408,0.0,0.28115015974440893,268.2857142857143,90.64485531963943,0.3378668728634058,0.5,0.2909090909090909,2.943894147872925,2.152296998468335,17.0,0.04954099655151367
FLOW-OTHER-0040,OTHER,PROFILE-05-TUNNEL-3DESCBC-NOPFS-IPV4,5985861,21.1,True,26.0,26,3DES,TUNNEL,4,False,False,"{""kind"": ""dns_like""}",26.0,5388.0,19.35990810394287,0.7743963241577149,1.1809670670993022,0.8461538461538461,0.0,1.7184661957618568,1.342981581338436,278.307106163519,1.7484956502914428,0.0,0.2642910170749815,207.23076923076923,71.1986968832283,0.34357203395767183,0.5,0.32,2.907756805419922,1.838040318619161,9.0,0.0493168830871582
FLOW-OTHER-0041,OTHER,PROFILE-06-TUNNEL-AES256GCM-PFS-IPV6,9331521,58.6,False,682.0,682,AES-GCM,TUNNEL,6,False,False,"{""kind"": ""sftp_upload""}",682.0,738388.0,0.49066901206970215,0.0007205124993681383,0.5197203123470759,0.33284457478005863,0.6656891495601173,0.04834326701100892,1389.9390082190848,1504859.6545467356,0.0,0.0,0.9077720656348696,1082.6803519061584,659.7024170463307,0.6093233481930875,0.6671554252199413,0.0,0.0015501976013183594,0.9328661697204875,1.0,0.0008370876312255859
FLOW-OTHER-0042,OTHER,PROFILE-09-TUNNEL-NATT-CHACHA-IPV4,6250299,54.9,False,546.0,546,CHACHA20,TUNNEL,4,False,True,"{""kind"": ""background_sync""}",546.0,561712.0,51.36760592460632,0.09425248793505747,5.448666838654376,0.32967032967032966,0.6410256410256411,0.6163350809445157,10.629267028745305,10935.140734891178,2.7403388818105063,0.0,0.23736719172814538,1028.7765567765568,657.664686738628,0.6392687337270538,0.5402930402930403,0.031192660550458717,3.913224935531616,1.26102872166292,18.0,0.0008139610290527344
FLOW-OTHER-0043,OTHER,PROFILE-01-TUNNEL-AES256GCM-PFS-IPV4,4427474,13.4,True,16.0,16,AES-GCM,TUNNEL,4,False,False,"{""kind"": ""dns_like""}",16.0,3296.0,13.091588020324707,0.8727725346883138,1.1000117984826476,0.8125,0.0,1.6075949367088607,1.2221588378094377,251.76472058874415,1.8447416850498743,0.0,0.23300970873786406,206.0,65.36053855347276,0.31728416773530466,0.5,0.4666666666666667,2.4478070735931396,1.5016144718101816,8.0,0.04044508934020996
FLOW-OTHER-0044,OTHER,PROFILE-02-TRANSPORT-AES128CBC-PFS-IPV4,392642,31.4,True,3204.0,3204,AES-CBC,TRANSPORT,4,False,False,"{""kind"": ""sftp_upload""}",3204.0,3312376.0,2.1742160320281982,0.0006788061292626283,0.5326274764951724,0.3333333333333333,0.666354556803995,0.03538670054214096,1473.634612569376,1523480.6252946628,0.0,0.0,0.9316454412180261,1033.825218476904,656.1460583215687,0.6346779383929559,0.6666666666666666,0.0,0.003165006637573242,0.9221981602749482,1.0,0.0007929801940917969
FLOW-OTHER-0045,OTHER,PROFILE-03-TUNNEL-AES128GCM-NOPFS-IPV4,3103487,13.3,False,393.0,393,AES-GCM,TUNNEL,4,False,False,"{""kind"": ""background_sync""}",393.0,405778.0,14.867532968521118,0.037927380021737546,8.362580401952401,0.3282442748091603,0.6539440203562341,2.6906355731800486,26.43343726441334,27292.893909107166,2.4027239878972373,0.0,0.4580879199956626,1032.5139949109414,658.7722642268534,0.6380274431860609,0.4173027989821883,0.015306122448979591,3.913788080215454,1.071581876069226,7.0,0.000982046127319336
FLOW-OTHER-0046,OTHER,PROFILE-04-TRANSPORT-AES256CBC-PFS-IPV6,2129954,43.7,True,266.0,266,AES-CBC,TRANSPORT,6,False,False,"{""kind"": ""ssh_interactive""}",266.0,63660.0,43.67087197303772,0.16479574329448196,1.097127583218803,0.8458646616541353,0.0,1.2467706642196654,6.091016459763563,1457.7222098817608,0.0,0.0,0.10983349041784479,239.3233082706767,45.537648453223106,0.19027669633297747,0.5,0.0,0.5836989879608154,1.3869242443233978,1.0,0.04890298843383789
FLOW-OTHER-0047,OTHER,PROFILE-05-TUNNEL-3DESCBC-NOPFS-IPV4,4113998,16.8,True,80.0,80,3DES,TUNNEL,4,False,False,"{""kind"": ""background_sync""}",80.0,78704.0,14.700814008712769,0.18608625327484518,3.5305350779381803,0.3,0.6,0.047431461272291725,5.441875528292937,5353.717144734591,2.0745671476636613,0.0,0.9094328115470625,983.8,652.0048772823717,0.6627412861174748,0.675,0.0759493670886076,3.902517080307007,1.5110257504612785,7.0,0.002916097640991211
FLOW-OTHER-0048,OTHER,PROFILE-06-TUNNEL-AES256GCM-PFS-IPV6,7313516,49.9,True,306.0,306,AES-GCM,TUNNEL,6,False,False,"{""kind"": ""ssh_interactive""}",306.0,74060.0,49.77227997779846,0.1631878032058966,1.0522528958334694,0.8464052287581699,0.0,1.2045603381556231,6.148000456006739,1487.9768423916962,0.0,0.0,0.09278963002970568,242.0261437908497,41.776239879421716,0.17261044292604705,0.5,0.0,0.5655598640441895,1.3168593088985265,1.0,0.04861807823181152
FLOW-OTHER-0049,OTHER,PROFILE-09-TUNNEL-NATT-CHACHA-IPV4,6722896,11.7,True,16.0,16,CHACHA20,TUNNEL,4,False,True,"{""kind"": ""dns_like""}",16.0,3880.0,11.504551887512207,0.7669701258341471,1.2294654034029147,0.6875,0.0,1.904191616766467,1.3907538647696,337.25781220662805,1.834328532218933,0.0,0.31134020618556696,242.5,90.43091285616883,0.37291098085018076,0.5,0.3333333333333333,2.6167609691619873,1.7947367178034823,6.0,0.046957969665527344
FLOW-OTHER-0050,OTHER,PROFILE-01-TUNNEL-AES256GCM-PFS-IPV4,5790878,57.3,True,702.0,702,AES-GCM,TUNNEL,4,False,False,"{""kind"": ""background_sync""}",702.0,718012.0,58.222617864608765,0.08305651621199539,5.553214443246541,0.3319088319088319,0.6424501424501424,2.6625790654968373,12.057169975290963,12332.18337364475,2.278775119781494,0.0,0.4539367030077492,1022.8091168091169,657.7939350583192,0.6431248257841653,0.42165242165242167,0.03281027104136947,3.9300928115844727,1.2450811795318164,24.0,0.0007112026214599609
FLOW-OTHER-0051,OTHER,PROFILE-02-TRANSPORT-AES128CBC-PFS-IPV4,1023327,11.3,True,349.0,349,AES-CBC,TRANSPORT,4,False,False,"{""kind"": ""database""}",349.0,262450.0,11.33205509185791,0.03256337670074112,1.623705985827512,0.11461318051575932,0.16905444126074498,8.574972637723459,30.797591184564286,23159.96506128624,0.0,0.0,0.7911221184987617,752.0057306590257,390.13234103335753,0.5187890532316319,0.24355300859598855,0.0,0.2009429931640625,4.348013849845848,1.0,0.004782915115356445
FLOW-OTHER-0052,OTHER,PROFILE-03-TUNNEL-AES128GCM-NOPFS-IPV4,5658912,34.5,True,1121.0,1121,AES-GCM,TUNNEL,4,False,False,"{""kind"": ""database""}",1121.0,884678.0,34.43916296958923,0.030749252651418958,1.6659422779278452,0.08296164139161463,0.21409455842997324,9.054987270412802,32.55015230741453,25688.13884301416,0.0,0.0,0.801093731278499,789.1864406779661,393.8316476201101,0.4990349901118186,0.231935771632471,0.0,0.2046191692352295,4.360902983751449,1.0,0.004462003707885742
FLOW-OTHER-0053,OTHER,PROFILE-04-TRANSPORT-AES256CBC-PFS-IPV6,985362,57.9,True,1927.0,1927,AES-CBC,TRANSPORT,6,False,False,"{""kind"": ""database""}",1927.0,1573546.0,57.95253300666809,0.03008958100034688,1.7024852956561252,0.06434872859366891,0.22003113648157757,8.601466873314378,33.251350717979435,27152.324814153435,0.0,0.0,0.7916984949915669,816.5781006746238,385.73862049298106,0.4723842338832004,0.22677737415672028,0.0,0.20190906524658203,4.372951257975628,1.0,0.004519939422607422
FLOW-OTHER-0054,OTHER,PROFILE-05-TUNNEL-3DESCBC-NOPFS-IPV4,4494358,55.8,True,517.0,517,3DES,TUNNEL,4,False,False,"{""kind"": ""background_sync""}",517.0,528686.0,57.05309581756592,0.11056801515032155,5.130557664291455,0.32495164410058025,0.6382978723404256,3.0491238281968016,9.061734382533231,9266.56112913726,2.910300455595318,0.0,0.5060659824546139,1022.6034816247583,654.830306711205,0.6403560309327143,0.41005802707930367,0.03682170542635659,3.993640899658203,1.3002246445629404,20.0,0.0007679462432861328
FLOW-OTHER-0055,OTHER,PROFILE-06-TUNNEL-AES256GCM-PFS-IPV6,2088244,51.4,True,539.0,539,AES-GCM,TUNNEL,6,False,False,"{""kind"": ""background_sync""}",539.0,573782.0,49.48728108406067,0.091983793836544,5.4536115478310405,0.3246753246753247,0.640074211502783,2.3280474223933925,10.891687483990836,11594.534745712856,2.419531857967377,0.0,0.3990470248282449,1064.530612244898,654.4646330608376,0.6147917453314873,0.4267161410018553,0.03345724907063197,3.971891164779663,1.2704217762004577,19.0,0.0008149147033691406
FLOW-OTHER-0056,OTHER,PROFILE-09-TUNNEL-NATT-CHACHA-IPV4,3994448,15.5,True,167.0,167,CHACHA20,TUNNEL,4,False,True,"{""kind"": ""background_sync""}",167.0,171830.0,13.087126016616821,0.07883810853383627,5.945469081528531,0.32934131736526945,0.6347305389221557,0.04576714746515732,12.760632073685152,13129.697061205507,2.952477991580963,0.0,0.9124716289355759,1028.9221556886228,655.9442706174292,0.6375062165693457,0.6646706586826348,0.024096385542168676,3.887535810470581,1.2404498415726966,5.0,0.0011818408966064453
FLOW-OTHER-0057,OTHER,PROFILE-01-TUNNEL-AES256GCM-PFS-IPV4,2810246,31.8,True,300.0,300,AES-GCM,TUNNEL,4,False,False,"{""kind"": ""background_sync""}",300.0,307012.0,31.076958894729614,0.10393631737367764,5.000638482162151,0.32666666666666666,0.6366666666666667,3.976367231821571,9.653454220415288,9879.087623727128,2.6586448062549937,0.0,0.5981003999843654,1023.3733333333333,654.176149026816,0.6392350940941879,0.39666666666666667,0.03678929765886288,3.8731682300567627,1.264001003082351,12.0,0.001255035400390625
FLOW-OTHER-0058,OTHER,PROFILE-02-TRANSPORT-AES128CBC-PFS-IPV4,2886458,17.7,True,24.0,24,AES-CBC,TRANSPORT,4,False,False,"{""kind"": ""dns_like""}",24.0,5328.0,16.597960948944092,0.7216504760410475,1.2421933436756976,0.75,0.0,2.0691244239631335,1.4459607462521957,321.0032856679874,1.7355575561523438,0.0,0.3483483483483483,222.0,88.39306156782519,0.39816694399921254,0.5,0.34782608695652173,2.813030958175659,2.1660563421790613,9.0,0.04985499382019043
FLOW-OTHER-0059,OTHER,PROFILE-03-TUNNEL-AES128GCM-NOPFS-IPV4,7612198,58.1,False,76.0,76,AES-GCM,TUNNEL,4,False,False,"{""kind"": ""dns_like""}",76.0,16616.0,58.08324909210205,0.7744433212280274,1.2291455055289073,0.8026315789473685,0.0,1.9713876967095851,1.3084667470906721,286.0721509165606,2.0662857592105865,0.0,0.3269138180067405,218.6315789473684,81.44498338485653,0.37252158986814493,0.5,0.30666666666666664,2.826416015625,1.849724416042118,24.0,0.04914999008178711
FLOW-OTHER-0060,OTHER,PROFILE-04-TRANSPORT-AES256CBC-PFS-IPV6,4981139,42.9,False,558.0,558,AES-CBC,TRANSPORT,6,False,False,"{""kind"": ""background_sync""}",558.0,592932.0,40.9098801612854,0.07344682255167935,6.075450390975108,0.32974910394265233,0.6451612903225806,2.027016540739228,13.63973685085631,14493.613710487338,2.6551008065541586,0.0,0.3392834254180918,1062.6021505376343,652.6682450767589,0.6142169435160044,0.43727598566308246,0.026929982046678635,3.842339038848877,1.1885496357627545,16.0,0.0009319782257080078
FLOW-OTHER-0061,OTHER,PROFILE-05-TUNNEL-3DESCBC-NOPFS-IPV4,819440,33.8,True,230.0,230,3DES,TUNNEL,4,False,False,"{""kind"": ""ssh_interactive""}",230.0,46492.0,33.82808518409729,0.14772089600042485,1.1328632839580812,0.9869565217391304,0.0,1.3169540516296223,6.799084215033367,1374.3609709797013,0.0,0.0,0.13679772864148673,202.1391304347826,44.783321226919085,0.22154701630799686,0.5,0.0,0.5644149780273438,1.4216315564833168,1.0,0.04597306251525879
FLOW-OTHER-0062,OTHER,PROFILE-06-TUNNEL-AES256GCM-PFS-IPV6,2062281,16.2,False,345.0,345,AES-GCM,TUNNEL,6,False,False,"{""kind"": ""background_sync""}",345.0,367722.0,18.094242095947266,0.05259954097659089,6.8441557589102695,0.3333333333333333,0.6492753623188405,1.271262862719423,19.066838951893587,20322.597545125256,2.2243041396141052,0.0,0.1194326148557878,1065.8608695652174,660.3242974055777,0.6195220373133081,0.4782608695652174,0.01744186046511628,3.500053882598877,1.1368847243172877,7.0,0.0007920265197753906
FLOW-OTHER-0063,OTHER,PROFILE-09-TUNNEL-NATT-CHACHA-IPV4,3687856,14.3,True,321.0,321,CHACHA20,TUNNEL,4,False,True,"{""kind"": ""background_sync""}",321.0,331654.0,13.152240991592407,0.041100753098726274,6.846130966070982,0.3302180685358255,0.6417445482866043,1.8771427579984732,24.40648709259508,25216.53915952501,1.9269313017527263,0.0,0.30486591447713585,1033.1900311526479,655.8249837960027,0.6347573670105499,0.4423676012461059,0.015625,3.1451590061187744,1.185417526728482,6.0,0.0007419586181640625
FLOW-OTHER-0064,OTHER,PROFILE-01-TUNNEL-AES256GCM-PFS-IPV4,6902089,18.3,False,266.0,266,AES-GCM,TUNNEL,4,False,False,"{""kind"": ""background_sync""}",266.0,274688.0,16.851747035980225,0.06359149824898198,6.575475694542355,0.32706766917293234,0.6466165413533834,1.3250270855904658,15.784713563054469,16300.268418076339,2.664011001586914,0.0,0.13979496738117425,1032.6616541353383,654.5100088520345,0.6338087661442844,0.48120300751879697,0.022641509433962263,3.816272020339966,1.131020698856076,7.0,0.0007801055908203125
FLOW-OTHER-0065,OTHER,PROFILE-02-TRANSPORT-AES128CBC-PFS-IPV4,3280768,38.2,True,232.0,232,AES-CBC,TRANSPORT,4,False,False,"{""kind"": ""ssh_interactive""}",232.0,45248.0,37.805596113204956,0.1636605892346535,1.0892224945710034,1.0,0.0,1.3151862464183381,6.136657634105277,1196.8598475344638,0.0,0.0,0.13613861386138618,195.0344827586207,44.03171486993933,0.2257637431450213,0.5,0.0,0.5700111389160156,1.3567576159616004,1.0,0.0454709529876709
FLOW-OTHER-0066,OTHER,PROFILE-03-TUNNEL-AES128GCM-NOPFS-IPV4,5481691,32.4,False,1248.0,1248,AES-GCM,TUNNEL,4,False,False,"{""kind"": ""database""}",1248.0,966500.0,32.437379121780396,0.02601233289637562,1.7723795335462846,0.08573717948717949,0.19150641025641027,9.572547475277851,38.47413181301131,29795.87211320147,0.0,0.0,0.8108308329022246,774.4391025641025,385.36043668661347,0.49759940505420963,0.21474358974358973,0.0,0.2030019760131836,4.364634748785541,1.0,0.004312038421630859
FLOW-OTHER-0067,OTHER,PROFILE-04-TRANSPORT-AES256CBC-PFS-IPV6,199182,26.3,False,176.0,176,AES-CBC,TRANSPORT,6,False,False,"{""kind"": ""background_sync""}",176.0,180864.0,25.20294189453125,0.14401681082589285,3.8890949866310174,0.32386363636363635,0.6136363636363636,0.05543754814313391,6.9833117394199915,7176.30508203669,2.229852546345104,0.0,0.8949486907289455,1027.6363636363637,654.5640148883651,0.6369607363563354,0.6704545454545454,0.06285714285714286,2.9354240894317627,1.3854974738541277,12.0,0.0008020401000976562
FLOW-OTHER-0068,OTHER,PROFILE-05-TUNNEL-3DESCBC-NOPFS-IPV4,5777379,26.3,False,2179.0,2179,3DES,TUNNEL,4,False,False,"{""kind"": ""sftp_upload""}",2179.0,2273114.0,1.9285688400268555,0.0008854769697093,0.5132772744988796,0.33318035796236806,0.6663607159247361,0.036411651363681546,1129.8533683504174,1178653.2857019233,0.0,0.0,0.9297351562658097,1043.1913721890776,659.84813472381,0.6325283666209358,0.6668196420376319,0.0,0.001875162124633789,0.9236255809989977,1.0,0.001010894775390625
FLOW-OTHER-0069,OTHER,PROFILE-06-TUNNEL-AES256GCM-PFS-IPV6,4719025,27.5,False,32.0,32,AES-GCM,TUNNEL,6,False,False,"{""kind"": ""dns_like""}",32.0,8416.0,28.172032117843628,0.908775229607859,1.1586839730665788,0.65625,0.0,1.721862871927555,1.1358783017903706,298.7359933708675,2.1452571153640747,0.0,0.2652091254752852,263.0,80.0749648766704,0.3044675470595833,0.5,0.3548387096774194,2.9349498748779297,2.2806390622295662,12.0,0.04693293571472168
FLOW-OTHER-0070,OTHER,PROFILE-09-TUNNEL-NATT-CHACHA-IPV4,2219272,15.1,True,20.0,20,CHACHA20,TUNNEL,4,False,True,"{""kind"": ""dns_like""}",20.0,4636.0,14.451714992523193,0.7606165785538522,1.2005374090077015,0.7,0.0,1.9416243654822336,1.3839187951289722,320.7923767108957,1.8637895584106445,0.0,0.3201035375323555,231.8,96.46947703807668,0.4161754833394162,0.5,0.3684210526315789,2.480386972427368,1.7332062193464952,8.0,0.04986906051635742
FLOW-OTHER-0071,OTHER,PROFILE-01-TUNNEL-AES256GCM-PFS-IPV4,935099,39.8,False,268.0,268,AES-GCM,TUNNEL,4,False,False,"{""kind"": ""ssh_interactive""}",268.0,53980.0,39.726887941360474,0.14878984247700552,1.1023742385002098,0.9776119402985075,0.0,1.2465456966871982,6.7460607635711565,1358.7774627521308,0.0,0.0,0.10974434975917004,201.4179104477612,42.0556309800044,0.20879787148279325,0.5,0.0,0.5649929046630859,1.417093438054295,1.0,0.0460360050201416
FLOW-OTHER-0072,OTHER,PROFILE-02-TRANSPORT-AES128CBC-PFS-IPV4,631382,9.2,True,16.0,16,AES-CBC,TRANSPORT,4,False,False,"{""kind"": ""dns_like""}",16.0,3472.0,8.77523684501648,0.5850157896677654,1.2494298590400836,0.8125,0.0,2.013888888888889,1.8233126105407076,395.65883648733353,1.5257788181304932,0.0,0.33640552995391704,217.0,89.70507232035433,0.41338743004771583,0.5,0.26666666666666666,2.1190271377563477,2.139097655573916,5.0,0.040550947189331055
FLOW-OTHER-0073,OTHER,PROFILE-03-TUNNEL-AES128GCM-NOPFS-IPV4,848486,38.3,False,254.0,254,AES-GCM,TUNNEL,4,False,False,"{""kind"": ""ssh_interactive""}",254.0,51100.0,38.3444550037384,0.15155911068671304,1.0979779304572852,0.9921259842519685,0.0,1.279011684952279,6.6241650839798405,1332.6568338242907,0.0,0.0,0.122426614481409,201.1811023622047,42.236196985437395,0.20994117483955185,0.5,0.0,0.5670127868652344,1.4448908907258078,1.0,0.04662609100341797
FLOW-OTHER-0074,OTHER,PROFILE-04-TRANSPORT-AES256CBC-PFS-IPV6,4311723,20.9,True,26.0,26,AES-CBC,TRANSPORT,6,False,False,"{""kind"": ""dns_like""}",26.0,6876.0,21.92379117012024,0.8769516468048095,1.2013951494925332,0.5769230769230769,0.0,1.848384424192212,1.1859262751706554,313.6318872335933,2.0732511043548585,0.0,0.297847585805701,264.46153846153845,85.20799473561095,0.32219427910498616,0.5,0.36,2.769037961959839,2.2437357573361996,10.0,0.04195213317871094
FLOW-OTHER-0075,OTHER,PROFILE-05-TUNNEL-3DESCBC-NOPFS-IPV4,8252548,28.1,True,1006.0,1006,3DES,TUNNEL,4,False,False,"{""kind"": ""database""}",1006.0,783364.0,28.146739959716797,0.028006706427578902,1.7312780814759072,0.08349900596421471,0.19681908548707752,9.454610970238889,35.74126173900681,27831.429185800527,0.0,0.0,0.8086968510168964,778.6918489065606,390.2998776660384,0.5012250715274568,0.21769383697813122,0.0,0.2032630443572998,4.328763592967476,1.0,0.004205942153930664
FLOW-OTHER-0076,OTHER,PROFILE-06-TUNNEL-AES256GCM-PFS-IPV6,9936252,14.2,True,452.0,452,AES-GCM,TUNNEL,6,False,False,"{""kind"": ""database""}",452.0,362488.0,14.263727903366089,0.03162689113828401,1.6685008799097014,0.05530973451327434,0.21238938053097345,8.238187471328814,31.688770499704553,25413.272214373683,0.0,0.0,0.7835073161042573,801.9646017699115,385.2806798773957,0.48042105477859365,0.22787610619469026,0.0,0.19987201690673828,4.309610867605131,1.0,0.004533052444458008
FLOW-OTHER-0077,OTHER,PROFILE-09-TUNNEL-NATT-CHACHA-IPV4,3949506,59.5,True,1630.0,1630,CHACHA20,TUNNEL,4,False,True,"{""kind"": ""sftp_upload""}",1630.0,1713184.0,2.251873016357422,0.0013823652647989085,0.48503359951448216,0.33312883435582824,0.6662576687116565,0.03885368471478555,723.8418810296198,760781.7969999068,0.0,0.0,0.9251989278442946,1051.033128834356,659.8751044733511,0.6278347336255546,0.6668711656441718,0.0,0.003267049789428711,0.9251636946808295,1.0,0.0014770030975341797
FLOW-OTHER-0078,OTHER,PROFILE-01-TUNNEL-AES256GCM-PFS-IPV4,3739772,43.9,True,58.0,58,AES-GCM,TUNNEL,4,False,False,"{""kind"": ""dns_like""}",58.0,12420.0,43.84661293029785,0.7692388233385588,1.1904103658793423,0.8275862068965517,0.0,1.80614550384094,1.3227931674494795,283.26019206418164,1.7190094689528148,0.0,0.28727858293075687,214.13793103448276,78.16151453458455,0.3650054623998312,0.5,0.3684210526315789,2.7605438232421875,1.7814435056471227,22.0,0.049469947814941406
FLOW-OTHER-0079,OTHER,PROFILE-02-TRANSPORT-AES128CBC-PFS-IPV4,1447721,19.9,True,24.0,24,AES-CBC,TRANSPORT,4,False,False,"{""kind"": ""dns_like""}",24.0,4928.0,19.682164192199707,0.8557462692260742,1.2527084375073956,0.875,0.0,1.812785388127854,1.2193781011902902,250.3789701110729,2.155196636915207,0.0,0.288961038961039,205.33333333333334,73.89782736243934,0.35989201637551627,0.5,0.30434782608695654,2.936798095703125,2.0156546557441946,8.0,0.04646897315979004
FLOW-OTHER-0080,OTHER,PROFILE-03-TUNNEL-AES128GCM-NOPFS-IPV4,8364444,58.1,False,2020.0,2020,AES-GCM,TUNNEL,4,False,False,"{""kind"": ""database""}",2020.0,1576080.0,58.02026605606079,0.028737130290272805,1.7237352073275032,0.08613861386138613,0.1915841584158416,9.311825283626229,34.81542118487047,27164.30149556963,0.0,0.0,0.8060479163494239,780.2376237623762,385.7810169511947,0.49444041815225964,0.2212871287128713,0.0,0.2020580768585205,4.369542931604006,1.0,0.004349946975708008
FLOW-OTHER-0081,OTHER,PROFILE-04-TRANSPORT-AES256CBC-PFS-IPV6,4963493,33.0,True,474.0,474,AES-CBC,TRANSPORT,6,False,False,"{""kind"": ""background_sync""}",474.0,501420.0,33.03809404373169,0.06984797895080695,5.98433973256049,0.32489451476793246,0.6413502109704642,0.5287381553433579,14.347074603413205,15177.025627939767,2.399944543838501,0.0,0.308268517410554,1057.8481012658228,652.4076103226762,0.6167308988332106,0.5611814345991561,0.02536997885835095,3.5117251873016357,1.2414501171969023,13.0,0.0007050037384033203
FLOW-OTHER-0082,OTHER,PROFILE-05-TUNNEL-3DESCBC-NOPFS-IPV4,8167173,18.5,False,651.0,651,3DES,TUNNEL,4,False,False,"{""kind"": ""database""}",651.0,507138.0,18.51491689682007,0.028484487533569337,1.7504525999280605,0.07526881720430108,0.19969278033794163,9.860881483702403,35.16083834606944,27390.77916612744,0.0,0.0,0.8158528842248066,779.0138248847926,384.8644002342965,0.4940405265480541,0.21044546850998463,0.0,0.19992399215698242,4.35467883118722,1.0,0.004404783248901367
FLOW-OTHER-0083,OTHER,PROFILE-06-TUNNEL-AES256GCM-PFS-IPV6,817272,12.4,False,382.0,382,AES-GCM,TUNNEL,6,False,False,"{""kind"": ""database""}",382.0,318868.0,12.340472936630249,0.03238969274706102,1.6462193388233883,0.0549738219895288,0.23298429319371727,8.343843403856297,30.955053502537062,25839.20418912824,0.0,0.0,0.7859553169336528,834.7329842931937,393.48192865626265,0.4713865823685423,0.23298429319371727,0.0,0.19708895683288574,4.357776042184446,1.0,0.0045130252838134766
FLOW-OTHER-0084,OTHER,PROFILE-09-TUNNEL-NATT-CHACHA-IPV4,1910794,42.7,True,1468.0,1468,CHACHA20,TUNNEL,4,False,True,"{""kind"": ""sftp_upload""}",1468.0,1543800.0,1.7807791233062744,0.001213891699595279,0.4973856274058381,0.33310626702997276,0.6668937329700273,0.03882785657473464,824.3582714932356,866923.9097624369,0.0,0.0,0.9252467936261174,1051.6348773841962,659.8425934697325,0.6274445700308118,0.6668937329700273,0.0,0.002348184585571289,0.9180686003679677,1.0,0.0013098716735839844
FLOW-OTHER-0085,OTHER,PROFILE-01-TUNNEL-AES256GCM-PFS-IPV4,8378203,20.7,False,1428.0,1428,AES-GCM,TUNNEL,4,False,False,"{""kind"": ""sftp_upload""}",1428.0,1489032.0,3.589634895324707,0.002515511489365597,0.49229671506912004,0.3333333333333333,0.6659663865546218,0.03644534034212402,397.8120454143924,414814.33165790164,0.0,0.0,0.92967243148569,1042.7394957983192,659.9276693518863,0.632878750647732,0.6666666666666666,0.0,0.004250049591064453,0.9262347379906005,1.0,0.0027229785919189453
FLOW-OTHER-0086,OTHER,PROFILE-02-TRANSPORT-AES128CBC-PFS-IPV4,6112895,24.3,False,34.0,34,AES-CBC,TRANSPORT,4,False,False,"{""kind"": ""dns_like""}",34.0,7012.0,24.00438404083252,0.7274055769949248,1.2481315894704563,0.7941176470588235,0.0,1.8342764753435732,1.4164079337409572,292.1133068056351,1.9477203607559204,0.0,0.29435253850541926,206.23529411764707,82.25607748815297,0.3988457835991444,0.5,0.2727272727272727,2.920048952102661,1.8034086398791374,10.0,0.0483851432800293
FLOW-OTHER-0087,OTHER,PROFILE-03-TUNNEL-AES128GCM-NOPFS-IPV4,2370146,5.2,True,6.0,6,AES-GCM,TUNNEL,4,False,False,"{""kind"": ""dns_like""}",6.0,1256.0,3.407498836517334,0.6814997673034668,1.2062519156179825,0.8333333333333334,0.0,1.74235807860262,1.7608223180297125,368.59880524088646,1.6456910371780396,0.0,0.27070063694267515,209.33333333333334,86.76148659143385,0.4144657002775502,0.5,0.4,2.0195469856262207,1.2516291673878228,3.0,0.04875588417053223
FLOW-OTHER-0088,OTHER,PROFILE-04-TRANSPORT-AES256CBC-PFS-IPV6,6644841,29.3,False,184.0,184,AES-CBC,TRANSPORT,6,False,False,"{""kind"": ""ssh_interactive""}",184.0,44432.0,29.380171060562134,0.16054738284460182,1.1206661349578713,0.8532608695652174,0.0,1.226052104208417,6.2627273211144985,1512.31250180304,0.0,0.0,0.10154843356139721,241.47826086956522,42.41909902617944,0.1756642559600517,0.5,0.0,0.587691068649292,1.3832820596055377,1.0,0.04784893989562988
FLOW-OTHER-0089,OTHER,PROFILE-05-TUNNEL-3DESCBC-NOPFS-IPV4,826341,35.5,False,1182.0,1182,3DES,TUNNEL,4,False,False,"{""kind"": ""database""}",1182.0,914068.0,35.44993495941162,0.03001687972854498,1.708600879931725,0.07952622673434856,0.18358714043993232,9.082151287198606,33.34279742271263,25784.75816800684,0.0,0.0,0.8016296380575625,773.3231810490694,384.595529450265,0.49732833422700856,0.22419627749576987,0.0,0.20333409309387207,4.355633922919895,1.0,0.004442930221557617
FLOW-OTHER-0090,OTHER,PROFILE-06-TUNNEL-AES256GCM-PFS-IPV6,4135649,46.9,True,2418.0,2418,AES-GCM,TUNNEL,6,False,False,"{""kind"": ""sftp_upload""}",2418.0,2618588.0,4.499848127365112,0.001861749328657473,0.4895614266448959,0.3333333333333333,0.6662531017369727,0.04840476472641899,537.3514686629793,581928.0842114366,0.0,0.0,0.9076601588336921,1082.9561621174525,659.960125294074,0.6094061314575149,0.6666666666666666,0.0,0.0036439895629882812,0.9232986808248788,1.0,0.0020380020141601562
FLOW-OTHER-0091,OTHER,PROFILE-09-TUNNEL-NATT-CHACHA-IPV4,8334480,27.6,False,2002.0,2002,CHACHA20,TUNNEL,4,False,True,"{""kind"": ""sftp_upload""}",2002.0,2103852.0,0.7169919013977051,0.00035831679230270117,0.5698562469120158,0.3336663336663337,0.6663336663336663,0.03886435842156565,2792.2212176975754,2934275.8208269128,0.0,0.0,0.9251791475826248,1050.8751248751248,660.1197734315632,0.628161955503519,0.6668331668331668,0.0,0.0026688575744628906,0.9240357267079443,1.0,0.00040602684020996094
FLOW-OTHER-0092,OTHER,PROFILE-01-TUNNEL-AES256GCM-PFS-IPV4,7689627,58.7,False,781.0,781,AES-GCM,TUNNEL,4,False,False,"{""kind"": ""background_sync""}",781.0,801746.0,57.84177803993225,0.07415612569222084,5.69515227222541,0.33034571062740076,0.6427656850192062,1.0179254590850515,13.502351180505217,13861.019269609906,2.2748693327109017,0.0,0.008883112606735775,1026.5633802816901,655.8762961819177,0.6389048243684131,0.499359795134443,0.029487179487179487,3.7928271293640137,1.2554193290103717,24.0,0.0010440349578857422
FLOW-OTHER-0093,OTHER,PROFILE-02-TRANSPORT-AES128CBC-PFS-IPV4,4049996,35.4,True,493.0,493,AES-CBC,TRANSPORT,4,False,False,"{""kind"": ""background_sync""}",493.0,500546.0,36.208476066589355,0.07359446354997837,6.014849072742486,0.332657200811359,0.6430020283975659,1.0854519244390004,13.61559649992853,13824.000741690114,2.4164589984076366,0.0,0.0409752550215165,1015.3062880324544,653.3841980369887,0.6435340800490572,0.4969574036511156,0.026422764227642278,3.9900848865509033,1.2557908633916945,14.0,0.0006411075592041016
FLOW-OTHER-0094,OTHER,PROFILE-03-TUNNEL-AES128GCM-NOPFS-IPV4,6636674,39.7,True,256.0,256,AES-GCM,TUNNEL,4,False,False,"{""kind"": ""ssh_interactive""}",256.0,51224.0,39.301790952682495,0.15412467040267644,1.1007093094827674,0.98828125,0.0,1.2685562444641276,6.513698073154273,1303.3502738252128,0.0,0.0,0.11838200843354682,200.09375,42.96209039301393,0.2147098067431588,0.5,0.0,0.5733721256256104,1.425083707585015,1.0,0.047833919525146484
FLOW-OTHER-0095,OTHER,PROFILE-04-TRANSPORT-AES256CBC-PFS-IPV6,10000263,25.7,True,375.0,375,AES-CBC,TRANSPORT,6,False,False,"{""kind"": ""background_sync""}",375.0,397402.0,24.76196789741516,0.06620847031394428,6.379104954708421,0.3253333333333333,0.6426666666666667,0.8518093959981734,15.144192156033984,16048.886003179246,2.5733109050326877,0.0,0.08002476082153585,1059.7386666666666,652.6261255151283,0.6158368530308682,0.5093333333333333,0.0213903743315508,3.7930219173431396,1.17457062480079,9.0,0.00119781494140625
FLOW-OTHER-0096,OTHER,PROFILE-05-TUNNEL-3DESCBC-NOPFS-IPV4,5436477,5.9,True,219.0,219,3DES,TUNNEL,4,False,False,"{""kind"": ""database""}",219.0,170186.0,5.887418031692505,0.027006504732534426,1.7246106497882003,0.0776255707762557,0.1735159817351598,9.101258309591643,37.19797011543994,28906.729415827675,0.0,0.0,0.8020048652650629,777.1050228310502,371.3156209211618,0.47781909782082216,0.2191780821917808,0.0,0.19364404678344727,4.305898759135587,1.0,0.004425048828125
FLOW-OTHER-0097,OTHER,PROFILE-06-TUNNEL-AES256GCM-PFS-IPV6,7302751,46.7,True,624.0,624,AES-GCM,TUNNEL,6,False,False,"{""kind"": ""background_sync""}",624.0,662316.0,44.391645193099976,0.07125464717993575,5.908831662585526,0.328525641025641,0.6394230769230769,2.9613622498415015,14.056699121775093,14919.834512079477,2.213163230154249,0.0,0.49512317383243043,1061.4038461538462,655.9792276929942,0.6180298197241624,0.41185897435897434,0.024077046548956663,3.8859570026397705,1.294687432071778,16.0,0.0010020732879638672
FLOW-OTHER-0098,OTHER,PROFILE-09-TUNNEL-NATT-CHACHA-IPV4,5736483,35.2,False,40.0,40,CHACHA20,TUNNEL,4,False,True,"{""kind"": ""dns_like""}",40.0,8392.0,35.668087005615234,0.9145663334773138,1.1361173216227447,0.825,0.0,1.6692111959287532,1.121450668035625,235.28035015387414,1.9350446595085993,0.0,0.2507149666348904,209.8,75.67271635140368,0.3606897824185113,0.5,0.41025641025641024,2.7301530838012695,1.7107912955405011,17.0,0.04880785942077637
FLOW-OTHER-0099,OTHER,PROFILE-01-TUNNEL-AES256GCM-PFS-IPV4,9361218,50.5,True,276.0,276,AES-GCM,TUNNEL,4,False,False,"{""kind"": ""ssh_interactive""}",276.0,56596.0,50.30787706375122,0.18293773477727718,1.0011612023096075,0.9420289855072463,0.0,1.2935645971794456,5.486218383857599,1124.9928103362488,0.0,0.0,0.12799491130115204,205.05797101449275,45.39277349687162,0.221365564441596,0.5,0.0,0.5676190853118896,1.4715028756299513,1.0,0.04930305480957031
FLOW-OTHER-0100,OTHER,PROFILE-02-TRANSPORT-AES128CBC-PFS-IPV4,73193,7.3,True,298.0,298,AES-CBC,TRANSPORT,4,False,False,"{""kind"": ""sftp_upload""}",298.0,308276.0,0.15589618682861328,0.0005249029859549269,0.591983800621327,0.33221476510067116,0.6644295302013423,0.03524054509674863,1911.5284732885134,1977444.1329915763,0.0,0.0,0.9319181512670465,1034.4832214765102,655.1460988148426,0.6333076121619039,0.6677852348993288,0.0,0.0029621124267578125,0.9476285333358392,1.0,0.0006170272827148438
FLOW-OTHER-0101,OTHER,PROFILE-03-TUNNEL-AES128GCM-NOPFS-IPV4,2348743,28.0,False,40.0,40,AES-GCM,TUNNEL,4,False,False,"{""kind"": ""dns_like""}",40.0,8364.0,27.45847201347351,0.7040633849608593,1.2402470679681319,0.775,0.0,1.8029490616621984,1.456745298149603,304.605441843082,1.7411315270832606,0.0,0.2864658058345289,209.1,79.38003527336076,0.37962714143166315,0.5,0.3076923076923077,2.8173317909240723,1.61426340749232,13.0,0.04859805107116699
FLOW-OTHER-0102,OTHER,PROFILE-04-TRANSPORT-AES256CBC-PFS-IPV6,8852682,6.2,True,223.0,223,AES-CBC,TRANSPORT,6,False,False,"{""kind"": ""database""}",223.0,192666.0,6.187839031219482,0.027873148789276946,1.7412373505024006,0.04932735426008968,0.273542600896861,9.707235745248417,36.03842938946842,31136.23334866064,0.0,0.0,0.8132104263336551,863.9730941704036,397.3210505539519,0.4598766480517127,0.21076233183856502,0.0,0.1962599754333496,4.317717133567999,1.0,0.0042150020599365234
FLOW-OTHER-0103,OTHER,PROFILE-05-TUNNEL-3DESCBC-NOPFS-IPV4,4945301,41.4,False,183.0,183,3DES,TUNNEL,4,False,False,"{""kind"": ""background_sync""}",183.0,179330.0,39.856157064437866,0.21898987398042782,3.4686571296281756,0.3333333333333333,0.5956284153005464,3.7219442835325713,4.591511412004243,4499.430281501207,2.6615104334694997,0.0,0.5764456588412424,979.9453551912568,653.8268493466087,0.6672074579291217,0.3879781420765027,0.07692307692307693,3.98380708694458,1.5959374551202277,15.0,0.0006799697875976562
FLOW-OTHER-0104,OTHER,PROFILE-06-TUNNEL-AES256GCM-PFS-IPV6,527634,31.0,False,186.0,186,AES-GCM,TUNNEL,6,False,False,"{""kind"": ""ssh_interactive""}",186.0,45300.0,30.714956998825073,0.16602679458824363,1.0680749087114714,0.8602150537634409,0.0,1.2441295947686515,6.055681601869571,1474.8514869069438,0.0,0.0,0.1087858719646799,243.5483870967742,43.28662067725554,0.17773314450263863,0.5,0.0,0.5584020614624023,1.5391346966037869,1.0,0.047406911849975586
FLOW-OTHER-0105,OTHER,PROFILE-09-TUNNEL-NATT-CHACHA-IPV4,9488904,29.2,False,30.0,30,CHACHA20,TUNNEL,4,False,True,"{""kind"": ""dns_like""}",30.0,6732.0,27.86362314224243,0.960814591111808,1.1270673876741482,0.8333333333333334,0.0,1.7522485690923957,1.076672615289529,241.6053348709703,2.178570648034414,0.0,0.273321449792038,224.4,74.02053769056259,0.32985979362995804,0.5,0.41379310344827586,2.796103000640869,1.7329145639793977,13.0,0.0489652156829834
FLOW-OTHER-0106,OTHER,PROFILE-01-TUNNEL-AES256GCM-PFS-IPV4,932360,54.1,True,517.0,517,AES-GCM,TUNNEL,4,False,False,"{""kind"": ""sftp_upload""}",517.0,539250.0,0.20403504371643066,0.0003954167513884315,0.5712142113369996,0.33268858800773693,0.6653771760154739,0.036361539792055045,2533.8784484420735,2642928.3429833427,0.0,0.0,0.9298284654612887,1043.036750483559,659.362173926962,0.6321562242378106,0.6673114119922631,0.0,0.0022649765014648438,0.936742688059069,1.0,0.00045990943908691406
FLOW-OTHER-0107,OTHER,PROFILE-02-TRANSPORT-AES128CBC-PFS-IPV4,1673602,52.9,False,197.0,197,AES-CBC,TRANSPORT,4,False,False,"{""kind"": ""background_sync""}",197.0,193298.0,49.72796010971069,0.2537140821924015,3.126505249380058,0.3197969543147208,0.5939086294416244,0.05088671182681121,3.961554014388991,3887.108973976463,2.427569794654846,0.0,0.9031547144823019,981.2081218274112,641.5304846822764,0.6538169328312163,0.6751269035532995,0.09183673469387756,3.957214832305908,1.7093692399816325,19.0,0.001210927963256836
FLOW-OTHER-0108,OTHER,PROFILE-03-TUNNEL-AES128GCM-NOPFS-IPV4,4805712,57.6,True,70.0,70,AES-GCM,TUNNEL,4,False,False,"{""kind"": ""dns_like""}",70.0,15924.0,57.34155297279358,0.8310369996057041,1.1682326158164984,0.7142857142857143,0.0,1.9587513935340022,1.220755218004165,277.70437273569036,1.9452189339531794,0.0,0.3240391861341371,227.4857142857143,83.5967775963272,0.3674814388183185,0.5,0.37681159420289856,2.9439220428466797,1.7489441832044965,27.0,0.04695415496826172
FLOW-OTHER-0109,OTHER,PROFILE-04-TRANSPORT-AES256CBC-PFS-IPV6,6436975,44.6,True,48.0,48,AES-CBC,TRANSPORT,6,False,False,"{""kind"": ""dns_like""}",48.0,12432.0,44.3988139629364,0.9446556162326893,1.1053462922583996,0.625,0.0,1.745583038869258,1.0811099602811423,280.00747971281584,2.0272308531261625,0.0,0.27155727155727155,259.0,85.58231904624537,0.3304336642712177,0.5,0.44680851063829785,2.9262540340423584,2.1650061931313047,22.0,0.04665994644165039
FLOW-OTHER-0110,OTHER,PROFILE-05-TUNNEL-3DESCBC-NOPFS-IPV4,4569584,21.8,False,241.0,241,3DES,TUNNEL,4,False,False,"{""kind"": ""background_sync""}",241.0,244414.0,21.09180998802185,0.08788254161675771,5.090772807948842,0.33195020746887965,0.6307053941908713,3.45555636575762,11.426236066836614,11588.099842488815,2.1254069010416665,0.0,0.5511222761380281,1014.1659751037345,655.4441317127378,0.6462888203735048,0.3983402489626556,0.03333333333333333,3.8952789306640625,1.3473434160068996,9.0,0.0007488727569580078
FLOW-OTHER-0111,OTHER,PROFILE-06-TUNNEL-AES256GCM-PFS-IPV6,520763,37.0,False,48.0,48,AES-GCM,TUNNEL,6,False,False,"{""kind"": ""dns_like""}",48.0,12012.0,36.825847864151,0.7835286779606596,1.2854789552017487,0.75,0.0,1.611304347826087,1.3034323113773232,326.1839359221751,2.0233453661203384,0.0,0.2340992340992341,250.25,81.55736733530985,0.3259035657754639,0.5,0.3191489361702128,2.9614670276641846,1.9928900976849477,16.0,0.04767799377441406
FLOW-OTHER-0112,OTHER,PROFILE-09-TUNNEL-NATT-CHACHA-IPV4,1644938,19.0,False,483.0,483,CHACHA20,TUNNEL,4,False,True,"{""kind"": ""background_sync""}",483.0,503518.0,18.667680025100708,0.03872962660809275,7.957902201001428,0.33126293995859213,0.6563146997929606,0.5192746364130106,25.87359539860092,26972.714302096767,2.1705692410469055,0.0,0.3164176851671639,1042.48033126294,658.184491751742,0.6313639423339213,0.5590062111801242,0.014522821576763486,3.8910531997680664,1.1161706727442957,8.0,0.0010671615600585938
FLOW-OTHER-0113,OTHER,PROFILE-01-TUNNEL-AES256GCM-PFS-IPV4,9774689,39.1,True,2133.0,2133,AES-GCM,TUNNEL,4,False,False,"{""kind"": ""sftp_upload""}",2133.0,2224934.0,2.5641860961914062,0.0012027139287952187,0.501686290192355,0.3333333333333333,0.6661978434130333,0.03643225677823512,831.8429006257197,867695.99262109,0.0,0.0,0.9296967910059354,1043.1007969995312,659.8892373667194,0.6326226950117227,0.6666666666666666,0.0,0.002420186996459961,0.9238822819657965,1.0,0.0013318061828613281
FLOW-OTHER-0114,OTHER,PROFILE-02-TRANSPORT-AES128CBC-PFS-IPV4,5909159,16.3,True,24.0,24,AES-CBC,TRANSPORT,4,False,False,"{""kind"": ""dns_like""}",24.0,4672.0,16.288233041763306,0.7081840452940568,1.2342192664031137,0.875,0.0,1.6425339366515836,1.4734563250945387,286.8328312850702,1.7695102393627167,0.0,0.24315068493150682,194.66666666666666,62.478440726026086,0.320950894140545,0.5,0.34782608695652173,2.7383830547332764,1.6821501304958755,9.0,0.049952030181884766
FLOW-OTHER-0115,OTHER,PROFILE-03-TUNNEL-AES128GCM-NOPFS-IPV4,9621571,30.0,True,170.0,170,AES-GCM,TUNNEL,4,False,False,"{""kind"": ""ssh_interactive""}",170.0,34732.0,29.806639194488525,0.17637064612123388,1.0378773518999893,0.9823529411764705,0.0,1.273334206047912,5.703427309961007,1165.2437489974452,0.0,0.0,0.12023494184037774,204.30588235294118,42.88151213570927,0.20988877873634043,0.5,0.0,0.5782220363616943,1.4687511382400338,1.0,0.047933101654052734
FLOW-OTHER-0116,OTHER,PROFILE-04-TRANSPORT-AES256CBC-PFS-IPV6,8623800,6.3,True,1641.0,1641,AES-CBC,TRANSPORT,6,False,False,"{""kind"": ""sftp_upload""}",1641.0,1768054.0,0.6968591213226318,0.0004249140983674584,0.5430916014567463,0.3333333333333333,0.6660572821450336,0.048665364969478125,2354.8518628634693,2537175.658466306,0.0,0.0,0.9071860927324618,1077.4247410115784,656.2018540212479,0.6090465802791474,0.6666666666666666,0.0,0.0018589496612548828,0.9253265668367352,1.0,0.0004870891571044922
FLOW-OTHER-0117,OTHER,PROFILE-05-TUNNEL-3DESCBC-NOPFS-IPV4,6938494,13.5,False,251.0,251,3DES,TUNNEL,4,False,False,"{""kind"": ""background_sync""}",251.0,255842.0,14.12440800666809,0.056497632026672365,6.231426531368925,0.33067729083665337,0.6374501992031872,3.227535609240226,17.770656290975428,18113.467118708108,2.333029365539551,0.0,0.5269111404695085,1019.2908366533865,657.9045746597791,0.6454532416085105,0.40239043824701193,0.02,3.5472469329833984,1.2343469586693672,6.0,0.0006570816040039062
FLOW-OTHER-0118,OTHER,PROFILE-06-TUNNEL-AES256GCM-PFS-IPV6,3028071,46.6,False,285.0,285,AES-GCM,TUNNEL,6,False,False,"{""kind"": ""sftp_upload""}",285.0,307418.0,0.08796501159667969,0.0003097359563263369,0.5367851916988198,0.3368421052631579,0.6631578947368421,0.04860694209463516,3239.9245430299875,3494775.8707690975,0.0,0.0,0.9072923511310333,1078.659649122807,661.3599279792496,0.6131312397910537,0.6666666666666666,0.0,0.0007929801940917969,0.949905474072375,1.0,0.0003719329833984375
FLOW-OTHER-0119,OTHER,PROFILE-09-TUNNEL-NATT-CHACHA-IPV4,3996576,51.4,False,298.0,298,CHACHA20,TUNNEL,4,False,True,"{""kind"": ""ssh_interactive""}",298.0,63016.0,51.07188296318054,0.1719592018962308,1.0465204265512662,0.9395973154362416,0.0,1.279389423424727,5.834913120685962,1233.8687423259953,0.0,0.0,0.12257204519487117,211.46308724832215,43.17663479025637,0.20418048063184585,0.5,0.0,0.5729451179504395,1.5091393181436374,1.0,0.04816412925720215
FLOW-OTHER-0120,OTHER,PROFILE-01-TUNNEL-AES256GCM-PFS-IPV4,8385221,34.0,True,1189.0,1189,AES-GCM,TUNNEL,4,False,False,"{""kind"": ""database""}",1189.0,905174.0,33.9188449382782,0.02855121627801195,1.7166442302591436,0.09083263246425567,0.18166526492851134,9.102613897631644,35.05425972386772,26686.4629867891,0.0,0.0,0.8020314326306324,761.2901597981497,386.8844837679304,0.5081958288683384,0.22287636669470143,0.0,0.2022418975830078,4.362127266529897,1.0,0.004517078399658203
FLOW-OTHER-0121,OTHER,PROFILE-02-TRANSPORT-AES128CBC-PFS-IPV4,2474538,36.0,False,224.0,224,AES-CBC,TRANSPORT,4,False,False,"{""kind"": ""ssh_interactive""}",224.0,44864.0,36.20381999015808,0.1623489685657313,1.0804763434622018,1.0,0.0,1.3078189300411522,6.187192402925819,1239.2062498431428,0.0,0.0,0.13338088445078458,200.28571428571428,46.370293094099075,0.23152072158252035,0.5,0.0,0.5516841411590576,1.412782593363594,1.0,0.047988176345825195
FLOW-OTHER-0122,OTHER,PROFILE-03-TUNNEL-AES128GCM-NOPFS-IPV4,7993563,55.4,True,587.0,587,AES-GCM,TUNNEL,4,False,False,"{""kind"": ""background_sync""}",587.0,597230.0,56.769243001937866,0.09687584130023527,5.051452509480476,0.3270868824531516,0.6354344122657581,0.8224011033944024,10.34010617298459,10520.30938618669,2.3503852616185728,0.0,0.09745324246940042,1017.427597955707,656.5998416717198,0.6453528909487124,0.5212947189097104,0.03924914675767918,3.949741840362549,1.3175810598298097,24.0,0.0007638931274414062
FLOW-OTHER-0123,OTHER,PROFILE-04-TRANSPORT-AES256CBC-PFS-IPV6,1181244,14.7,False,1881.0,1881,AES-CBC,TRANSPORT,6,False,False,"{""kind"": ""sftp_upload""}",1881.0,2026710.0,2.926619052886963,0.0015567122621739165,0.46827320757013013,0.3333333333333333,0.6661350345560871,0.04866350004656794,642.7211625457327,692508.9884864764,0.0,0.0,0.9071894844353656,1077.4641148325359,656.2275395321901,0.6090481627169401,0.6666666666666666,0.0,0.002919912338256836,0.9245342398404892,1.0,0.0016090869903564453
FLOW-OTHER-0124,OTHER,PROFILE-05-TUNNEL-3DESCBC-NOPFS-IPV4,2677930,38.6,False,761.0,761,3DES,TUNNEL,4,False,False,"{""kind"": ""background_sync""}",761.0,785110.0,37.35407304763794,0.049150096115313076,7.334050145258988,0.3324572930354796,0.6530880420499343,1.6419380022343963,20.372611014319396,21018.05602293338,2.3602867921193442,0.0,0.24297996459094906,1031.681997371879,658.263736834829,0.6380490679411864,0.45992115637319314,0.019736842105263157,3.90254807472229,1.1479236113251188,16.0,0.0007939338684082031
FLOW-OTHER-0125,OTHER,PROFILE-06-TUNNEL-AES256GCM-PFS-IPV6,2005310,33.6,False,1154.0,1154,AES-GCM,TUNNEL,6,False,False,"{""kind"": ""database""}",1154.0,949732.0,33.60701298713684,0.029147452720847216,1.7307929324631224,0.05285961871750433,0.22616984402079723,8.828948730155444,34.33807105801685,28259.93492380629,0.0,0.0,0.7965194391681022,822.9913344887349,385.5090423868129,0.4684241816790232,0.22097053726169844,0.0,0.20381808280944824,4.356390331586287,1.0,0.004338979721069336
FLOW-OTHER-0126,OTHER,PROFILE-09-TUNNEL-NATT-CHACHA-IPV4,5815805,38.1,True,234.0,234,CHACHA20,TUNNEL,4,False,True,"{""kind"": ""ssh_interactive""}",234.0,48896.0,38.05408477783203,0.16332225226537353,1.0893529397939021,0.9444444444444444,0.0,1.2349392083371424,6.1491427626269966,1284.9080535102976,0.0,0.0,0.10512107329842936,208.95726495726495,41.57176745015537,0.19894865803616568,0.5,0.0,0.5709822177886963,1.4654737633753443,1.0,0.04668903350830078
FLOW-OTHER-0127,OTHER,PROFILE-01-TUNNEL-AES256GCM-PFS-IPV4,6093158,40.7,True,2401.0,2401,AES-GCM,TUNNEL,4,False,False,"{""kind"": ""sftp_upload""}",2401.0,2504362.0,1.4312779903411865,0.0005963658293088277,0.5329152312159077,0.3331945022907122,0.6663890045814244,0.03641838433148675,1677.5217785803106,1749738.357538086,0.0,0.0,0.9297226199726718,1043.0495626822158,659.9753113092261,0.632736290701365,0.6668054977092878,0.0,0.0028541088104248047,0.9231910937034113,1.0,0.0006780624389648438
FLOW-OTHER-0128,OTHER,PROFILE-02-TRANSPORT-AES128CBC-PFS-IPV4,9604697,44.0,False,221.0,221,AES-CBC,TRANSPORT,4,False,False,"{""kind"": ""background_sync""}",221.0,218290.0,44.82894802093506,0.20376794554970482,3.593292385162337,0.3212669683257919,0.6108597285067874,0.5839464785870812,4.929850236431899,4869.398226745336,2.6122358266045067,0.0,0.26266892665719915,987.737556561086,648.4200805085385,0.6564700068367172,0.5384615384615384,0.07727272727272727,3.8073761463165283,1.5421414746371715,18.0,0.0006420612335205078
FLOW-OTHER-0129,OTHER,PROFILE-03-TUNNEL-AES128GCM-NOPFS-IPV4,9313097,31.6,True,40.0,40,AES-GCM,TUNNEL,4,False,False,"{""kind"": ""dns_like""}",40.0,8804.0,32.31084895133972,0.8284833064446082,1.2123039915755014,0.75,0.0,1.8998682476943347,1.2379742810298848,272.47813925467767,1.957024304072062,0.0,0.3103134938664243,220.1,82.30668259625097,0.3739513066617491,0.5,0.3333333333333333,2.916205883026123,2.0452342853664143,14.0,0.047920942306518555
FLOW-OTHER-0130,OTHER,PROFILE-04-TRANSPORT-AES256CBC-PFS-IPV6,1771951,55.8,True,1987.0,1987,AES-CBC,TRANSPORT,6,False,False,"{""kind"": ""database""}",1987.0,1647298.0,55.76653695106506,0.028079827266397312,1.71335792012966,0.06139909411172622,0.23402113739305486,8.963576319163865,35.63068658438635,29539.18407100477,0.0,0.0,0.7992688633143488,829.0377453447409,392.2958222612275,0.47319416331049935,0.22043281328636136,0.0,0.2034299373626709,4.377254573774656,1.0,0.004369020462036133
FLOW-OTHER-0131,OTHER,PROFILE-05-TUNNEL-3DESCBC-NOPFS-IPV4,5923832,47.1,False,1685.0,1685,3DES,TUNNEL,4,False,False,"{""kind"": ""database""}",1685.0,1320846.0,47.12266206741333,0.02798257842482977,1.74230942999617,0.08783382789317508,0.20178041543026706,9.83442154997047,35.75774215789107,28029.952936665748,0.0,0.0,0.8154031582788607,783.8848664688427,391.92618276702973,0.49997926931863756,0.21602373887240356,0.0,0.20247197151184082,4.384471851480838,1.0,0.0042459964752197266
FLOW-OTHER-0132,OTHER,PROFILE-06-TUNNEL-AES256GCM-PFS-IPV6,9454081,16.7,True,572.0,572,AES-GCM,TUNNEL,6,False,False,"{""kind"": ""database""}",572.0,480076.0,16.55612015724182,0.028994956492542596,1.7195527084426003,0.06118881118881119,0.2534965034965035,8.933291951169046,34.54915732474925,28996.89030041315,0.0,0.0,0.7986568793274398,839.2937062937064,395.86347742320424,0.4716626306794608,0.22202797202797203,0.0,0.20274090766906738,4.360258191696311,1.0,0.004409074783325195
FLOW-OTHER-0133,OTHER,PROFILE-09-TUNNEL-NATT-CHACHA-IPV4,108201,31.3,True,36.0,36,CHACHA20,TUNNEL,4,False,True,"{""kind"": ""dns_like""}",36.0,7880.0,29.934464931488037,0.8552704266139439,1.2575914653266178,0.7222222222222222,0.0,1.717241379310345,1.202627141737604,263.24171880256444,2.24034849802653,0.0,0.2639593908629442,218.88888888888889,75.15383400354301,0.3433423888486737,0.5,0.34285714285714286,2.9647040367126465,1.6930467278048733,13.0,0.04821491241455078
FLOW-OTHER-0134,OTHER,PROFILE-01-TUNNEL-AES256GCM-PFS-IPV4,3204454,18.5,True,505.0,505,AES-GCM,TUNNEL,4,False,False,"{""kind"": ""sftp_upload""}",505.0,526746.0,0.2055220603942871,0.00040778186586168077,0.5644023023256662,0.3326732673267327,0.6653465346534654,0.03635891442669783,2457.157149121484,2562965.74192306,0.0,0.0,0.9298333542162637,1043.061386138614,659.3408396014909,0.6321208400229956,0.6673267326732674,0.0,0.0014591217041015625,0.9371138725292656,1.0,0.000476837158203125
FLOW-OTHER-0135,OTHER,PROFILE-02-TRANSPORT-AES128CBC-PFS-IPV4,7726745,26.5,True,172.0,172,AES-CBC,TRANSPORT,4,False,False,"{""kind"": ""ssh_interactive""}",172.0,33560.0,26.721813201904297,0.15626791346142863,1.0939402219942371,1.0,0.0,1.2755627881746678,6.436688958956672,1255.9027992010808,0.0,0.0,0.12109654350417168,195.11627906976744,43.479591204046045,0.22283938280977114,0.5,0.0,0.5666320323944092,1.3155920817278428,1.0,0.047857046127319336
FLOW-OTHER-0136,OTHER,PROFILE-03-TUNNEL-AES128GCM-NOPFS-IPV4,7430986,8.7,True,12.0,12,AES-GCM,TUNNEL,4,False,False,"{""kind"": ""dns_like""}",12.0,2712.0,8.671627044677734,0.7883297313343395,1.1539606014541048,0.6666666666666666,0.0,1.9478260869565218,1.3838233515087661,312.7440774409812,1.7019807815551757,0.0,0.3215339233038348,226.0,89.51722366859538,0.3960939100380326,0.5,0.45454545454545453,2.69854998588562,1.6140054628542202,6.0,0.04600405693054199
FLOW-OTHER-0137,OTHER,PROFILE-04-TRANSPORT-AES256CBC-PFS-IPV6,4014951,22.8,True,28.0,28,AES-CBC,TRANSPORT,6,False,False,"{""kind"": ""dns_like""}",28.0,6808.0,23.075030088424683,0.854630744015729,1.1860883830772548,0.8214285714285714,0.0,1.4846715328467153,1.2134328706269324,295.0375351152913,1.9410373297604648,0.0,0.19506462984723852,243.14285714285714,64.4347478825973,0.26500777625040023,0.5,0.37037037037037035,2.871377944946289,1.9437545839367456,11.0,0.04950714111328125
FLOW-OTHER-0138,OTHER,PROFILE-05-TUNNEL-3DESCBC-NOPFS-IPV4,2548085,57.2,False,2028.0,2028,3DES,TUNNEL,4,False,False,"{""kind"": ""database""}",2028.0,1578720.0,57.078125953674316,0.028158917589380522,1.7307376119782838,0.08481262327416174,0.1947731755424063,9.471882089176031,35.5302485166728,27658.9319222099,0.0,0.0,0.8090123644471471,778.4615384615385,388.2864088604188,0.49878688885231665,0.21942800788954636,0.0,0.20454001426696777,4.368651749893872,1.0,0.004385948181152344
FLOW-OTHER-0139,OTHER,PROFILE-06-TUNNEL-AES256GCM-PFS-IPV6,50224,41.5,True,1430.0,1430,AES-GCM,TUNNEL,6,False,False,"{""kind"": ""database""}",1430.0,1183644.0,41.350544929504395,0.02893670044052092,1.7092810238322824,0.05944055944055944,0.23286713286713287,8.821793680297398,34.582373761649464,28624.628817296376,0.0,0.0,0.7963712062072718,827.723076923077,393.17609565527806,0.4750092230324723,0.22517482517482518,0.0,0.20248794555664062,4.375165531122067,1.0,0.004363059997558594
FLOW-OTHER-0140,OTHER,PROFILE-09-TUNNEL-NATT-CHACHA-IPV4,1909086,18.1,True,644.0,644,CHACHA20,TUNNEL,4,False,True,"{""kind"": ""database""}",644.0,501348.0,17.95114302635193,0.027917796308478893,1.7308152252407827,0.06987577639751552,0.18944099378881987,8.71981388134936,35.87515285542656,27928.472257395024,0.0,0.0,0.7942347431325147,778.4906832298136,378.94824402855903,0.4867729983053528,0.2236024844720497,0.0,0.20125889778137207,4.313235269378743,1.0,0.004385948181152344
FLOW-OTHER-0141,OTHER,PROFILE-01-TUNNEL-AES256GCM-PFS-IPV4,7688076,18.9,True,643.0,643,AES-GCM,TUNNEL,4,False,False,"{""kind"": ""database""}",643.0,505190.0,18.882729053497314,0.02941235055061887,1.7443532257236636,0.08087091757387248,0.19284603421461896,8.872005315199125,34.05228122366711,26754.07768489018,0.0,0.0,0.7974069162097429,785.6765163297046,383.3490398293666,0.4879222324477577,0.2255054432348367,0.0,0.20450782775878906,4.31245895281966,1.0,0.004441022872924805
FLOW-OTHER-0142,OTHER,PROFILE-02-TRANSPORT-AES128CBC-PFS-IPV4,4634789,39.0,True,589.0,589,AES-CBC,TRANSPORT,4,False,False,"{""kind"": ""background_sync""}",589.0,600466.0,36.468554973602295,0.06202135199592227,6.430377747494033,0.3310696095076401,0.6468590831918506,1.068874509884991,16.150900424388812,16465.308275434723,2.2335458248853683,0.0,0.03329081080360922,1019.4668930390492,653.1967266258503,0.6407238244673734,0.4940577249575552,0.022108843537414966,3.740251064300537,1.187541608511697,14.0,0.0006639957427978516
FLOW-OTHER-0143,OTHER,PROFILE-03-TUNNEL-AES128GCM-NOPFS-IPV4,9668193,31.9,False,36.0,36,AES-GCM,TUNNEL,4,False,False,"{""kind"": ""dns_like""}",36.0,7288.0,30.580754041671753,0.8737358297620501,1.12731392381922,0.8333333333333334,0.0,1.644412191582003,1.1772109984908663,238.31982658337316,1.8393202722072601,0.0,0.2436882546652031,202.44444444444446,68.69434896879739,0.3393244460588235,0.5,0.4,2.8405210971832275,1.5129370718937538,15.0,0.0473480224609375
FLOW-OTHER-0144,OTHER,PROFILE-04-TRANSPORT-AES256CBC-PFS-IPV6,1907620,49.6,True,64.0,64,AES-CBC,TRANSPORT,6,False,False,"{""kind"": ""dns_like""}",64.0,16096.0,50.17452692985535,0.7964210623786563,1.2197025677985127,0.71875,0.0,1.6335078534031413,1.2755476516893294,320.8002343998663,1.9077560901641846,0.0,0.24055666003976142,251.5,82.56966755413274,0.328308817312655,0.5,0.3492063492063492,2.9138801097869873,1.9577486134109219,23.0,0.0487370491027832
FLOW-OTHER-0145,OTHER,PROFILE-05-TUNNEL-3DESCBC-NOPFS-IPV4,9299799,39.2,True,303.0,303,3DES,TUNNEL,4,False,False,"{""kind"": ""background_sync""}",303.0,308922.0,37.93585801124573,0.1256154238782971,4.7987614432584405,0.3201320132013201,0.636963696369637,1.4244008099072374,7.987166124203083,8143.27172746226,2.6577697140829906,0.0,0.1750538971002389,1019.5445544554456,653.7064397732678,0.6411749608357454,0.46534653465346537,0.046357615894039736,3.9216220378875732,1.3018403606681441,15.0,0.0006341934204101562
FLOW-OTHER-0146,OTHER,PROFILE-06-TUNNEL-AES256GCM-PFS-IPV6,6084783,57.2,True,366.0,366,AES-GCM,TUNNEL,6,False,False,"{""kind"": ""ssh_interactive""}",366.0,88056.0,57.01228594779968,0.15619804369260187,1.1006810650773673,0.8715846994535519,0.0,1.214131254714609,6.419668917241957,1544.509197203983,0.0,0.0,0.0967111837921323,240.59016393442624,42.88377113488367,0.17824407462713981,0.5,0.0,0.5744509696960449,1.3844583134843862,1.0,0.04712986946105957
FLOW-OTHER-0147,OTHER,PROFILE-09-TUNNEL-NATT-CHACHA-IPV4,1267881,22.4,False,1786.0,1786,CHACHA20,TUNNEL,4,False,True,"{""kind"": ""sftp_upload""}",1786.0,1877868.0,1.457047939300537,0.000816273355350441,0.5163343758432312,0.33314669652855544,0.6668533034714446,0.03884031160761604,1225.7661205419074,1288816.894316792,0.0,0.0,0.9252237111447662,1051.437849944009,659.7963188042008,0.62751813513213,0.6668533034714446,0.0,0.0021479129791259766,0.9246376658610767,1.0,0.0009210109710693359
FLOW-OTHER-0148,OTHER,PROFILE-01-TUNNEL-AES256GCM-PFS-IPV4,9903097,22.1,True,794.0,794,AES-GCM,TUNNEL,4,False,False,"{""kind"": ""database""}",794.0,637428.0,22.132017135620117,0.02790922715715021,1.7510291657806893,0.07808564231738035,0.2367758186397985,10.266357948319135,35.875627383376006,28801.170543741307,0.0,0.0,0.8224803428779407,802.8060453400503,400.47925340369227,0.4988493244766965,0.2128463476070529,0.0,0.19885611534118652,4.359589519979928,1.0,0.004319906234741211
FLOW-OTHER-0149,OTHER,PROFILE-02-TRANSPORT-AES128CBC-PFS-IPV4,9581661,6.0,False,195.0,195,AES-CBC,TRANSPORT,4,False,False,"{""kind"": ""database""}",195.0,158798.0,5.910501956939697,0.030466504932678853,1.762250441885739,0.10256410256410256,0.2358974358974359,11.02104466313399,32.992121721750664,26867.092026515704,0.0,0.0,0.8336251086285722,814.348717948718,397.74807312901413,0.4884247550986647,0.21025641025641026,0.0,0.20317792892456055,4.3738649163998025,1.0,0.004608869552612305
FLOW-OTHER-0150,OTHER,PROFILE-03-TUNNEL-AES128GCM-NOPFS-IPV4,7549025,54.8,False,405.0,405,AES-GCM,TUNNEL,4,False,False,"{""kind"": ""background_sync""}",405.0,406738.0,54.57577586174011,0.1350885541132181,4.364074613283269,0.3234567901234568,0.6197530864197531,0.09936914485882792,7.420874803979138,7452.720434619423,2.5529640913009644,0.0,0.8192251523093491,1004.2913580246914,654.2497911230646,0.6514541680512791,0.6444444444444445,0.04950495049504951,3.907017230987549,1.4502587098352089,21.0,0.0007879734039306641
FLOW-OTHER-0151,OTHER,PROFILE-04-TRANSPORT-AES256CBC-PFS-IPV6,1072699,49.1,True,1655.0,1655,AES-CBC,TRANSPORT,6,False,False,"{""kind"": ""database""}",1655.0,1346330.0,49.06769418716431,0.02966607871049837,1.6763270177875398,0.06042296072507553,0.21812688821752266,8.307629555887395,33.72891323743788,27438.216168555737,0.0,0.0,0.7851225182533257,813.4924471299094,387.3257960676638,0.4761270955055474,0.229607250755287,0.0,0.20360016822814941,4.361306803713479,1.0,0.004542112350463867
FLOW-OTHER-0152,OTHER,PROFILE-05-TUNNEL-3DESCBC-NOPFS-IPV4,5867785,36.9,True,44.0,44,3DES,TUNNEL,4,False,False,"{""kind"": ""dns_like""}",44.0,8608.0,34.86475396156311,0.8108082316642584,1.2483076064753287,0.8863636363636364,0.0,1.6404907975460123,1.2620195182936929,246.8969093970934,2.082687171300252,0.0,0.24256505576208182,195.63636363636363,66.1365979377293,0.33805881845493607,0.5,0.32558139534883723,2.9648101329803467,1.6970856637022105,15.0,0.0496060848236084
FLOW-OTHER-0153,OTHER,PROFILE-06-TUNNEL-AES256GCM-PFS-IPV6,4065971,29.5,True,1006.0,1006,AES-GCM,TUNNEL,6,False,False,"{""kind"": ""database""}",1006.0,824380.0,29.438885927200317,0.02929242380815952,1.693600066669503,0.061630218687872766,0.220675944333996,8.589605192750623,34.17248881250963,28003.097740811816,0.0,0.0,0.791440840389141,819.4632206759443,388.9983954072161,0.4746990293064599,0.22564612326043737,0.0,0.20363402366638184,4.369218027823266,1.0,0.004481077194213867
FLOW-OTHER-0154,OTHER,PROFILE-09-TUNNEL-NATT-CHACHA-IPV4,73232,15.2,False,1747.0,1747,CHACHA20,TUNNEL,4,False,True,"{""kind"": ""sftp_upload""}",1747.0,1836870.0,0.5437169075012207,0.00031140716351730856,0.5603542821330483,0.3331425300515169,0.6668574699484832,0.03883962958815605,3213.069109858567,3378357.3301808275,0.0,0.0,0.9252249750935014,1051.4424728105323,659.7931771519035,0.6275123881844525,0.6668574699484832,0.0,0.00102996826171875,0.9247610029809475,1.0,0.00035691261291503906
FLOW-OTHER-0155,OTHER,PROFILE-01-TUNNEL-AES256GCM-PFS-IPV4,771118,25.7,True,866.0,866,AES-GCM,TUNNEL,4,False,False,"{""kind"": ""database""}",866.0,678888.0,25.606393098831177,0.029602766588244137,1.7267010975236596,0.08660508083140878,0.20785219399538107,9.392945715073022,33.81967919720522,26512.4415367578,0.0,0.0,0.8075617774949624,783.9353348729792,390.90066601554986,0.49863891653625664,0.22055427251732102,0.0,0.20093703269958496,4.372107057698402,1.0,0.004207134246826172
FLOW-OTHER-0156,OTHER,PROFILE-02-TRANSPORT-AES128CBC-PFS-IPV4,9547087,28.4,True,184.0,184,AES-CBC,TRANSPORT,4,False,False,"{""kind"": ""ssh_interactive""}",184.0,36496.0,28.354232788085938,0.1549411627764259,1.0791917721821238,1.0,0.0,1.309873417721519,6.4893309360609575,1287.1446839265254,0.0,0.0,0.1341516878562034,198.34782608695653,43.6015642875067,0.21982375681995922,0.5,0.0,0.5475130081176758,1.3955295450016365,1.0,0.048388004302978516
FLOW-OTHER-0157,OTHER,PROFILE-03-TUNNEL-AES128GCM-NOPFS-IPV4,682641,56.4,False,1882.0,1882,AES-GCM,TUNNEL,4,False,False,"{""kind"": ""database""}",1882.0,1484012.0,56.491971015930176,0.030032945781993715,1.7003160573872544,0.08395324123273114,0.2013815090329437,9.125489553908926,33.31446869625587,26269.43215667804,0.0,0.0,0.8024786861561767,788.529224229543,390.1979394233349,0.4948427115109017,0.22794899043570668,0.0,0.2029860019683838,4.377942351156382,1.0,0.0045011043548583984
FLOW-OTHER-0158,OTHER,PROFILE-04-TRANSPORT-AES256CBC-PFS-IPV6,3779311,59.1,True,322.0,322,AES-CBC,TRANSPORT,6,False,False,"{""kind"": ""background_sync""}",322.0,330284.0,55.922600984573364,0.17421371023231577,3.6819787480795094,0.3167701863354037,0.6024844720496895,1.463445559914674,5.757958219590429,5906.091529811196,2.141326913833618,0.0,0.18812900412977926,1025.7267080745341,648.0996969888106,0.6318444200457698,0.468944099378882,0.06542056074766354,3.988913059234619,1.5917593188200605,22.0,0.0008420944213867188
FLOW-OTHER-0159,OTHER,PROFILE-05-TUNNEL-3DESCBC-NOPFS-IPV4,5186085,41.3,True,54.0,54,3DES,TUNNEL,4,False,False,"{""kind"": ""dns_like""}",54.0,11604.0,42.79601311683655,0.8074719456006896,1.2102710166528,0.7777777777777778,0.0,1.8261081344374086,1.261799781502442,271.1467530473025,1.8892178194863456,0.0,0.29231299551878664,214.88888888888889,75.68616162633955,0.35221067975028747,0.5,0.3584905660377358,2.9115359783172607,2.0843688177125737,20.0,0.04797506332397461
FLOW-OTHER-0160,OTHER,PROFILE-06-TUNNEL-AES256GCM-PFS-IPV6,6799386,29.7,True,2712.0,2712,AES-GCM,TUNNEL,6,False,False,"{""kind"": ""sftp_upload""}",2712.0,2937948.0,1.3721628189086914,0.0005061463736291742,0.5488823392578086,0.3333333333333333,0.6666666666666666,0.048387994638781476,1976.441835202114,2141107.4250915856,0.0,0.0,0.9076906738989253,1083.3141592920354,659.9535259896535,0.6091986524213295,0.6666666666666666,0.0,0.003036975860595703,0.9228173956158199,1.0,0.0005829334259033203
FLOW-OTHER-0161,OTHER,PROFILE-09-TUNNEL-NATT-CHACHA-IPV4,9057673,24.1,False,148.0,148,CHACHA20,TUNNEL,4,False,True,"{""kind"": ""ssh_interactive""}",148.0,31436.0,24.19080090522766,0.16456327146413374,1.0643002941537614,0.9459459459459459,0.0,1.2563881711168532,6.118028112414295,1299.5022414990256,0.0,0.0,0.1136276880010179,212.40540540540542,41.95168357247866,0.19750760811575394,0.5,0.0,0.5576820373535156,1.509120231808018,1.0,0.0460968017578125
FLOW-OTHER-0162,OTHER,PROFILE-01-TUNNEL-AES256GCM-PFS-IPV4,4820530,34.5,True,1195.0,1195,AES-GCM,TUNNEL,4,False,False,"{""kind"": ""database""}",1195.0,943670.0,34.42870593070984,0.02883476208602164,1.7476531852831583,0.09037656903765691,0.20669456066945607,9.672102596580114,34.709407969181896,27409.394994374794,0.0,0.0,0.8125955047845115,789.6820083682009,389.7138604458167,0.493507331199202,0.22092050209205022,0.0,0.20341086387634277,4.389103883773602,1.0,0.004293918609619141
FLOW-OTHER-0163,OTHER,PROFILE-02-TRANSPORT-AES128CBC-PFS-IPV4,6143502,59.8,True,382.0,382,AES-CBC,TRANSPORT,4,False,False,"{""kind"": ""ssh_interactive""}",382.0,73532.0,59.579243898391724,0.1563759682372486,1.085104743078832,1.0,0.0,1.2657299562457633,6.411628866111067,1234.1882036201018,0.0,0.0,0.11728227166403747,192.49214659685865,42.96143029855826,0.2231853665621669,0.5,0.0,0.5846428871154785,1.3029672459929826,1.0,0.04693794250488281
FLOW-OTHER-0164,OTHER,PROFILE-03-TUNNEL-AES128GCM-NOPFS-IPV4,3197914,54.8,True,1892.0,1892,AES-GCM,TUNNEL,4,False,False,"{""kind"": ""database""}",1892.0,1497288.0,54.71791195869446,0.02893596613363007,1.7080563183809259,0.08298097251585623,0.2087737843551797,9.263411156656568,34.57734281652114,27363.76346250703,0.0,0.0,0.8051330138223242,791.3784355179704,390.5381695309114,0.4934910429740199,0.22568710359408034,0.0,0.2040691375732422,4.351111760118042,1.0,0.004456043243408203
FLOW-OTHER-0165,OTHER,PROFILE-04-TRANSPORT-AES256CBC-PFS-IPV6,5603650,12.8,True,20.0,20,AES-CBC,TRANSPORT,6,False,False,"{""kind"": ""dns_like""}",20.0,5176.0,11.714833974838257,0.6165702092020136,1.319532839089174,0.65,0.0,1.679089026915114,1.7072371698102649,441.8329795468965,1.5304866858891077,0.0,0.2534775888717156,258.8,78.96936114721963,0.30513663503562455,0.5,0.2631578947368421,2.9853949546813965,2.15887184844536,6.0,0.04473686218261719
FLOW-OTHER-0166,OTHER,PROFILE-05-TUNNEL-3DESCBC-NOPFS-IPV4,2279569,50.7,False,538.0,538,3DES,TUNNEL,4,False,False,"{""kind"": ""background_sync""}",538.0,548972.0,49.25706601142883,0.0917263799095509,5.15039098180032,0.3271375464684015,0.637546468401487,0.3054350720998364,10.922290821689845,11145.04058915375,2.422688358708432,0.0,0.5320562797374,1020.3940520446097,655.8007059408937,0.6426935796291994,0.5947955390334573,0.0335195530726257,3.766631841659546,1.3197836419681008,19.0,0.0011360645294189453
FLOW-OTHER-0167,OTHER,PROFILE-06-TUNNEL-AES256GCM-PFS-IPV6,3835558,14.0,False,184.0,184,AES-GCM,TUNNEL,6,False,False,"{""kind"": ""background_sync""}",184.0,196952.0,11.751667022705078,0.064216759686913,5.696327681863769,0.32608695652173914,0.6467391304347826,1.8827868852459015,15.657353092501564,16759.49459931722,1.9187453985214233,0.0,0.3062268979243673,1070.391304347826,654.4098063958047,0.6113743672408916,0.44565217391304346,0.0273224043715847,3.1619150638580322,1.2125411966165462,6.0,0.0014929771423339844
FLOW-OTHER-0168,OTHER,PROFILE-09-TUNNEL-NATT-CHACHA-IPV4,79340,35.5,True,1236.0,1236,CHACHA20,TUNNEL,4,False,True,"{""kind"": ""database""}",1236.0,1005380.0,35.48013091087341,0.028728850939978474,1.74774823889481,0.0784789644012945,0.23867313915857605,9.89370462672012,34.83639908502168,28336.423068041342,0.0,0.0,0.8164077264317969,813.4142394822006,395.20744615079036,0.48586246338934225,0.21440129449838188,0.0,0.20379090309143066,4.36846493437031,1.0,0.004185914993286133
FLOW-OTHER-0169,OTHER,PROFILE-01-TUNNEL-AES256GCM-PFS-IPV4,3054775,15.2,False,88.0,88,AES-GCM,TUNNEL,4,False,False,"{""kind"": ""ssh_interactive""}",88.0,18428.0,15.259188890457153,0.17539297575238108,1.0475172352824444,0.9431818181818182,0.0,1.3920041536863967,5.767016886135655,1207.665763383044,0.0,0.0,0.16388105057521163,209.4090909090909,48.593077594268976,0.23204855807986052,0.5,0.0,0.5714991092681885,1.486546661570321,1.0,0.04882192611694336
FLOW-OTHER-0170,OTHER,PROFILE-02-TRANSPORT-AES128CBC-PFS-IPV4,8585021,44.8,True,271.0,271,AES-CBC,TRANSPORT,4,False,False,"{""kind"": ""background_sync""}",271.0,269830.0,43.02646589279175,0.15935728108441388,3.967293564990179,0.33948339483394835,0.6199261992619927,0.588113427424576,6.298448974992408,6271.256409307017,2.432211819817038,0.0,0.2593558907460253,995.6826568265683,651.5523804417884,0.6543775529026596,0.5498154981549815,0.05925925925925926,3.810257911682129,1.4525116468260668,17.0,0.0018150806427001953
FLOW-OTHER-0171,OTHER,PROFILE-03-TUNNEL-AES128GCM-NOPFS-IPV4,1345012,45.4,False,264.0,264,AES-GCM,TUNNEL,4,False,False,"{""kind"": ""ssh_interactive""}",264.0,53532.0,45.067079067230225,0.17135771508452557,1.0380161024236527,0.9621212121212122,0.0,1.267152295442995,5.857934560306643,1187.8293669785426,0.0,0.0,0.11783606067398937,202.77272727272728,44.4270922852894,0.2190979668855339,0.5,0.0,0.5806920528411865,1.4612676028469564,1.0,0.04926800727844238
FLOW-OTHER-0172,OTHER,PROFILE-04-TRANSPORT-AES256CBC-PFS-IPV6,8708253,34.8,True,1305.0,1305,AES-CBC,TRANSPORT,6,False,False,"{""kind"": ""database""}",1305.0,1085014.0,34.744564056396484,0.026644604337727366,1.7782632596547667,0.056704980842911874,0.22375478927203066,9.346276342137886,37.55983232029498,31228.30950587934,0.0,0.0,0.8066937385139731,831.4283524904215,385.2011481812079,0.4633004720459609,0.20919540229885059,0.0,0.203171968460083,4.364498440978223,1.0,0.004297971725463867
FLOW-OTHER-0173,OTHER,PROFILE-05-TUNNEL-3DESCBC-NOPFS-IPV4,8069114,28.3,True,955.0,955,3DES,TUNNEL,4,False,False,"{""kind"": ""database""}",955.0,725786.0,28.43023991584778,0.029801090058540647,1.734059682633835,0.08167539267015707,0.18219895287958116,9.126775498814009,33.59099335168316,25528.662513868814,0.0,0.0,0.8025037683284053,759.9853403141361,380.91590336916084,0.5012148039746546,0.218848167539267,0.0,0.2037041187286377,4.328830663087239,1.0,0.004342079162597656
FLOW-OTHER-0174,OTHER,PROFILE-06-TUNNEL-AES256GCM-PFS-IPV6,7965876,21.7,False,777.0,777,AES-GCM,TUNNEL,6,False,False,"{""kind"": ""database""}",777.0,645298.0,21.78761601448059,0.028076824760928598,1.782362432475529,0.06048906048906049,0.23423423423423423,9.422489259295151,35.66246070628317,29617.65066775176,0.0,0.0,0.8081072620711671,830.4993564993565,387.2817428261811,0.4663239529270859,0.2097812097812098,0.0,0.199462890625,4.363176738804278,1.0,0.004258871078491211
FLOW-OTHER-0175,OTHER,PROFILE-09-TUNNEL-NATT-CHACHA-IPV4,5103063,26.0,True,2814.0,2814,CHACHA20,TUNNEL,4,False,True,"{""kind"": ""sftp_upload""}",2814.0,2957488.0,7.134603023529053,0.002536296844482422,0.49131574410755274,0.3333333333333333,0.6663113006396588,0.038880091499098636,394.41577768514526,414527.33813592215,0.0,0.0,0.925149992155505,1050.990760483298,659.9741993190288,0.6279543304600887,0.6666666666666666,0.0,0.0047299861907958984,0.9226724348261529,1.0,0.0027980804443359375
FLOW-OTHER-0176,OTHER,PROFILE-01-TUNNEL-AES256GCM-PFS-IPV4,4621207,14.4,True,969.0,969,AES-GCM,TUNNEL,4,False,False,"{""kind"": ""sftp_upload""}",969.0,1009974.0,1.9272210597991943,0.0019909308468999943,0.48588422177639307,0.3333333333333333,0.6656346749226006,0.03646181822659896,502.7964981354886,524057.16244364495,0.0,0.0,0.9296417531540415,1042.2848297213623,660.0311602449734,0.633254117707366,0.6666666666666666,0.0,0.003432035446166992,0.9294175762443015,1.0,0.002213001251220703
FLOW-OTHER-0177,OTHER,PROFILE-02-TRANSPORT-AES128CBC-PFS-IPV4,6312012,55.1,True,564.0,564,AES-CBC,TRANSPORT,4,False,False,"{""kind"": ""background_sync""}",564.0,571992.0,55.78494882583618,0.09908516665335024,5.241769944844071,0.3280141843971631,0.6382978723404256,0.5664404607371136,10.110253964036795,10253.51841382506,2.5914744649614607,0.0,0.27678009482650107,1014.1702127659574,651.4161546113266,0.6423144225807148,0.5478723404255319,0.037300177619893425,3.967500925064087,1.2656085364105962,22.0,0.0011401176452636719
FLOW-OTHER-0178,OTHER,PROFILE-03-TUNNEL-AES128GCM-NOPFS-IPV4,7961148,25.0,True,694.0,694,AES-GCM,TUNNEL,4,False,False,"{""kind"": ""sftp_upload""}",694.0,723140.0,0.23204493522644043,0.00033484117637292993,0.5511192262162186,0.33429394812680113,0.6657060518731989,0.03641809869147091,2990.80003328994,3116379.158607042,0.0,0.0,0.9297231518101613,1041.9884726224784,660.4402687376728,0.633826847503865,0.6671469740634006,0.0,0.0011680126190185547,0.9192534548782388,1.0,0.00038504600524902344
FLOW-OTHER-0179,OTHER,PROFILE-04-TRANSPORT-AES256CBC-PFS-IPV6,4453614,24.2,True,239.0,239,AES-CBC,TRANSPORT,6,False,False,"{""kind"": ""background_sync""}",239.0,253530.0,21.653093099594116,0.09097938277140385,5.897524321535098,0.3305439330543933,0.6485355648535565,0.48369011809595147,11.037684034364588,11708.719804319891,3.327800194422404,0.0,0.3479903758923994,1060.7949790794978,653.2819652854791,0.615841871586122,0.5564853556485355,0.025210084033613446,3.868246078491211,1.219181019003832,7.0,0.0008869171142578125
FLOW-OTHER-0180,OTHER,PROFILE-05-TUNNEL-3DESCBC-NOPFS-IPV4,1015134,46.6,True,444.0,444,3DES,TUNNEL,4,False,False,"{""kind"": ""background_sync""}",444.0,450472.0,49.08509302139282,0.11080156438237658,4.704744582153287,0.32882882882882886,0.6306306306306306,2.2784966739931005,9.045516116399961,9177.368774745322,2.3377620935440064,0.0,0.3899643041076915,1014.5765765765766,654.3591535186846,0.6449578756555256,0.43018018018018017,0.045146726862302484,3.911630868911743,1.3483314650196179,21.0,0.001085042953491211
FLOW-OTHER-0181,OTHER,PROFILE-06-TUNNEL-AES256GCM-PFS-IPV6,8754329,59.8,False,2036.0,2036,AES-GCM,TUNNEL,6,False,False,"{""kind"": ""database""}",2036.0,1670872.0,59.862170934677124,0.029416300213600553,1.7068582408457833,0.05992141453831041,0.22838899803536344,8.6705174209978,34.01146280213804,27911.984712737718,0.0,0.0,0.7931858335049005,820.664047151277,389.9314018358202,0.4751413238941882,0.22396856581532418,0.0,0.2047419548034668,4.37128228701206,1.0,0.004400968551635742
FLOW-OTHER-0182,OTHER,PROFILE-09-TUNNEL-NATT-CHACHA-IPV4,6442965,41.2,False,367.0,367,CHACHA20,TUNNEL,4,False,True,"{""kind"": ""background_sync""}",367.0,376146.0,40.349310874938965,0.11024401878398624,4.803572249758372,0.3242506811989101,0.6348773841961853,0.592570325334056,9.09557045813004,9322.240996032104,2.4553833305835724,0.0,0.25583151223195244,1024.9209809264305,656.3311550099079,0.6403724455095526,0.5395095367847411,0.04371584699453552,3.948092222213745,1.3183167349662237,17.0,0.0009479522705078125
FLOW-OTHER-0183,OTHER,PROFILE-01-TUNNEL-AES256GCM-PFS-IPV4,5388577,29.1,False,30.0,30,AES-GCM,TUNNEL,4,False,False,"{""kind"": ""dns_like""}",30.0,6512.0,26.988110065460205,0.9306244850158691,1.1109191978858584,0.8,0.0,1.8737864077669903,1.1116006243947574,241.29144220195533,1.986915111541748,0.0,0.30405405405405406,217.06666666666666,83.4437668266613,0.38441538771496303,0.5,0.41379310344827586,2.7244551181793213,1.9967916319816368,13.0,0.046051025390625
FLOW-OTHER-0184,OTHER,PROFILE-02-TRANSPORT-AES128CBC-PFS-IPV4,364472,11.5,True,2391.0,2391,AES-CBC,TRANSPORT,4,False,False,"{""kind"": ""sftp_upload""}",2391.0,2471638.0,2.62898588180542,0.001099994092805615,0.5017800391411712,0.3333333333333333,0.6662484316185696,0.035390230047805844,909.4761659039468,940148.8296706396,0.0,0.0,0.9316388564992122,1033.7256378084483,656.1381700596852,0.634731447166902,0.6666666666666666,0.0,0.0021970272064208984,0.9233483971331151,1.0,0.0012161731719970703
FLOW-OTHER-0185,OTHER,PROFILE-03-TUNNEL-AES128GCM-NOPFS-IPV4,1665475,38.1,True,1285.0,1285,AES-GCM,TUNNEL,4,False,False,"{""kind"": ""database""}",1285.0,1018902.0,38.19077706336975,0.02974359584374591,1.728191089673779,0.08015564202334631,0.21867704280155642,9.718740137600202,33.64686709222508,26679.268617900634,0.0,0.0,0.8134109070352202,792.9198443579767,393.8859310117624,0.4967537813745725,0.21867704280155642,0.0,0.2025279998779297,4.359763521429359,1.0,0.004355907440185547
FLOW-OTHER-0186,OTHER,PROFILE-04-TRANSPORT-AES256CBC-PFS-IPV6,7812722,29.0,True,323.0,323,AES-CBC,TRANSPORT,6,False,False,"{""kind"": ""background_sync""}",323.0,342146.0,30.072761058807373,0.09339366788449495,5.116556014862619,0.3219814241486068,0.6377708978328174,1.1746199216962425,10.74061671186003,11377.272586675113,2.326683759689331,0.0,0.08029905362038431,1059.2755417956657,647.8305077728107,0.6115788406429357,0.48297213622291024,0.034161490683229816,3.883888006210327,1.3012711582578298,12.0,0.0007331371307373047
FLOW-OTHER-0187,OTHER,PROFILE-05-TUNNEL-3DESCBC-NOPFS-IPV4,7331119,46.7,True,52.0,52,3DES,TUNNEL,4,False,False,"{""kind"": ""dns_like""}",52.0,10584.0,45.251250982284546,0.8872794310251871,1.173783472056951,0.8461538461538461,0.0,1.7082906857727738,1.1491395015876473,233.89408624622422,2.003348884128389,0.0,0.2615268329554044,203.53846153846155,74.19788031869227,0.3645398503941797,0.5,0.4117647058823529,2.877542018890381,1.6490736707746094,22.0,0.04878997802734375
FLOW-OTHER-0188,OTHER,PROFILE-06-TUNNEL-AES256GCM-PFS-IPV6,8998615,44.8,True,1509.0,1509,AES-GCM,TUNNEL,6,False,False,"{""kind"": ""database""}",1509.0,1214322.0,44.86166286468506,0.02974911330549407,1.6836486569427211,0.05500331345261763,0.2147117296222664,8.101771901421118,33.6367379994708,27068.145103375336,0.0,0.0,0.780262566271549,804.7196819085488,389.3509496308283,0.4838342572998924,0.23194168323392975,0.0,0.20328593254089355,4.335053747833729,1.0,0.004534006118774414
FLOW-OTHER-0189,OTHER,PROFILE-09-TUNNEL-NATT-CHACHA-IPV4,7913578,54.0,False,1101.0,1101,CHACHA20,TUNNEL,4,False,True,"{""kind"": ""sftp_upload""}",1101.0,1157454.0,0.33924198150634766,0.00030840180136940695,0.6178482566700872,0.3333333333333333,0.6666666666666666,0.0388691628042235,3245.4709617930907,3411883.148602416,0.0,0.0,0.9251702443466436,1051.2752043596731,659.9280405636206,0.6277405172564492,0.6666666666666666,0.0,0.0024061203002929688,0.928251645212377,1.0,0.0003528594970703125
FLOW-OTHER-0190,OTHER,PROFILE-01-TUNNEL-AES256GCM-PFS-IPV4,619110,14.5,True,24.0,24,AES-GCM,TUNNEL,4,False,False,"{""kind"": ""dns_like""}",24.0,5620.0,14.197048902511597,0.6172629957613738,1.2141807558827054,0.7083333333333334,0.0,1.9089026915113871,1.6904921695208197,395.85691636279194,1.4755022525787354,0.0,0.3124555160142349,234.16666666666666,87.66967675440706,0.37439007866650703,0.5,0.2608695652173913,2.833077907562256,1.8824373408045867,7.0,0.04545283317565918
FLOW-OTHER-0191,OTHER,PROFILE-02-TRANSPORT-AES128CBC-PFS-IPV4,7829390,33.1,True,222.0,222,AES-CBC,TRANSPORT,4,False,False,"{""kind"": ""ssh_interactive""}",222.0,44444.0,32.89807605743408,0.14886007265807277,1.0825867642910658,1.0,0.0,1.3025593202776915,6.7481149843665085,1350.9604611044374,0.0,0.0,0.13140131401314015,200.19819819819818,43.78074360112015,0.21868700115760675,0.5,0.0,0.5597820281982422,1.391256872883214,1.0,0.04839611053466797
FLOW-OTHER-0192,OTHER,PROFILE-03-TUNNEL-AES128GCM-NOPFS-IPV4,2748220,48.2,True,274.0,274,AES-GCM,TUNNEL,4,False,False,"{""kind"": ""ssh_interactive""}",274.0,55424.0,48.120007038116455,0.17626376204438263,1.0541599363131544,0.9744525547445255,0.0,1.272034106747561,5.694097255284298,1151.78703020758,0.0,0.0,0.11973152424942266,202.27737226277372,41.939603764197834,0.207337100017866,0.5,0.0,0.5683979988098145,1.4446383109970125,1.0,0.0462648868560791
FLOW-OTHER-0193,OTHER,PROFILE-04-TRANSPORT-AES256CBC-PFS-IPV6,4596566,48.5,True,58.0,58,AES-CBC,TRANSPORT,6,False,False,"{""kind"": ""dns_like""}",58.0,14780.0,48.67735004425049,0.8539885972675524,1.1307279085512314,0.7068965517241379,0.0,1.7020109689213894,1.1915192578740357,303.6319764030732,1.8018343907136183,0.0,0.2598105548037889,254.82758620689654,82.88174748753427,0.3252463703840993,0.5,0.40350877192982454,2.9543399810791016,2.1387416823547465,24.0,0.04916501045227051
FLOW-OTHER-0194,OTHER,PROFILE-05-TUNNEL-3DESCBC-NOPFS-IPV4,5560792,57.1,False,301.0,301,3DES,TUNNEL,4,False,False,"{""kind"": ""background_sync""}",301.0,299822.0,54.776395082473755,0.18258798360824585,3.5734265380134,0.3222591362126246,0.6046511627906976,1.99810007599696,5.495067712046423,5473.562098209909,2.291712812755419,0.0,0.33291086044386337,996.0863787375415,648.5024551990373,0.651050419965547,0.4318936877076412,0.07333333333333333,3.614100933074951,1.608003037878532,23.0,0.0006659030914306641
FLOW-OTHER-0195,OTHER,PROFILE-06-TUNNEL-AES256GCM-PFS-IPV6,9758922,23.3,True,144.0,144,AES-GCM,TUNNEL,6,False,False,"{""kind"": ""ssh_interactive""}",144.0,35316.0,23.304374933242798,0.16296765687582376,1.10624901211624,0.8402777777777778,0.0,1.2420010157440324,6.179097290208351,1515.4236104235981,0.0,0.0,0.1079397440253709,245.25,45.188417272079306,0.1842545046771837,0.5,0.0,0.5724470615386963,1.5567819296965915,1.0,0.048043012619018555
FLOW-OTHER-0196,OTHER,PROFILE-09-TUNNEL-NATT-CHACHA-IPV4,5840434,5.3,True,8.0,8,CHACHA20,TUNNEL,4,False,True,"{""kind"": ""dns_like""}",8.0,1920.0,5.451559066772461,0.7787941523960659,1.1138009656192593,0.75,0.0,1.8571428571428572,1.467470113047187,352.19282713132486,1.7665855884552002,0.0,0.3,240.0,91.86947262284681,0.38278946926186175,0.5,0.42857142857142855,2.044696807861328,1.75,4.0,0.0495600700378418
FLOW-OTHER-0197,OTHER,PROFILE-01-TUNNEL-AES256GCM-PFS-IPV4,5490935,11.4,True,14.0,14,AES-GCM,TUNNEL,4,False,False,"{""kind"": ""dns_like""}",14.0,2988.0,12.077342987060547,0.9290263836200421,1.1830584464602283,0.7857142857142857,0.0,1.912280701754386,1.1591953639968124,247.40541054446254,1.9799521366755168,0.0,0.3132530120481927,213.42857142857142,89.14652007126429,0.41768784504608436,0.5,0.46153846153846156,2.8949990272521973,1.950212064914747,7.0,0.041079044342041016
FLOW-OTHER-0198,OTHER,PROFILE-02-TRANSPORT-AES128CBC-PFS-IPV4,4040232,56.4,True,2053.0,2053,AES-CBC,TRANSPORT,4,False,False,"{""kind"": ""sftp_upload""}",2053.0,2122914.0,0.7981319427490234,0.00038895318847418297,0.5460302085506685,0.33317096931320017,0.6663419386264003,0.03536073273150248,2572.2564027807316,2659853.4481504406,0.0,0.0,0.9316938886831968,1034.0545543107648,656.039914305659,0.6344345291752364,0.6668290306867998,0.0,0.0015621185302734375,0.9239108197823174,1.0,0.0004520416259765625
FLOW-OTHER-0199,OTHER,PROFILE-03-TUNNEL-AES128GCM-NOPFS-IPV4,8697314,43.8,True,266.0,266,AES-GCM,TUNNEL,4,False,False,"{""kind"": ""ssh_interactive""}",266.0,55336.0,43.368757009506226,0.16365568682832538,1.0480605655605186,0.9548872180451128,0.0,1.3070124239139498,6.133447632397997,1275.9415721292314,0.0,0.0,0.13307792395547202,208.0300751879699,45.36931821542718,0.21809018803859387,0.5,0.0,0.567147970199585,1.4963318643209114,1.0,0.048388004302978516
FLOW-OTHER-0200,OTHER,PROFILE-04-TRANSPORT-AES256CBC-PFS-IPV6,280713,24.9,True,284.0,284,AES-CBC,TRANSPORT,6,False,False,"{""kind"": ""background_sync""}",284.0,296408.0,25.181689023971558,0.08898123330025286,5.048468830869935,0.323943661971831,0.6267605633802817,1.4904049739539573,11.278036184532654,11770.775173890686,2.072683811187744,0.0,0.1969177620037246,1043.6901408450703,652.4860063590223,0.6251721471956302,0.45774647887323944,0.028268551236749116,3.680743932723999,1.400494131700017,9.0,0.0009629726409912109
